2026-07-08 00:24:22,639 [DEBUG] MT4 dir not found: C:\Users\Administrator\AppData\Roaming\MetaQuotes\Terminal\3773AE10556A00F3D812544D7EDDAB90\MQL4\Files\RSI_Advanced_Logs
2026-07-08 00:24:22,639 [DEBUG] MT4 dir not found: C:\Users\Administrator\AppData\Roaming\MetaQuotes\Terminal\2191F4A3D14D7B4B1EBB84F924777883\MQL4\Files\RSI_Advanced_Logs
2026-07-08 00:24:22,640 [DEBUG] MT4 dir not found: C:\Users\Administrator\AppData\Roaming\MetaQuotes\Terminal\6F841180CC7A5B4E481813CAFF4002B0\MQL4\Files\RSI_Advanced_Logs
2026-07-08 00:24:22,640 [DEBUG] MT4 dir not found: C:\Users\Administrator\AppData\Roaming\MetaQuotes\Terminal\199CEC8D3EDFD7196CB34026FC926413\MQL4\Files\RSI_Advanced_Logs
2026-07-08 00:24:22,640 [DEBUG] MT5 dir not found: C:\Users\Administrator\AppData\Roaming\MetaQuotes\Terminal\D3966AA92A61BDC959A1092A330FDFD3\MQL5\Files\RSI_Advanced_Logs
2026-07-08 00:24:58,505 [INFO] Config loaded: 4 MT4 + 1 MT5 terminals, TFs=['M5', 'M15', 'M30', 'H1', 'H4', 'D1']
2026-07-08 00:24:58,507 [INFO] Tray service started
2026-07-08 00:25:03,517 [DEBUG] MT4 dir not found: C:\Users\Administrator\AppData\Roaming\MetaQuotes\Terminal\3773AE10556A00F3D812544D7EDDAB90\MQL4\Files\RSI_Advanced_Logs
2026-07-08 00:25:03,517 [DEBUG] MT4 dir not found: C:\Users\Administrator\AppData\Roaming\MetaQuotes\Terminal\2191F4A3D14D7B4B1EBB84F924777883\MQL4\Files\RSI_Advanced_Logs
2026-07-08 00:25:03,517 [DEBUG] MT4 dir not found: C:\Users\Administrator\AppData\Roaming\MetaQuotes\Terminal\6F841180CC7A5B4E481813CAFF4002B0\MQL4\Files\RSI_Advanced_Logs
2026-07-08 00:25:03,518 [DEBUG] MT4 dir not found: C:\Users\Administrator\AppData\Roaming\MetaQuotes\Terminal\199CEC8D3EDFD7196CB34026FC926413\MQL4\Files\RSI_Advanced_Logs
2026-07-08 00:25:03,518 [DEBUG] MT5 dir not found: C:\Users\Administrator\AppData\Roaming\MetaQuotes\Terminal\D3966AA92A61BDC959A1092A330FDFD3\MQL5\Files\RSI_Advanced_Logs
2026-07-08 00:25:03,518 [WARNING] No terminal data directories found. Check xgb_config.json terminal IDs.
2026-07-08 01:15:50,867 [INFO] Config loaded: 4 MT4 + 1 MT5 terminals, TFs=['M5', 'M15', 'M30', 'H1', 'H4', 'D1']
2026-07-08 01:15:50,867 [DEBUG] MT4 dir not found: C:\Users\Administrator\AppData\Roaming\MetaQuotes\Terminal\3773AE10556A00F3D812544D7EDDAB90\MQL4\Files\RSI_Advanced_Logs
2026-07-08 01:15:50,867 [DEBUG] MT4 dir not found: C:\Users\Administrator\AppData\Roaming\MetaQuotes\Terminal\2191F4A3D14D7B4B1EBB84F924777883\MQL4\Files\RSI_Advanced_Logs
2026-07-08 01:15:50,867 [DEBUG] MT4 dir not found: C:\Users\Administrator\AppData\Roaming\MetaQuotes\Terminal\6F841180CC7A5B4E481813CAFF4002B0\MQL4\Files\RSI_Advanced_Logs
2026-07-08 01:15:50,867 [DEBUG] MT4 dir not found: C:\Users\Administrator\AppData\Roaming\MetaQuotes\Terminal\199CEC8D3EDFD7196CB34026FC926413\MQL4\Files\RSI_Advanced_Logs
2026-07-08 01:15:50,867 [DEBUG] MT5 dir not found: C:\Users\Administrator\AppData\Roaming\MetaQuotes\Terminal\D3966AA92A61BDC959A1092A330FDFD3\MQL5\Files\RSI_Advanced_Logs
2026-07-08 01:15:50,867 [WARNING] No terminal data directories found. Check xgb_config.json terminal IDs.
2026-07-08 01:16:14,747 [INFO] Config loaded: 4 MT4 + 1 MT5 terminals, TFs=['M5', 'M15', 'M30', 'H1', 'H4', 'D1']
2026-07-08 01:16:14,750 [INFO] Tray service started
2026-07-08 01:16:19,762 [DEBUG] MT4 dir not found: C:\Users\Administrator\AppData\Roaming\MetaQuotes\Terminal\3773AE10556A00F3D812544D7EDDAB90\MQL4\Files\RSI_Advanced_Logs
2026-07-08 01:16:19,763 [DEBUG] MT4 dir not found: C:\Users\Administrator\AppData\Roaming\MetaQuotes\Terminal\2191F4A3D14D7B4B1EBB84F924777883\MQL4\Files\RSI_Advanced_Logs
2026-07-08 01:16:19,763 [DEBUG] MT4 dir not found: C:\Users\Administrator\AppData\Roaming\MetaQuotes\Terminal\6F841180CC7A5B4E481813CAFF4002B0\MQL4\Files\RSI_Advanced_Logs
2026-07-08 01:16:19,763 [DEBUG] MT4 dir not found: C:\Users\Administrator\AppData\Roaming\MetaQuotes\Terminal\199CEC8D3EDFD7196CB34026FC926413\MQL4\Files\RSI_Advanced_Logs
2026-07-08 01:16:19,763 [DEBUG] MT5 dir not found: C:\Users\Administrator\AppData\Roaming\MetaQuotes\Terminal\D3966AA92A61BDC959A1092A330FDFD3\MQL5\Files\RSI_Advanced_Logs
2026-07-08 01:16:19,763 [WARNING] No terminal data directories found. Check xgb_config.json terminal IDs.
2026-07-08 01:18:27,643 [INFO] Service stopping...
2026-07-08 01:19:03,388 [INFO] Config loaded: 4 MT4 + 1 MT5 terminals, TFs=['M5', 'M15', 'M30', 'H1', 'H4', 'D1']
2026-07-08 01:19:03,400 [INFO] Tray service started
2026-07-08 01:19:08,400 [INFO] Scanning 5 directories for TFs: ['M5', 'M15', 'M30', 'H1', 'H4', 'D1']
2026-07-08 01:19:11,767 [INFO] Found 22 symbol+TF pairs with data
2026-07-08 01:19:11,767 [INFO]   BTCUSD_D1: 0 resolved signals
2026-07-08 01:19:11,767 [INFO]   BTCUSD_H1: 93 resolved signals
2026-07-08 01:19:11,767 [INFO]   BTCUSD_H4: 0 resolved signals
2026-07-08 01:19:11,767 [INFO]   BTCUSD_M30: 52 resolved signals
2026-07-08 01:19:11,767 [INFO]   BTCUSD_M5: 67 resolved signals
2026-07-08 01:19:11,767 [INFO]   EURUSDc_D1: 43 resolved signals
2026-07-08 01:19:11,767 [INFO]   EURUSDc_H1: 50 resolved signals
2026-07-08 01:19:11,767 [INFO]   EURUSDc_H4: 96 resolved signals
2026-07-08 01:19:11,767 [INFO]   EURUSDc_M15: 0 resolved signals
2026-07-08 01:19:11,767 [INFO]   EURUSDc_M30: 0 resolved signals
2026-07-08 01:19:11,767 [INFO]   XAUUSD_D1: 44 resolved signals
2026-07-08 01:19:11,767 [INFO]   XAUUSD_H1: 9 resolved signals
2026-07-08 01:19:11,767 [INFO]   XAUUSD_H4: 73 resolved signals
2026-07-08 01:19:11,767 [INFO]   XAUUSD_M15: 98 resolved signals
2026-07-08 01:19:11,767 [INFO]   XAUUSD_M30: 69 resolved signals
2026-07-08 01:19:11,767 [INFO]   XAUUSD_M5: 79 resolved signals
2026-07-08 01:19:11,767 [INFO]   XAUUSDc_D1: 59 resolved signals
2026-07-08 01:19:11,767 [INFO]   XAUUSDc_H1: 76 resolved signals
2026-07-08 01:19:11,767 [INFO]   XAUUSDc_H4: 78 resolved signals
2026-07-08 01:19:11,767 [INFO]   XAUUSDc_M15: 10 resolved signals
2026-07-08 01:19:11,767 [INFO]   XAUUSDc_M30: 69 resolved signals
2026-07-08 01:19:11,767 [INFO]   XAUUSDc_M5: 21 resolved signals
2026-07-08 01:19:11,767 [DEBUG]   BTCUSD_D1: skip — only 0/150 signals
2026-07-08 01:19:11,767 [DEBUG]   BTCUSD_H1: skip — only 93/150 signals
2026-07-08 01:19:11,767 [DEBUG]   BTCUSD_H4: skip — only 0/150 signals
2026-07-08 01:19:11,767 [DEBUG]   BTCUSD_M30: skip — only 52/150 signals
2026-07-08 01:19:11,767 [DEBUG]   BTCUSD_M5: skip — only 67/150 signals
2026-07-08 01:19:11,767 [DEBUG]   EURUSDc_D1: skip — only 43/150 signals
2026-07-08 01:19:11,767 [DEBUG]   EURUSDc_H1: skip — only 50/150 signals
2026-07-08 01:19:11,767 [DEBUG]   EURUSDc_H4: skip — only 96/150 signals
2026-07-08 01:19:11,767 [DEBUG]   EURUSDc_M15: skip — only 0/150 signals
2026-07-08 01:19:11,767 [DEBUG]   EURUSDc_M30: skip — only 0/150 signals
2026-07-08 01:19:11,767 [DEBUG]   XAUUSD_D1: skip — only 44/150 signals
2026-07-08 01:19:11,767 [DEBUG]   XAUUSD_H1: skip — only 9/150 signals
2026-07-08 01:19:11,767 [DEBUG]   XAUUSD_H4: skip — only 73/150 signals
2026-07-08 01:19:11,767 [DEBUG]   XAUUSD_M15: skip — only 98/150 signals
2026-07-08 01:19:11,767 [DEBUG]   XAUUSD_M30: skip — only 69/150 signals
2026-07-08 01:19:11,767 [DEBUG]   XAUUSD_M5: skip — only 79/150 signals
2026-07-08 01:19:11,767 [DEBUG]   XAUUSDc_D1: skip — only 59/150 signals
2026-07-08 01:19:11,767 [DEBUG]   XAUUSDc_H1: skip — only 76/150 signals
2026-07-08 01:19:11,767 [DEBUG]   XAUUSDc_H4: skip — only 78/150 signals
2026-07-08 01:19:11,767 [DEBUG]   XAUUSDc_M15: skip — only 10/150 signals
2026-07-08 01:19:11,767 [DEBUG]   XAUUSDc_M30: skip — only 69/150 signals
2026-07-08 01:19:11,767 [DEBUG]   XAUUSDc_M5: skip — only 21/150 signals
2026-07-08 01:19:13,276 [INFO] Manual train triggered
2026-07-08 01:19:13,277 [INFO] Scanning 5 directories for TFs: ['M5', 'M15', 'M30', 'H1', 'H4', 'D1']
2026-07-08 01:19:13,329 [INFO] Found 22 symbol+TF pairs with data
2026-07-08 01:19:13,329 [INFO]   BTCUSD_D1: 0 resolved signals
2026-07-08 01:19:13,329 [INFO]   BTCUSD_H1: 93 resolved signals
2026-07-08 01:19:13,329 [INFO]   BTCUSD_H4: 0 resolved signals
2026-07-08 01:19:13,329 [INFO]   BTCUSD_M30: 52 resolved signals
2026-07-08 01:19:13,330 [INFO]   BTCUSD_M5: 67 resolved signals
2026-07-08 01:19:13,330 [INFO]   EURUSDc_D1: 43 resolved signals
2026-07-08 01:19:13,330 [INFO]   EURUSDc_H1: 50 resolved signals
2026-07-08 01:19:13,330 [INFO]   EURUSDc_H4: 96 resolved signals
2026-07-08 01:19:13,330 [INFO]   EURUSDc_M15: 0 resolved signals
2026-07-08 01:19:13,330 [INFO]   EURUSDc_M30: 0 resolved signals
2026-07-08 01:19:13,330 [INFO]   XAUUSD_D1: 44 resolved signals
2026-07-08 01:19:13,330 [INFO]   XAUUSD_H1: 9 resolved signals
2026-07-08 01:19:13,330 [INFO]   XAUUSD_H4: 73 resolved signals
2026-07-08 01:19:13,330 [INFO]   XAUUSD_M15: 98 resolved signals
2026-07-08 01:19:13,330 [INFO]   XAUUSD_M30: 69 resolved signals
2026-07-08 01:19:13,330 [INFO]   XAUUSD_M5: 79 resolved signals
2026-07-08 01:19:13,330 [INFO]   XAUUSDc_D1: 59 resolved signals
2026-07-08 01:19:13,330 [INFO]   XAUUSDc_H1: 76 resolved signals
2026-07-08 01:19:13,330 [INFO]   XAUUSDc_H4: 78 resolved signals
2026-07-08 01:19:13,330 [INFO]   XAUUSDc_M15: 10 resolved signals
2026-07-08 01:19:13,330 [INFO]   XAUUSDc_M30: 69 resolved signals
2026-07-08 01:19:13,330 [INFO]   XAUUSDc_M5: 21 resolved signals
2026-07-08 01:19:13,330 [INFO]   BTCUSD_D1: will train — forced
2026-07-08 01:19:13,330 [INFO] Training BTCUSD D1...
2026-07-08 01:19:13,330 [DEBUG] Command: C:\Users\Administrator\AppData\Local\Programs\Python\Python314\pythonw.exe D:\Thanh\Forex\RSI_Advanced\tools\rsi_xgboost_train.py --data-dir C:\Users\Administrator\AppData\Roaming\MetaQuotes\Terminal\3773AE10556A00F3D812544D7EDDAB90\MQL4\Files\RSI_Advanced_Logs C:\Users\Administrator\AppData\Roaming\MetaQuotes\Terminal\2191F4A3D14D7B4B1EBB84F924777883\MQL4\Files\RSI_Advanced_Logs C:\Users\Administrator\AppData\Roaming\MetaQuotes\Terminal\6F841180CC7A5B4E481813CAFF4002B0\MQL4\Files\RSI_Advanced_Logs...
2026-07-08 01:19:22,771 [INFO]   train: ============================================================
2026-07-08 01:19:22,771 [INFO]   train: Training model: BTCUSD_D1
2026-07-08 01:19:22,771 [INFO]   train: ============================================================
2026-07-08 01:19:22,771 [INFO]   train: Loading CSVs from 5 director(ies)
2026-07-08 01:19:22,771 [INFO]   train: Filter: symbol=BTCUSD
2026-07-08 01:19:22,771 [INFO]   train: Filter: tf=D1
2026-07-08 01:19:22,771 [INFO]   train: Signals: 62 rows
2026-07-08 01:19:22,771 [INFO]   train: Scoring: 1 rows
2026-07-08 01:19:22,771 [INFO]   train: Outcomes: 62 rows
2026-07-08 01:19:22,771 [INFO]   train: Resolved outcomes: 0
2026-07-08 01:19:22,771 [INFO]   train: Merged (joined): 0 rows
2026-07-08 01:19:22,771 [INFO]   train: SKIP: Only 0 resolved signals for BTCUSD_D1. Need 150.
2026-07-08 01:19:22,771 [INFO]   train: {
2026-07-08 01:19:22,771 [INFO]   train: "symbol": "BTCUSD",
2026-07-08 01:19:22,771 [INFO]   train: "tf": "D1",
2026-07-08 01:19:22,771 [INFO]   train: "status": "skip",
2026-07-08 01:19:22,771 [INFO]   train: "signals": 0,
2026-07-08 01:19:22,771 [INFO]   train: "message": "Only 0 resolved signals for BTCUSD_D1. Need 150."
2026-07-08 01:19:22,771 [INFO]   train: }
2026-07-08 01:19:22,771 [INFO]   BTCUSD_D1: PASS Brier=?, AUC=?
2026-07-08 01:19:22,771 [INFO]   BTCUSD_H1: will train — forced
2026-07-08 01:19:22,771 [INFO] Training BTCUSD H1...
2026-07-08 01:19:22,771 [DEBUG] Command: C:\Users\Administrator\AppData\Local\Programs\Python\Python314\pythonw.exe D:\Thanh\Forex\RSI_Advanced\tools\rsi_xgboost_train.py --data-dir C:\Users\Administrator\AppData\Roaming\MetaQuotes\Terminal\3773AE10556A00F3D812544D7EDDAB90\MQL4\Files\RSI_Advanced_Logs C:\Users\Administrator\AppData\Roaming\MetaQuotes\Terminal\2191F4A3D14D7B4B1EBB84F924777883\MQL4\Files\RSI_Advanced_Logs C:\Users\Administrator\AppData\Roaming\MetaQuotes\Terminal\6F841180CC7A5B4E481813CAFF4002B0\MQL4\Files\RSI_Advanced_Logs...
2026-07-08 01:19:24,326 [INFO]   train: ============================================================
2026-07-08 01:19:24,326 [INFO]   train: Training model: BTCUSD_H1
2026-07-08 01:19:24,326 [INFO]   train: ============================================================
2026-07-08 01:19:24,326 [INFO]   train: Loading CSVs from 5 director(ies)
2026-07-08 01:19:24,326 [INFO]   train: Filter: symbol=BTCUSD
2026-07-08 01:19:24,326 [INFO]   train: Filter: tf=H1
2026-07-08 01:19:24,326 [INFO]   train: Signals: 262 rows
2026-07-08 01:19:24,326 [INFO]   train: Scoring: 11 rows
2026-07-08 01:19:24,326 [INFO]   train: Outcomes: 355 rows
2026-07-08 01:19:24,326 [INFO]   train: Resolved outcomes: 32
2026-07-08 01:19:24,326 [INFO]   train: Merged (joined): 32 rows
2026-07-08 01:19:24,326 [INFO]   train: SKIP: Only 32 resolved signals for BTCUSD_H1. Need 150.
2026-07-08 01:19:24,326 [INFO]   train: {
2026-07-08 01:19:24,326 [INFO]   train: "symbol": "BTCUSD",
2026-07-08 01:19:24,326 [INFO]   train: "tf": "H1",
2026-07-08 01:19:24,326 [INFO]   train: "status": "skip",
2026-07-08 01:19:24,326 [INFO]   train: "signals": 32,
2026-07-08 01:19:24,326 [INFO]   train: "message": "Only 32 resolved signals for BTCUSD_H1. Need 150."
2026-07-08 01:19:24,326 [INFO]   train: }
2026-07-08 01:19:24,326 [INFO]   BTCUSD_H1: PASS Brier=?, AUC=?
2026-07-08 01:19:24,327 [INFO]   BTCUSD_H4: will train — forced
2026-07-08 01:19:24,327 [INFO] Training BTCUSD H4...
2026-07-08 01:19:24,327 [DEBUG] Command: C:\Users\Administrator\AppData\Local\Programs\Python\Python314\pythonw.exe D:\Thanh\Forex\RSI_Advanced\tools\rsi_xgboost_train.py --data-dir C:\Users\Administrator\AppData\Roaming\MetaQuotes\Terminal\3773AE10556A00F3D812544D7EDDAB90\MQL4\Files\RSI_Advanced_Logs C:\Users\Administrator\AppData\Roaming\MetaQuotes\Terminal\2191F4A3D14D7B4B1EBB84F924777883\MQL4\Files\RSI_Advanced_Logs C:\Users\Administrator\AppData\Roaming\MetaQuotes\Terminal\6F841180CC7A5B4E481813CAFF4002B0\MQL4\Files\RSI_Advanced_Logs...
2026-07-08 01:19:25,816 [INFO]   train: ============================================================
2026-07-08 01:19:25,817 [INFO]   train: Training model: BTCUSD_H4
2026-07-08 01:19:25,817 [INFO]   train: ============================================================
2026-07-08 01:19:25,817 [INFO]   train: Loading CSVs from 5 director(ies)
2026-07-08 01:19:25,817 [INFO]   train: Filter: symbol=BTCUSD
2026-07-08 01:19:25,817 [INFO]   train: Filter: tf=H4
2026-07-08 01:19:25,817 [INFO]   train: Signals: 81 rows
2026-07-08 01:19:25,817 [INFO]   train: Scoring: 1 rows
2026-07-08 01:19:25,817 [INFO]   train: Outcomes: 81 rows
2026-07-08 01:19:25,817 [INFO]   train: Resolved outcomes: 0
2026-07-08 01:19:25,817 [INFO]   train: Merged (joined): 0 rows
2026-07-08 01:19:25,817 [INFO]   train: SKIP: Only 0 resolved signals for BTCUSD_H4. Need 150.
2026-07-08 01:19:25,817 [INFO]   train: {
2026-07-08 01:19:25,817 [INFO]   train: "symbol": "BTCUSD",
2026-07-08 01:19:25,817 [INFO]   train: "tf": "H4",
2026-07-08 01:19:25,817 [INFO]   train: "status": "skip",
2026-07-08 01:19:25,817 [INFO]   train: "signals": 0,
2026-07-08 01:19:25,817 [INFO]   train: "message": "Only 0 resolved signals for BTCUSD_H4. Need 150."
2026-07-08 01:19:25,817 [INFO]   train: }
2026-07-08 01:19:25,817 [INFO]   BTCUSD_H4: PASS Brier=?, AUC=?
2026-07-08 01:19:25,817 [INFO]   BTCUSD_M30: will train — forced
2026-07-08 01:19:25,817 [INFO] Training BTCUSD M30...
2026-07-08 01:19:25,817 [DEBUG] Command: C:\Users\Administrator\AppData\Local\Programs\Python\Python314\pythonw.exe D:\Thanh\Forex\RSI_Advanced\tools\rsi_xgboost_train.py --data-dir C:\Users\Administrator\AppData\Roaming\MetaQuotes\Terminal\3773AE10556A00F3D812544D7EDDAB90\MQL4\Files\RSI_Advanced_Logs C:\Users\Administrator\AppData\Roaming\MetaQuotes\Terminal\2191F4A3D14D7B4B1EBB84F924777883\MQL4\Files\RSI_Advanced_Logs C:\Users\Administrator\AppData\Roaming\MetaQuotes\Terminal\6F841180CC7A5B4E481813CAFF4002B0\MQL4\Files\RSI_Advanced_Logs...
2026-07-08 01:19:27,320 [INFO]   train: ============================================================
2026-07-08 01:19:27,320 [INFO]   train: Training model: BTCUSD_M30
2026-07-08 01:19:27,320 [INFO]   train: ============================================================
2026-07-08 01:19:27,320 [INFO]   train: Loading CSVs from 5 director(ies)
2026-07-08 01:19:27,320 [INFO]   train: Filter: symbol=BTCUSD
2026-07-08 01:19:27,320 [INFO]   train: Filter: tf=M30
2026-07-08 01:19:27,320 [INFO]   train: Signals: 9590 rows
2026-07-08 01:19:27,320 [INFO]   train: Scoring: 1 rows
2026-07-08 01:19:27,321 [INFO]   train: Outcomes: 9642 rows
2026-07-08 01:19:27,321 [INFO]   train: Resolved outcomes: 50
2026-07-08 01:19:27,321 [INFO]   train: Merged (joined): 50 rows
2026-07-08 01:19:27,321 [INFO]   train: SKIP: Only 50 resolved signals for BTCUSD_M30. Need 150.
2026-07-08 01:19:27,321 [INFO]   train: {
2026-07-08 01:19:27,321 [INFO]   train: "symbol": "BTCUSD",
2026-07-08 01:19:27,321 [INFO]   train: "tf": "M30",
2026-07-08 01:19:27,321 [INFO]   train: "status": "skip",
2026-07-08 01:19:27,321 [INFO]   train: "signals": 50,
2026-07-08 01:19:27,321 [INFO]   train: "message": "Only 50 resolved signals for BTCUSD_M30. Need 150."
2026-07-08 01:19:27,321 [INFO]   train: }
2026-07-08 01:19:27,321 [INFO]   BTCUSD_M30: PASS Brier=?, AUC=?
2026-07-08 01:19:27,321 [INFO]   BTCUSD_M5: will train — forced
2026-07-08 01:19:27,321 [INFO] Training BTCUSD M5...
2026-07-08 01:19:27,321 [DEBUG] Command: C:\Users\Administrator\AppData\Local\Programs\Python\Python314\pythonw.exe D:\Thanh\Forex\RSI_Advanced\tools\rsi_xgboost_train.py --data-dir C:\Users\Administrator\AppData\Roaming\MetaQuotes\Terminal\3773AE10556A00F3D812544D7EDDAB90\MQL4\Files\RSI_Advanced_Logs C:\Users\Administrator\AppData\Roaming\MetaQuotes\Terminal\2191F4A3D14D7B4B1EBB84F924777883\MQL4\Files\RSI_Advanced_Logs C:\Users\Administrator\AppData\Roaming\MetaQuotes\Terminal\6F841180CC7A5B4E481813CAFF4002B0\MQL4\Files\RSI_Advanced_Logs...
2026-07-08 01:19:28,861 [INFO]   train: ============================================================
2026-07-08 01:19:28,861 [INFO]   train: Training model: BTCUSD_M5
2026-07-08 01:19:28,861 [INFO]   train: ============================================================
2026-07-08 01:19:28,861 [INFO]   train: Loading CSVs from 5 director(ies)
2026-07-08 01:19:28,861 [INFO]   train: Filter: symbol=BTCUSD
2026-07-08 01:19:28,861 [INFO]   train: Filter: tf=M5
2026-07-08 01:19:28,861 [INFO]   train: Signals: 145 rows
2026-07-08 01:19:28,861 [INFO]   train: Scoring: 33 rows
2026-07-08 01:19:28,861 [INFO]   train: Outcomes: 212 rows
2026-07-08 01:19:28,861 [INFO]   train: Resolved outcomes: 50
2026-07-08 01:19:28,861 [INFO]   train: Merged (joined): 50 rows
2026-07-08 01:19:28,861 [INFO]   train: SKIP: Only 50 resolved signals for BTCUSD_M5. Need 150.
2026-07-08 01:19:28,861 [INFO]   train: {
2026-07-08 01:19:28,861 [INFO]   train: "symbol": "BTCUSD",
2026-07-08 01:19:28,861 [INFO]   train: "tf": "M5",
2026-07-08 01:19:28,861 [INFO]   train: "status": "skip",
2026-07-08 01:19:28,861 [INFO]   train: "signals": 50,
2026-07-08 01:19:28,861 [INFO]   train: "message": "Only 50 resolved signals for BTCUSD_M5. Need 150."
2026-07-08 01:19:28,861 [INFO]   train: }
2026-07-08 01:19:28,861 [INFO]   BTCUSD_M5: PASS Brier=?, AUC=?
2026-07-08 01:19:28,861 [INFO]   EURUSDc_D1: will train — forced
2026-07-08 01:19:28,862 [INFO] Training EURUSDc D1...
2026-07-08 01:19:28,862 [DEBUG] Command: C:\Users\Administrator\AppData\Local\Programs\Python\Python314\pythonw.exe D:\Thanh\Forex\RSI_Advanced\tools\rsi_xgboost_train.py --data-dir C:\Users\Administrator\AppData\Roaming\MetaQuotes\Terminal\3773AE10556A00F3D812544D7EDDAB90\MQL4\Files\RSI_Advanced_Logs C:\Users\Administrator\AppData\Roaming\MetaQuotes\Terminal\2191F4A3D14D7B4B1EBB84F924777883\MQL4\Files\RSI_Advanced_Logs C:\Users\Administrator\AppData\Roaming\MetaQuotes\Terminal\6F841180CC7A5B4E481813CAFF4002B0\MQL4\Files\RSI_Advanced_Logs...
2026-07-08 01:19:30,344 [INFO]   train: ============================================================
2026-07-08 01:19:30,344 [INFO]   train: Training model: EURUSDc_D1
2026-07-08 01:19:30,344 [INFO]   train: ============================================================
2026-07-08 01:19:30,344 [INFO]   train: Loading CSVs from 5 director(ies)
2026-07-08 01:19:30,344 [INFO]   train: Filter: symbol=EURUSDc
2026-07-08 01:19:30,344 [INFO]   train: Filter: tf=D1
2026-07-08 01:19:30,344 [INFO]   train: Signals: 65 rows
2026-07-08 01:19:30,344 [INFO]   train: Scoring: 1 rows
2026-07-08 01:19:30,344 [INFO]   train: Outcomes: 108 rows
2026-07-08 01:19:30,344 [INFO]   train: Resolved outcomes: 41
2026-07-08 01:19:30,344 [INFO]   train: Merged (joined): 41 rows
2026-07-08 01:19:30,344 [INFO]   train: SKIP: Only 41 resolved signals for EURUSDc_D1. Need 150.
2026-07-08 01:19:30,344 [INFO]   train: {
2026-07-08 01:19:30,344 [INFO]   train: "symbol": "EURUSDc",
2026-07-08 01:19:30,344 [INFO]   train: "tf": "D1",
2026-07-08 01:19:30,344 [INFO]   train: "status": "skip",
2026-07-08 01:19:30,344 [INFO]   train: "signals": 41,
2026-07-08 01:19:30,344 [INFO]   train: "message": "Only 41 resolved signals for EURUSDc_D1. Need 150."
2026-07-08 01:19:30,344 [INFO]   train: }
2026-07-08 01:19:30,344 [INFO]   EURUSDc_D1: PASS Brier=?, AUC=?
2026-07-08 01:19:30,344 [INFO]   EURUSDc_H1: will train — forced
2026-07-08 01:19:30,344 [INFO] Training EURUSDc H1...
2026-07-08 01:19:30,344 [DEBUG] Command: C:\Users\Administrator\AppData\Local\Programs\Python\Python314\pythonw.exe D:\Thanh\Forex\RSI_Advanced\tools\rsi_xgboost_train.py --data-dir C:\Users\Administrator\AppData\Roaming\MetaQuotes\Terminal\3773AE10556A00F3D812544D7EDDAB90\MQL4\Files\RSI_Advanced_Logs C:\Users\Administrator\AppData\Roaming\MetaQuotes\Terminal\2191F4A3D14D7B4B1EBB84F924777883\MQL4\Files\RSI_Advanced_Logs C:\Users\Administrator\AppData\Roaming\MetaQuotes\Terminal\6F841180CC7A5B4E481813CAFF4002B0\MQL4\Files\RSI_Advanced_Logs...
2026-07-08 01:19:31,846 [INFO]   train: ============================================================
2026-07-08 01:19:31,846 [INFO]   train: Training model: EURUSDc_H1
2026-07-08 01:19:31,846 [INFO]   train: ============================================================
2026-07-08 01:19:31,846 [INFO]   train: Loading CSVs from 5 director(ies)
2026-07-08 01:19:31,846 [INFO]   train: Filter: symbol=EURUSDc
2026-07-08 01:19:31,846 [INFO]   train: Filter: tf=H1
2026-07-08 01:19:31,847 [INFO]   train: Signals: 57 rows
2026-07-08 01:19:31,847 [INFO]   train: Scoring: 1 rows
2026-07-08 01:19:31,847 [INFO]   train: Outcomes: 107 rows
2026-07-08 01:19:31,847 [INFO]   train: Resolved outcomes: 47
2026-07-08 01:19:31,847 [INFO]   train: Merged (joined): 47 rows
2026-07-08 01:19:31,847 [INFO]   train: SKIP: Only 47 resolved signals for EURUSDc_H1. Need 150.
2026-07-08 01:19:31,847 [INFO]   train: {
2026-07-08 01:19:31,847 [INFO]   train: "symbol": "EURUSDc",
2026-07-08 01:19:31,847 [INFO]   train: "tf": "H1",
2026-07-08 01:19:31,847 [INFO]   train: "status": "skip",
2026-07-08 01:19:31,847 [INFO]   train: "signals": 47,
2026-07-08 01:19:31,847 [INFO]   train: "message": "Only 47 resolved signals for EURUSDc_H1. Need 150."
2026-07-08 01:19:31,847 [INFO]   train: }
2026-07-08 01:19:31,847 [INFO]   EURUSDc_H1: PASS Brier=?, AUC=?
2026-07-08 01:19:31,847 [INFO]   EURUSDc_H4: will train — forced
2026-07-08 01:19:31,847 [INFO] Training EURUSDc H4...
2026-07-08 01:19:31,847 [DEBUG] Command: C:\Users\Administrator\AppData\Local\Programs\Python\Python314\pythonw.exe D:\Thanh\Forex\RSI_Advanced\tools\rsi_xgboost_train.py --data-dir C:\Users\Administrator\AppData\Roaming\MetaQuotes\Terminal\3773AE10556A00F3D812544D7EDDAB90\MQL4\Files\RSI_Advanced_Logs C:\Users\Administrator\AppData\Roaming\MetaQuotes\Terminal\2191F4A3D14D7B4B1EBB84F924777883\MQL4\Files\RSI_Advanced_Logs C:\Users\Administrator\AppData\Roaming\MetaQuotes\Terminal\6F841180CC7A5B4E481813CAFF4002B0\MQL4\Files\RSI_Advanced_Logs...
2026-07-08 01:19:33,322 [INFO]   train: ============================================================
2026-07-08 01:19:33,322 [INFO]   train: Training model: EURUSDc_H4
2026-07-08 01:19:33,322 [INFO]   train: ============================================================
2026-07-08 01:19:33,322 [INFO]   train: Loading CSVs from 5 director(ies)
2026-07-08 01:19:33,322 [INFO]   train: Filter: symbol=EURUSDc
2026-07-08 01:19:33,322 [INFO]   train: Filter: tf=H4
2026-07-08 01:19:33,322 [INFO]   train: Signals: 98 rows
2026-07-08 01:19:33,322 [INFO]   train: Scoring: 2 rows
2026-07-08 01:19:33,322 [INFO]   train: Outcomes: 194 rows
2026-07-08 01:19:33,322 [INFO]   train: Resolved outcomes: 96
2026-07-08 01:19:33,322 [INFO]   train: Merged (joined): 96 rows
2026-07-08 01:19:33,322 [INFO]   train: SKIP: Only 96 resolved signals for EURUSDc_H4. Need 150.
2026-07-08 01:19:33,322 [INFO]   train: {
2026-07-08 01:19:33,322 [INFO]   train: "symbol": "EURUSDc",
2026-07-08 01:19:33,322 [INFO]   train: "tf": "H4",
2026-07-08 01:19:33,322 [INFO]   train: "status": "skip",
2026-07-08 01:19:33,322 [INFO]   train: "signals": 96,
2026-07-08 01:19:33,322 [INFO]   train: "message": "Only 96 resolved signals for EURUSDc_H4. Need 150."
2026-07-08 01:19:33,322 [INFO]   train: }
2026-07-08 01:19:33,322 [INFO]   EURUSDc_H4: PASS Brier=?, AUC=?
2026-07-08 01:19:33,322 [INFO]   EURUSDc_M15: will train — forced
2026-07-08 01:19:33,322 [INFO] Training EURUSDc M15...
2026-07-08 01:19:33,322 [DEBUG] Command: C:\Users\Administrator\AppData\Local\Programs\Python\Python314\pythonw.exe D:\Thanh\Forex\RSI_Advanced\tools\rsi_xgboost_train.py --data-dir C:\Users\Administrator\AppData\Roaming\MetaQuotes\Terminal\3773AE10556A00F3D812544D7EDDAB90\MQL4\Files\RSI_Advanced_Logs C:\Users\Administrator\AppData\Roaming\MetaQuotes\Terminal\2191F4A3D14D7B4B1EBB84F924777883\MQL4\Files\RSI_Advanced_Logs C:\Users\Administrator\AppData\Roaming\MetaQuotes\Terminal\6F841180CC7A5B4E481813CAFF4002B0\MQL4\Files\RSI_Advanced_Logs...
2026-07-08 01:19:34,815 [INFO]   train: ============================================================
2026-07-08 01:19:34,815 [INFO]   train: Training model: EURUSDc_M15
2026-07-08 01:19:34,815 [INFO]   train: ============================================================
2026-07-08 01:19:34,815 [INFO]   train: Loading CSVs from 5 director(ies)
2026-07-08 01:19:34,815 [INFO]   train: Filter: symbol=EURUSDc
2026-07-08 01:19:34,815 [INFO]   train: Filter: tf=M15
2026-07-08 01:19:34,815 [INFO]   train: Signals: 99 rows
2026-07-08 01:19:34,815 [INFO]   train: Scoring: 1 rows
2026-07-08 01:19:34,815 [INFO]   train: Outcomes: 99 rows
2026-07-08 01:19:34,815 [INFO]   train: Resolved outcomes: 0
2026-07-08 01:19:34,815 [INFO]   train: Merged (joined): 0 rows
2026-07-08 01:19:34,815 [INFO]   train: SKIP: Only 0 resolved signals for EURUSDc_M15. Need 150.
2026-07-08 01:19:34,815 [INFO]   train: {
2026-07-08 01:19:34,815 [INFO]   train: "symbol": "EURUSDc",
2026-07-08 01:19:34,815 [INFO]   train: "tf": "M15",
2026-07-08 01:19:34,815 [INFO]   train: "status": "skip",
2026-07-08 01:19:34,815 [INFO]   train: "signals": 0,
2026-07-08 01:19:34,816 [INFO]   train: "message": "Only 0 resolved signals for EURUSDc_M15. Need 150."
2026-07-08 01:19:34,816 [INFO]   train: }
2026-07-08 01:19:34,816 [INFO]   EURUSDc_M15: PASS Brier=?, AUC=?
2026-07-08 01:19:34,816 [INFO]   EURUSDc_M30: will train — forced
2026-07-08 01:19:34,816 [INFO] Training EURUSDc M30...
2026-07-08 01:19:34,816 [DEBUG] Command: C:\Users\Administrator\AppData\Local\Programs\Python\Python314\pythonw.exe D:\Thanh\Forex\RSI_Advanced\tools\rsi_xgboost_train.py --data-dir C:\Users\Administrator\AppData\Roaming\MetaQuotes\Terminal\3773AE10556A00F3D812544D7EDDAB90\MQL4\Files\RSI_Advanced_Logs C:\Users\Administrator\AppData\Roaming\MetaQuotes\Terminal\2191F4A3D14D7B4B1EBB84F924777883\MQL4\Files\RSI_Advanced_Logs C:\Users\Administrator\AppData\Roaming\MetaQuotes\Terminal\6F841180CC7A5B4E481813CAFF4002B0\MQL4\Files\RSI_Advanced_Logs...
2026-07-08 01:19:36,312 [INFO]   train: ============================================================
2026-07-08 01:19:36,312 [INFO]   train: Training model: EURUSDc_M30
2026-07-08 01:19:36,312 [INFO]   train: ============================================================
2026-07-08 01:19:36,312 [INFO]   train: Loading CSVs from 5 director(ies)
2026-07-08 01:19:36,312 [INFO]   train: Filter: symbol=EURUSDc
2026-07-08 01:19:36,312 [INFO]   train: Filter: tf=M30
2026-07-08 01:19:36,312 [INFO]   train: Signals: 124 rows
2026-07-08 01:19:36,312 [INFO]   train: Scoring: 1 rows
2026-07-08 01:19:36,312 [INFO]   train: Outcomes: 124 rows
2026-07-08 01:19:36,312 [INFO]   train: Resolved outcomes: 0
2026-07-08 01:19:36,312 [INFO]   train: Merged (joined): 0 rows
2026-07-08 01:19:36,312 [INFO]   train: SKIP: Only 0 resolved signals for EURUSDc_M30. Need 150.
2026-07-08 01:19:36,312 [INFO]   train: {
2026-07-08 01:19:36,312 [INFO]   train: "symbol": "EURUSDc",
2026-07-08 01:19:36,312 [INFO]   train: "tf": "M30",
2026-07-08 01:19:36,312 [INFO]   train: "status": "skip",
2026-07-08 01:19:36,312 [INFO]   train: "signals": 0,
2026-07-08 01:19:36,312 [INFO]   train: "message": "Only 0 resolved signals for EURUSDc_M30. Need 150."
2026-07-08 01:19:36,312 [INFO]   train: }
2026-07-08 01:19:36,312 [INFO]   EURUSDc_M30: PASS Brier=?, AUC=?
2026-07-08 01:19:36,312 [INFO]   XAUUSD_D1: will train — forced
2026-07-08 01:19:36,312 [INFO] Training XAUUSD D1...
2026-07-08 01:19:36,312 [DEBUG] Command: C:\Users\Administrator\AppData\Local\Programs\Python\Python314\pythonw.exe D:\Thanh\Forex\RSI_Advanced\tools\rsi_xgboost_train.py --data-dir C:\Users\Administrator\AppData\Roaming\MetaQuotes\Terminal\3773AE10556A00F3D812544D7EDDAB90\MQL4\Files\RSI_Advanced_Logs C:\Users\Administrator\AppData\Roaming\MetaQuotes\Terminal\2191F4A3D14D7B4B1EBB84F924777883\MQL4\Files\RSI_Advanced_Logs C:\Users\Administrator\AppData\Roaming\MetaQuotes\Terminal\6F841180CC7A5B4E481813CAFF4002B0\MQL4\Files\RSI_Advanced_Logs...
2026-07-08 01:19:37,802 [INFO]   train: ============================================================
2026-07-08 01:19:37,802 [INFO]   train: Training model: XAUUSD_D1
2026-07-08 01:19:37,802 [INFO]   train: ============================================================
2026-07-08 01:19:37,802 [INFO]   train: Loading CSVs from 5 director(ies)
2026-07-08 01:19:37,802 [INFO]   train: Filter: symbol=XAUUSD
2026-07-08 01:19:37,802 [INFO]   train: Filter: tf=D1
2026-07-08 01:19:37,802 [INFO]   train: Signals: 133 rows
2026-07-08 01:19:37,802 [INFO]   train: Scoring: 2 rows
2026-07-08 01:19:37,802 [INFO]   train: Outcomes: 177 rows
2026-07-08 01:19:37,802 [INFO]   train: Resolved outcomes: 41
2026-07-08 01:19:37,802 [INFO]   train: Merged (joined): 41 rows
2026-07-08 01:19:37,802 [INFO]   train: SKIP: Only 41 resolved signals for XAUUSD_D1. Need 150.
2026-07-08 01:19:37,802 [INFO]   train: {
2026-07-08 01:19:37,802 [INFO]   train: "symbol": "XAUUSD",
2026-07-08 01:19:37,802 [INFO]   train: "tf": "D1",
2026-07-08 01:19:37,802 [INFO]   train: "status": "skip",
2026-07-08 01:19:37,802 [INFO]   train: "signals": 41,
2026-07-08 01:19:37,802 [INFO]   train: "message": "Only 41 resolved signals for XAUUSD_D1. Need 150."
2026-07-08 01:19:37,802 [INFO]   train: }
2026-07-08 01:19:37,802 [INFO]   XAUUSD_D1: PASS Brier=?, AUC=?
2026-07-08 01:19:37,802 [INFO]   XAUUSD_H1: will train — forced
2026-07-08 01:19:37,802 [INFO] Training XAUUSD H1...
2026-07-08 01:19:37,802 [DEBUG] Command: C:\Users\Administrator\AppData\Local\Programs\Python\Python314\pythonw.exe D:\Thanh\Forex\RSI_Advanced\tools\rsi_xgboost_train.py --data-dir C:\Users\Administrator\AppData\Roaming\MetaQuotes\Terminal\3773AE10556A00F3D812544D7EDDAB90\MQL4\Files\RSI_Advanced_Logs C:\Users\Administrator\AppData\Roaming\MetaQuotes\Terminal\2191F4A3D14D7B4B1EBB84F924777883\MQL4\Files\RSI_Advanced_Logs C:\Users\Administrator\AppData\Roaming\MetaQuotes\Terminal\6F841180CC7A5B4E481813CAFF4002B0\MQL4\Files\RSI_Advanced_Logs...
2026-07-08 01:19:39,314 [INFO]   train: ============================================================
2026-07-08 01:19:39,315 [INFO]   train: Training model: XAUUSD_H1
2026-07-08 01:19:39,315 [INFO]   train: ============================================================
2026-07-08 01:19:39,315 [INFO]   train: Loading CSVs from 5 director(ies)
2026-07-08 01:19:39,315 [INFO]   train: Filter: symbol=XAUUSD
2026-07-08 01:19:39,315 [INFO]   train: Filter: tf=H1
2026-07-08 01:19:39,315 [INFO]   train: Signals: 346 rows
2026-07-08 01:19:39,315 [INFO]   train: Scoring: 16 rows
2026-07-08 01:19:39,315 [INFO]   train: Outcomes: 355 rows
2026-07-08 01:19:39,315 [INFO]   train: Resolved outcomes: 4
2026-07-08 01:19:39,315 [INFO]   train: Merged (joined): 4 rows
2026-07-08 01:19:39,315 [INFO]   train: SKIP: Only 4 resolved signals for XAUUSD_H1. Need 150.
2026-07-08 01:19:39,315 [INFO]   train: {
2026-07-08 01:19:39,315 [INFO]   train: "symbol": "XAUUSD",
2026-07-08 01:19:39,315 [INFO]   train: "tf": "H1",
2026-07-08 01:19:39,315 [INFO]   train: "status": "skip",
2026-07-08 01:19:39,315 [INFO]   train: "signals": 4,
2026-07-08 01:19:39,315 [INFO]   train: "message": "Only 4 resolved signals for XAUUSD_H1. Need 150."
2026-07-08 01:19:39,315 [INFO]   train: }
2026-07-08 01:19:39,315 [INFO]   XAUUSD_H1: PASS Brier=?, AUC=?
2026-07-08 01:19:39,315 [INFO]   XAUUSD_H4: will train — forced
2026-07-08 01:19:39,315 [INFO] Training XAUUSD H4...
2026-07-08 01:19:39,315 [DEBUG] Command: C:\Users\Administrator\AppData\Local\Programs\Python\Python314\pythonw.exe D:\Thanh\Forex\RSI_Advanced\tools\rsi_xgboost_train.py --data-dir C:\Users\Administrator\AppData\Roaming\MetaQuotes\Terminal\3773AE10556A00F3D812544D7EDDAB90\MQL4\Files\RSI_Advanced_Logs C:\Users\Administrator\AppData\Roaming\MetaQuotes\Terminal\2191F4A3D14D7B4B1EBB84F924777883\MQL4\Files\RSI_Advanced_Logs C:\Users\Administrator\AppData\Roaming\MetaQuotes\Terminal\6F841180CC7A5B4E481813CAFF4002B0\MQL4\Files\RSI_Advanced_Logs...
2026-07-08 01:19:40,835 [INFO]   train: ============================================================
2026-07-08 01:19:40,835 [INFO]   train: Training model: XAUUSD_H4
2026-07-08 01:19:40,835 [INFO]   train: ============================================================
2026-07-08 01:19:40,835 [INFO]   train: Loading CSVs from 5 director(ies)
2026-07-08 01:19:40,835 [INFO]   train: Filter: symbol=XAUUSD
2026-07-08 01:19:40,835 [INFO]   train: Filter: tf=H4
2026-07-08 01:19:40,835 [INFO]   train: Signals: 78 rows
2026-07-08 01:19:40,835 [INFO]   train: Scoring: 2 rows
2026-07-08 01:19:40,835 [INFO]   train: Outcomes: 151 rows
2026-07-08 01:19:40,835 [INFO]   train: Resolved outcomes: 73
2026-07-08 01:19:40,835 [INFO]   train: Merged (joined): 73 rows
2026-07-08 01:19:40,835 [INFO]   train: SKIP: Only 73 resolved signals for XAUUSD_H4. Need 150.
2026-07-08 01:19:40,835 [INFO]   train: {
2026-07-08 01:19:40,835 [INFO]   train: "symbol": "XAUUSD",
2026-07-08 01:19:40,835 [INFO]   train: "tf": "H4",
2026-07-08 01:19:40,835 [INFO]   train: "status": "skip",
2026-07-08 01:19:40,835 [INFO]   train: "signals": 73,
2026-07-08 01:19:40,835 [INFO]   train: "message": "Only 73 resolved signals for XAUUSD_H4. Need 150."
2026-07-08 01:19:40,835 [INFO]   train: }
2026-07-08 01:19:40,835 [INFO]   XAUUSD_H4: PASS Brier=?, AUC=?
2026-07-08 01:19:40,835 [INFO]   XAUUSD_M15: will train — forced
2026-07-08 01:19:40,835 [INFO] Training XAUUSD M15...
2026-07-08 01:19:40,835 [DEBUG] Command: C:\Users\Administrator\AppData\Local\Programs\Python\Python314\pythonw.exe D:\Thanh\Forex\RSI_Advanced\tools\rsi_xgboost_train.py --data-dir C:\Users\Administrator\AppData\Roaming\MetaQuotes\Terminal\3773AE10556A00F3D812544D7EDDAB90\MQL4\Files\RSI_Advanced_Logs C:\Users\Administrator\AppData\Roaming\MetaQuotes\Terminal\2191F4A3D14D7B4B1EBB84F924777883\MQL4\Files\RSI_Advanced_Logs C:\Users\Administrator\AppData\Roaming\MetaQuotes\Terminal\6F841180CC7A5B4E481813CAFF4002B0\MQL4\Files\RSI_Advanced_Logs...
2026-07-08 01:19:42,349 [INFO]   train: ============================================================
2026-07-08 01:19:42,350 [INFO]   train: Training model: XAUUSD_M15
2026-07-08 01:19:42,350 [INFO]   train: ============================================================
2026-07-08 01:19:42,350 [INFO]   train: Loading CSVs from 5 director(ies)
2026-07-08 01:19:42,350 [INFO]   train: Filter: symbol=XAUUSD
2026-07-08 01:19:42,350 [INFO]   train: Filter: tf=M15
2026-07-08 01:19:42,350 [INFO]   train: Signals: 257 rows
2026-07-08 01:19:42,350 [INFO]   train: Scoring: 420 rows
2026-07-08 01:19:42,350 [INFO]   train: Outcomes: 355 rows
2026-07-08 01:19:42,350 [INFO]   train: Resolved outcomes: 90
2026-07-08 01:19:42,350 [INFO]   train: Merged (joined): 90 rows
2026-07-08 01:19:42,350 [INFO]   train: SKIP: Only 90 resolved signals for XAUUSD_M15. Need 150.
2026-07-08 01:19:42,350 [INFO]   train: {
2026-07-08 01:19:42,350 [INFO]   train: "symbol": "XAUUSD",
2026-07-08 01:19:42,350 [INFO]   train: "tf": "M15",
2026-07-08 01:19:42,350 [INFO]   train: "status": "skip",
2026-07-08 01:19:42,350 [INFO]   train: "signals": 90,
2026-07-08 01:19:42,350 [INFO]   train: "message": "Only 90 resolved signals for XAUUSD_M15. Need 150."
2026-07-08 01:19:42,350 [INFO]   train: }
2026-07-08 01:19:42,350 [INFO]   XAUUSD_M15: PASS Brier=?, AUC=?
2026-07-08 01:19:42,350 [INFO]   XAUUSD_M30: will train — forced
2026-07-08 01:19:42,350 [INFO] Training XAUUSD M30...
2026-07-08 01:19:42,350 [DEBUG] Command: C:\Users\Administrator\AppData\Local\Programs\Python\Python314\pythonw.exe D:\Thanh\Forex\RSI_Advanced\tools\rsi_xgboost_train.py --data-dir C:\Users\Administrator\AppData\Roaming\MetaQuotes\Terminal\3773AE10556A00F3D812544D7EDDAB90\MQL4\Files\RSI_Advanced_Logs C:\Users\Administrator\AppData\Roaming\MetaQuotes\Terminal\2191F4A3D14D7B4B1EBB84F924777883\MQL4\Files\RSI_Advanced_Logs C:\Users\Administrator\AppData\Roaming\MetaQuotes\Terminal\6F841180CC7A5B4E481813CAFF4002B0\MQL4\Files\RSI_Advanced_Logs...
2026-07-08 01:19:43,859 [INFO]   train: ============================================================
2026-07-08 01:19:43,859 [INFO]   train: Training model: XAUUSD_M30
2026-07-08 01:19:43,859 [INFO]   train: ============================================================
2026-07-08 01:19:43,859 [INFO]   train: Loading CSVs from 5 director(ies)
2026-07-08 01:19:43,859 [INFO]   train: Filter: symbol=XAUUSD
2026-07-08 01:19:43,859 [INFO]   train: Filter: tf=M30
2026-07-08 01:19:43,859 [INFO]   train: Signals: 230 rows
2026-07-08 01:19:43,859 [INFO]   train: Scoring: 10 rows
2026-07-08 01:19:43,859 [INFO]   train: Outcomes: 299 rows
2026-07-08 01:19:43,859 [INFO]   train: Resolved outcomes: 69
2026-07-08 01:19:43,859 [INFO]   train: Merged (joined): 69 rows
2026-07-08 01:19:43,859 [INFO]   train: SKIP: Only 69 resolved signals for XAUUSD_M30. Need 150.
2026-07-08 01:19:43,859 [INFO]   train: {
2026-07-08 01:19:43,859 [INFO]   train: "symbol": "XAUUSD",
2026-07-08 01:19:43,859 [INFO]   train: "tf": "M30",
2026-07-08 01:19:43,859 [INFO]   train: "status": "skip",
2026-07-08 01:19:43,859 [INFO]   train: "signals": 69,
2026-07-08 01:19:43,859 [INFO]   train: "message": "Only 69 resolved signals for XAUUSD_M30. Need 150."
2026-07-08 01:19:43,859 [INFO]   train: }
2026-07-08 01:19:43,860 [INFO]   XAUUSD_M30: PASS Brier=?, AUC=?
2026-07-08 01:19:43,860 [INFO]   XAUUSD_M5: will train — forced
2026-07-08 01:19:43,860 [INFO] Training XAUUSD M5...
2026-07-08 01:19:43,860 [DEBUG] Command: C:\Users\Administrator\AppData\Local\Programs\Python\Python314\pythonw.exe D:\Thanh\Forex\RSI_Advanced\tools\rsi_xgboost_train.py --data-dir C:\Users\Administrator\AppData\Roaming\MetaQuotes\Terminal\3773AE10556A00F3D812544D7EDDAB90\MQL4\Files\RSI_Advanced_Logs C:\Users\Administrator\AppData\Roaming\MetaQuotes\Terminal\2191F4A3D14D7B4B1EBB84F924777883\MQL4\Files\RSI_Advanced_Logs C:\Users\Administrator\AppData\Roaming\MetaQuotes\Terminal\6F841180CC7A5B4E481813CAFF4002B0\MQL4\Files\RSI_Advanced_Logs...
2026-07-08 01:19:45,402 [INFO]   train: ============================================================
2026-07-08 01:19:45,402 [INFO]   train: Training model: XAUUSD_M5
2026-07-08 01:19:45,402 [INFO]   train: ============================================================
2026-07-08 01:19:45,402 [INFO]   train: Loading CSVs from 5 director(ies)
2026-07-08 01:19:45,402 [INFO]   train: Filter: symbol=XAUUSD
2026-07-08 01:19:45,402 [INFO]   train: Filter: tf=M5
2026-07-08 01:19:45,402 [INFO]   train: Signals: 157 rows
2026-07-08 01:19:45,402 [INFO]   train: Scoring: 98 rows
2026-07-08 01:19:45,402 [INFO]   train: Outcomes: 236 rows
2026-07-08 01:19:45,402 [INFO]   train: Resolved outcomes: 54
2026-07-08 01:19:45,402 [INFO]   train: Merged (joined): 54 rows
2026-07-08 01:19:45,402 [INFO]   train: SKIP: Only 54 resolved signals for XAUUSD_M5. Need 150.
2026-07-08 01:19:45,402 [INFO]   train: {
2026-07-08 01:19:45,402 [INFO]   train: "symbol": "XAUUSD",
2026-07-08 01:19:45,402 [INFO]   train: "tf": "M5",
2026-07-08 01:19:45,402 [INFO]   train: "status": "skip",
2026-07-08 01:19:45,402 [INFO]   train: "signals": 54,
2026-07-08 01:19:45,402 [INFO]   train: "message": "Only 54 resolved signals for XAUUSD_M5. Need 150."
2026-07-08 01:19:45,403 [INFO]   train: }
2026-07-08 01:19:45,403 [INFO]   XAUUSD_M5: PASS Brier=?, AUC=?
2026-07-08 01:19:45,403 [INFO]   XAUUSDc_D1: will train — forced
2026-07-08 01:19:45,403 [INFO] Training XAUUSDc D1...
2026-07-08 01:19:45,403 [DEBUG] Command: C:\Users\Administrator\AppData\Local\Programs\Python\Python314\pythonw.exe D:\Thanh\Forex\RSI_Advanced\tools\rsi_xgboost_train.py --data-dir C:\Users\Administrator\AppData\Roaming\MetaQuotes\Terminal\3773AE10556A00F3D812544D7EDDAB90\MQL4\Files\RSI_Advanced_Logs C:\Users\Administrator\AppData\Roaming\MetaQuotes\Terminal\2191F4A3D14D7B4B1EBB84F924777883\MQL4\Files\RSI_Advanced_Logs C:\Users\Administrator\AppData\Roaming\MetaQuotes\Terminal\6F841180CC7A5B4E481813CAFF4002B0\MQL4\Files\RSI_Advanced_Logs...
2026-07-08 01:19:46,906 [INFO]   train: ============================================================
2026-07-08 01:19:46,906 [INFO]   train: Training model: XAUUSDc_D1
2026-07-08 01:19:46,906 [INFO]   train: ============================================================
2026-07-08 01:19:46,906 [INFO]   train: Loading CSVs from 5 director(ies)
2026-07-08 01:19:46,906 [INFO]   train: Filter: symbol=XAUUSDc
2026-07-08 01:19:46,906 [INFO]   train: Filter: tf=D1
2026-07-08 01:19:46,907 [INFO]   train: Signals: 75 rows
2026-07-08 01:19:46,907 [INFO]   train: Scoring: 3 rows
2026-07-08 01:19:46,907 [INFO]   train: Outcomes: 134 rows
2026-07-08 01:19:46,907 [INFO]   train: Resolved outcomes: 59
2026-07-08 01:19:46,907 [INFO]   train: Merged (joined): 59 rows
2026-07-08 01:19:46,907 [INFO]   train: SKIP: Only 59 resolved signals for XAUUSDc_D1. Need 150.
2026-07-08 01:19:46,907 [INFO]   train: {
2026-07-08 01:19:46,907 [INFO]   train: "symbol": "XAUUSDc",
2026-07-08 01:19:46,907 [INFO]   train: "tf": "D1",
2026-07-08 01:19:46,907 [INFO]   train: "status": "skip",
2026-07-08 01:19:46,907 [INFO]   train: "signals": 59,
2026-07-08 01:19:46,907 [INFO]   train: "message": "Only 59 resolved signals for XAUUSDc_D1. Need 150."
2026-07-08 01:19:46,907 [INFO]   train: }
2026-07-08 01:19:46,907 [INFO]   XAUUSDc_D1: PASS Brier=?, AUC=?
2026-07-08 01:19:46,907 [INFO]   XAUUSDc_H1: will train — forced
2026-07-08 01:19:46,907 [INFO] Training XAUUSDc H1...
2026-07-08 01:19:46,907 [DEBUG] Command: C:\Users\Administrator\AppData\Local\Programs\Python\Python314\pythonw.exe D:\Thanh\Forex\RSI_Advanced\tools\rsi_xgboost_train.py --data-dir C:\Users\Administrator\AppData\Roaming\MetaQuotes\Terminal\3773AE10556A00F3D812544D7EDDAB90\MQL4\Files\RSI_Advanced_Logs C:\Users\Administrator\AppData\Roaming\MetaQuotes\Terminal\2191F4A3D14D7B4B1EBB84F924777883\MQL4\Files\RSI_Advanced_Logs C:\Users\Administrator\AppData\Roaming\MetaQuotes\Terminal\6F841180CC7A5B4E481813CAFF4002B0\MQL4\Files\RSI_Advanced_Logs...
2026-07-08 01:19:48,427 [INFO]   train: ============================================================
2026-07-08 01:19:48,427 [INFO]   train: Training model: XAUUSDc_H1
2026-07-08 01:19:48,427 [INFO]   train: ============================================================
2026-07-08 01:19:48,427 [INFO]   train: Loading CSVs from 5 director(ies)
2026-07-08 01:19:48,427 [INFO]   train: Filter: symbol=XAUUSDc
2026-07-08 01:19:48,427 [INFO]   train: Filter: tf=H1
2026-07-08 01:19:48,427 [INFO]   train: Signals: 148 rows
2026-07-08 01:19:48,427 [INFO]   train: Scoring: 76 rows
2026-07-08 01:19:48,427 [INFO]   train: Outcomes: 224 rows
2026-07-08 01:19:48,427 [INFO]   train: Resolved outcomes: 76
2026-07-08 01:19:48,427 [INFO]   train: Merged (joined): 76 rows
2026-07-08 01:19:48,427 [INFO]   train: SKIP: Only 76 resolved signals for XAUUSDc_H1. Need 150.
2026-07-08 01:19:48,427 [INFO]   train: {
2026-07-08 01:19:48,427 [INFO]   train: "symbol": "XAUUSDc",
2026-07-08 01:19:48,427 [INFO]   train: "tf": "H1",
2026-07-08 01:19:48,427 [INFO]   train: "status": "skip",
2026-07-08 01:19:48,427 [INFO]   train: "signals": 76,
2026-07-08 01:19:48,427 [INFO]   train: "message": "Only 76 resolved signals for XAUUSDc_H1. Need 150."
2026-07-08 01:19:48,428 [INFO]   train: }
2026-07-08 01:19:48,428 [INFO]   XAUUSDc_H1: PASS Brier=?, AUC=?
2026-07-08 01:19:48,428 [INFO]   XAUUSDc_H4: will train — forced
2026-07-08 01:19:48,428 [INFO] Training XAUUSDc H4...
2026-07-08 01:19:48,428 [DEBUG] Command: C:\Users\Administrator\AppData\Local\Programs\Python\Python314\pythonw.exe D:\Thanh\Forex\RSI_Advanced\tools\rsi_xgboost_train.py --data-dir C:\Users\Administrator\AppData\Roaming\MetaQuotes\Terminal\3773AE10556A00F3D812544D7EDDAB90\MQL4\Files\RSI_Advanced_Logs C:\Users\Administrator\AppData\Roaming\MetaQuotes\Terminal\2191F4A3D14D7B4B1EBB84F924777883\MQL4\Files\RSI_Advanced_Logs C:\Users\Administrator\AppData\Roaming\MetaQuotes\Terminal\6F841180CC7A5B4E481813CAFF4002B0\MQL4\Files\RSI_Advanced_Logs...
2026-07-08 01:19:49,920 [INFO]   train: ============================================================
2026-07-08 01:19:49,920 [INFO]   train: Training model: XAUUSDc_H4
2026-07-08 01:19:49,920 [INFO]   train: ============================================================
2026-07-08 01:19:49,920 [INFO]   train: Loading CSVs from 5 director(ies)
2026-07-08 01:19:49,920 [INFO]   train: Filter: symbol=XAUUSDc
2026-07-08 01:19:49,920 [INFO]   train: Filter: tf=H4
2026-07-08 01:19:49,920 [INFO]   train: Signals: 104 rows
2026-07-08 01:19:49,920 [INFO]   train: Scoring: 19 rows
2026-07-08 01:19:49,920 [INFO]   train: Outcomes: 182 rows
2026-07-08 01:19:49,920 [INFO]   train: Resolved outcomes: 78
2026-07-08 01:19:49,920 [INFO]   train: Merged (joined): 78 rows
2026-07-08 01:19:49,920 [INFO]   train: SKIP: Only 78 resolved signals for XAUUSDc_H4. Need 150.
2026-07-08 01:19:49,920 [INFO]   train: {
2026-07-08 01:19:49,920 [INFO]   train: "symbol": "XAUUSDc",
2026-07-08 01:19:49,920 [INFO]   train: "tf": "H4",
2026-07-08 01:19:49,920 [INFO]   train: "status": "skip",
2026-07-08 01:19:49,920 [INFO]   train: "signals": 78,
2026-07-08 01:19:49,920 [INFO]   train: "message": "Only 78 resolved signals for XAUUSDc_H4. Need 150."
2026-07-08 01:19:49,920 [INFO]   train: }
2026-07-08 01:19:49,920 [INFO]   XAUUSDc_H4: PASS Brier=?, AUC=?
2026-07-08 01:19:49,920 [INFO]   XAUUSDc_M15: will train — forced
2026-07-08 01:19:49,920 [INFO] Training XAUUSDc M15...
2026-07-08 01:19:49,920 [DEBUG] Command: C:\Users\Administrator\AppData\Local\Programs\Python\Python314\pythonw.exe D:\Thanh\Forex\RSI_Advanced\tools\rsi_xgboost_train.py --data-dir C:\Users\Administrator\AppData\Roaming\MetaQuotes\Terminal\3773AE10556A00F3D812544D7EDDAB90\MQL4\Files\RSI_Advanced_Logs C:\Users\Administrator\AppData\Roaming\MetaQuotes\Terminal\2191F4A3D14D7B4B1EBB84F924777883\MQL4\Files\RSI_Advanced_Logs C:\Users\Administrator\AppData\Roaming\MetaQuotes\Terminal\6F841180CC7A5B4E481813CAFF4002B0\MQL4\Files\RSI_Advanced_Logs...
2026-07-08 01:19:51,423 [INFO]   train: ============================================================
2026-07-08 01:19:51,423 [INFO]   train: Training model: XAUUSDc_M15
2026-07-08 01:19:51,423 [INFO]   train: ============================================================
2026-07-08 01:19:51,423 [INFO]   train: Loading CSVs from 5 director(ies)
2026-07-08 01:19:51,423 [INFO]   train: Filter: symbol=XAUUSDc
2026-07-08 01:19:51,423 [INFO]   train: Filter: tf=M15
2026-07-08 01:19:51,423 [INFO]   train: Signals: 128 rows
2026-07-08 01:19:51,423 [INFO]   train: Scoring: 66 rows
2026-07-08 01:19:51,423 [INFO]   train: Outcomes: 138 rows
2026-07-08 01:19:51,423 [INFO]   train: Resolved outcomes: 4
2026-07-08 01:19:51,423 [INFO]   train: Merged (joined): 4 rows
2026-07-08 01:19:51,423 [INFO]   train: SKIP: Only 4 resolved signals for XAUUSDc_M15. Need 150.
2026-07-08 01:19:51,423 [INFO]   train: {
2026-07-08 01:19:51,423 [INFO]   train: "symbol": "XAUUSDc",
2026-07-08 01:19:51,423 [INFO]   train: "tf": "M15",
2026-07-08 01:19:51,423 [INFO]   train: "status": "skip",
2026-07-08 01:19:51,423 [INFO]   train: "signals": 4,
2026-07-08 01:19:51,423 [INFO]   train: "message": "Only 4 resolved signals for XAUUSDc_M15. Need 150."
2026-07-08 01:19:51,423 [INFO]   train: }
2026-07-08 01:19:51,423 [INFO]   XAUUSDc_M15: PASS Brier=?, AUC=?
2026-07-08 01:19:51,423 [INFO]   XAUUSDc_M30: will train — forced
2026-07-08 01:19:51,424 [INFO] Training XAUUSDc M30...
2026-07-08 01:19:51,424 [DEBUG] Command: C:\Users\Administrator\AppData\Local\Programs\Python\Python314\pythonw.exe D:\Thanh\Forex\RSI_Advanced\tools\rsi_xgboost_train.py --data-dir C:\Users\Administrator\AppData\Roaming\MetaQuotes\Terminal\3773AE10556A00F3D812544D7EDDAB90\MQL4\Files\RSI_Advanced_Logs C:\Users\Administrator\AppData\Roaming\MetaQuotes\Terminal\2191F4A3D14D7B4B1EBB84F924777883\MQL4\Files\RSI_Advanced_Logs C:\Users\Administrator\AppData\Roaming\MetaQuotes\Terminal\6F841180CC7A5B4E481813CAFF4002B0\MQL4\Files\RSI_Advanced_Logs...
2026-07-08 01:19:52,927 [INFO]   train: ============================================================
2026-07-08 01:19:52,927 [INFO]   train: Training model: XAUUSDc_M30
2026-07-08 01:19:52,927 [INFO]   train: ============================================================
2026-07-08 01:19:52,927 [INFO]   train: Loading CSVs from 5 director(ies)
2026-07-08 01:19:52,927 [INFO]   train: Filter: symbol=XAUUSDc
2026-07-08 01:19:52,927 [INFO]   train: Filter: tf=M30
2026-07-08 01:19:52,927 [INFO]   train: Signals: 131 rows
2026-07-08 01:19:52,927 [INFO]   train: Scoring: 42 rows
2026-07-08 01:19:52,927 [INFO]   train: Outcomes: 200 rows
2026-07-08 01:19:52,927 [INFO]   train: Resolved outcomes: 69
2026-07-08 01:19:52,927 [INFO]   train: Merged (joined): 69 rows
2026-07-08 01:19:52,927 [INFO]   train: SKIP: Only 69 resolved signals for XAUUSDc_M30. Need 150.
2026-07-08 01:19:52,927 [INFO]   train: {
2026-07-08 01:19:52,927 [INFO]   train: "symbol": "XAUUSDc",
2026-07-08 01:19:52,927 [INFO]   train: "tf": "M30",
2026-07-08 01:19:52,927 [INFO]   train: "status": "skip",
2026-07-08 01:19:52,927 [INFO]   train: "signals": 69,
2026-07-08 01:19:52,927 [INFO]   train: "message": "Only 69 resolved signals for XAUUSDc_M30. Need 150."
2026-07-08 01:19:52,927 [INFO]   train: }
2026-07-08 01:19:52,927 [INFO]   XAUUSDc_M30: PASS Brier=?, AUC=?
2026-07-08 01:19:52,927 [INFO]   XAUUSDc_M5: will train — forced
2026-07-08 01:19:52,927 [INFO] Training XAUUSDc M5...
2026-07-08 01:19:52,927 [DEBUG] Command: C:\Users\Administrator\AppData\Local\Programs\Python\Python314\pythonw.exe D:\Thanh\Forex\RSI_Advanced\tools\rsi_xgboost_train.py --data-dir C:\Users\Administrator\AppData\Roaming\MetaQuotes\Terminal\3773AE10556A00F3D812544D7EDDAB90\MQL4\Files\RSI_Advanced_Logs C:\Users\Administrator\AppData\Roaming\MetaQuotes\Terminal\2191F4A3D14D7B4B1EBB84F924777883\MQL4\Files\RSI_Advanced_Logs C:\Users\Administrator\AppData\Roaming\MetaQuotes\Terminal\6F841180CC7A5B4E481813CAFF4002B0\MQL4\Files\RSI_Advanced_Logs...
2026-07-08 01:19:54,428 [INFO]   train: ============================================================
2026-07-08 01:19:54,428 [INFO]   train: Training model: XAUUSDc_M5
2026-07-08 01:19:54,428 [INFO]   train: ============================================================
2026-07-08 01:19:54,428 [INFO]   train: Loading CSVs from 5 director(ies)
2026-07-08 01:19:54,428 [INFO]   train: Filter: symbol=XAUUSDc
2026-07-08 01:19:54,428 [INFO]   train: Filter: tf=M5
2026-07-08 01:19:54,428 [INFO]   train: Signals: 49 rows
2026-07-08 01:19:54,428 [INFO]   train: Scoring: 130 rows
2026-07-08 01:19:54,428 [INFO]   train: Outcomes: 70 rows
2026-07-08 01:19:54,428 [INFO]   train: Resolved outcomes: 15
2026-07-08 01:19:54,428 [INFO]   train: Merged (joined): 15 rows
2026-07-08 01:19:54,428 [INFO]   train: SKIP: Only 15 resolved signals for XAUUSDc_M5. Need 150.
2026-07-08 01:19:54,428 [INFO]   train: {
2026-07-08 01:19:54,428 [INFO]   train: "symbol": "XAUUSDc",
2026-07-08 01:19:54,428 [INFO]   train: "tf": "M5",
2026-07-08 01:19:54,428 [INFO]   train: "status": "skip",
2026-07-08 01:19:54,428 [INFO]   train: "signals": 15,
2026-07-08 01:19:54,428 [INFO]   train: "message": "Only 15 resolved signals for XAUUSDc_M5. Need 150."
2026-07-08 01:19:54,428 [INFO]   train: }
2026-07-08 01:19:54,428 [INFO]   XAUUSDc_M5: PASS Brier=?, AUC=?
2026-07-08 01:19:55,468 [INFO] Assembling 22 models into binary: C:\Users\Administrator\AppData\Roaming\MetaQuotes\Terminal\Common\Files\RSI_Advanced\XGBModels.bin
2026-07-08 01:19:55,862 [WARNING] No models assembled — all re-training failed
2026-07-08 01:19:55,862 [INFO] XGBModels.bin updated with 22 models
2026-07-08 01:19:55,862 [INFO] NOTIFY: XGB: 22 model(s) updated — BTCUSD D1 Brier=?, BTCUSD H1 Brier=?, BTCUSD H4 Brier=?, BTCUSD M30 Brier=?, BTCUSD M5 Brier=?, EURUSDc D1 Brier=?, EURUSDc H1 Brier=?, EURUSDc H4 Brier=?, EURUSDc M15 Brier=?, EURUSDc M30 Brier=?, XAUUSD D1 Brier=?, XAUUSD H1 Brier=?, XAUUSD H4 Brier=?, XAUUSD M15 Brier=?, XAUUSD M30 Brier=?, XAUUSD M5 Brier=?, XAUUSDc D1 Brier=?, XAUUSDc H1 Brier=?, XAUUSDc H4 Brier=?, XAUUSDc M15 Brier=?, XAUUSDc M30 Brier=?, XAUUSDc M5 Brier=?
Models auto-loaded, no recompile needed.
2026-07-08 01:49:12,299 [INFO] Scanning 5 directories for TFs: ['M5', 'M15', 'M30', 'H1', 'H4', 'D1']
2026-07-08 01:49:12,361 [INFO] Found 22 symbol+TF pairs with data
2026-07-08 01:49:12,361 [INFO]   BTCUSD_D1: 0 resolved signals
2026-07-08 01:49:12,361 [INFO]   BTCUSD_H1: 93 resolved signals
2026-07-08 01:49:12,361 [INFO]   BTCUSD_H4: 0 resolved signals
2026-07-08 01:49:12,361 [INFO]   BTCUSD_M30: 52 resolved signals
2026-07-08 01:49:12,361 [INFO]   BTCUSD_M5: 67 resolved signals
2026-07-08 01:49:12,361 [INFO]   EURUSDc_D1: 43 resolved signals
2026-07-08 01:49:12,361 [INFO]   EURUSDc_H1: 50 resolved signals
2026-07-08 01:49:12,361 [INFO]   EURUSDc_H4: 96 resolved signals
2026-07-08 01:49:12,361 [INFO]   EURUSDc_M15: 0 resolved signals
2026-07-08 01:49:12,361 [INFO]   EURUSDc_M30: 0 resolved signals
2026-07-08 01:49:12,361 [INFO]   XAUUSD_D1: 44 resolved signals
2026-07-08 01:49:12,361 [INFO]   XAUUSD_H1: 9 resolved signals
2026-07-08 01:49:12,361 [INFO]   XAUUSD_H4: 73 resolved signals
2026-07-08 01:49:12,361 [INFO]   XAUUSD_M15: 100 resolved signals
2026-07-08 01:49:12,361 [INFO]   XAUUSD_M30: 69 resolved signals
2026-07-08 01:49:12,361 [INFO]   XAUUSD_M5: 79 resolved signals
2026-07-08 01:49:12,361 [INFO]   XAUUSDc_D1: 59 resolved signals
2026-07-08 01:49:12,361 [INFO]   XAUUSDc_H1: 76 resolved signals
2026-07-08 01:49:12,361 [INFO]   XAUUSDc_H4: 78 resolved signals
2026-07-08 01:49:12,361 [INFO]   XAUUSDc_M15: 11 resolved signals
2026-07-08 01:49:12,361 [INFO]   XAUUSDc_M30: 69 resolved signals
2026-07-08 01:49:12,361 [INFO]   XAUUSDc_M5: 21 resolved signals
2026-07-08 01:49:12,361 [DEBUG]   BTCUSD_D1: skip — only 0/150 signals
2026-07-08 01:49:12,361 [DEBUG]   BTCUSD_H1: skip — only 93/150 signals
2026-07-08 01:49:12,361 [DEBUG]   BTCUSD_H4: skip — only 0/150 signals
2026-07-08 01:49:12,361 [DEBUG]   BTCUSD_M30: skip — only 52/150 signals
2026-07-08 01:49:12,361 [DEBUG]   BTCUSD_M5: skip — only 67/150 signals
2026-07-08 01:49:12,361 [DEBUG]   EURUSDc_D1: skip — only 43/150 signals
2026-07-08 01:49:12,361 [DEBUG]   EURUSDc_H1: skip — only 50/150 signals
2026-07-08 01:49:12,361 [DEBUG]   EURUSDc_H4: skip — only 96/150 signals
2026-07-08 01:49:12,361 [DEBUG]   EURUSDc_M15: skip — only 0/150 signals
2026-07-08 01:49:12,361 [DEBUG]   EURUSDc_M30: skip — only 0/150 signals
2026-07-08 01:49:12,361 [DEBUG]   XAUUSD_D1: skip — only 44/150 signals
2026-07-08 01:49:12,361 [DEBUG]   XAUUSD_H1: skip — only 9/150 signals
2026-07-08 01:49:12,361 [DEBUG]   XAUUSD_H4: skip — only 73/150 signals
2026-07-08 01:49:12,361 [DEBUG]   XAUUSD_M15: skip — only 100/150 signals
2026-07-08 01:49:12,361 [DEBUG]   XAUUSD_M30: skip — only 69/150 signals
2026-07-08 01:49:12,361 [DEBUG]   XAUUSD_M5: skip — only 79/150 signals
2026-07-08 01:49:12,361 [DEBUG]   XAUUSDc_D1: skip — only 59/150 signals
2026-07-08 01:49:12,361 [DEBUG]   XAUUSDc_H1: skip — only 76/150 signals
2026-07-08 01:49:12,361 [DEBUG]   XAUUSDc_H4: skip — only 78/150 signals
2026-07-08 01:49:12,361 [DEBUG]   XAUUSDc_M15: skip — only 11/150 signals
2026-07-08 01:49:12,361 [DEBUG]   XAUUSDc_M30: skip — only 69/150 signals
2026-07-08 01:49:12,361 [DEBUG]   XAUUSDc_M5: skip — only 21/150 signals
2026-07-08 02:19:12,884 [INFO] Scanning 5 directories for TFs: ['M5', 'M15', 'M30', 'H1', 'H4', 'D1']
2026-07-08 02:19:12,983 [INFO] Found 22 symbol+TF pairs with data
2026-07-08 02:19:12,983 [INFO]   BTCUSD_D1: 0 resolved signals
2026-07-08 02:19:12,983 [INFO]   BTCUSD_H1: 93 resolved signals
2026-07-08 02:19:12,983 [INFO]   BTCUSD_H4: 0 resolved signals
2026-07-08 02:19:12,983 [INFO]   BTCUSD_M30: 52 resolved signals
2026-07-08 02:19:12,983 [INFO]   BTCUSD_M5: 70 resolved signals
2026-07-08 02:19:12,983 [INFO]   EURUSDc_D1: 43 resolved signals
2026-07-08 02:19:12,983 [INFO]   EURUSDc_H1: 50 resolved signals
2026-07-08 02:19:12,983 [INFO]   EURUSDc_H4: 96 resolved signals
2026-07-08 02:19:12,983 [INFO]   EURUSDc_M15: 0 resolved signals
2026-07-08 02:19:12,983 [INFO]   EURUSDc_M30: 0 resolved signals
2026-07-08 02:19:12,983 [INFO]   XAUUSD_D1: 44 resolved signals
2026-07-08 02:19:12,983 [INFO]   XAUUSD_H1: 9 resolved signals
2026-07-08 02:19:12,983 [INFO]   XAUUSD_H4: 74 resolved signals
2026-07-08 02:19:12,983 [INFO]   XAUUSD_M15: 100 resolved signals
2026-07-08 02:19:12,983 [INFO]   XAUUSD_M30: 69 resolved signals
2026-07-08 02:19:12,984 [INFO]   XAUUSD_M5: 79 resolved signals
2026-07-08 02:19:12,984 [INFO]   XAUUSDc_D1: 59 resolved signals
2026-07-08 02:19:12,984 [INFO]   XAUUSDc_H1: 76 resolved signals
2026-07-08 02:19:12,984 [INFO]   XAUUSDc_H4: 78 resolved signals
2026-07-08 02:19:12,984 [INFO]   XAUUSDc_M15: 11 resolved signals
2026-07-08 02:19:12,984 [INFO]   XAUUSDc_M30: 69 resolved signals
2026-07-08 02:19:12,984 [INFO]   XAUUSDc_M5: 21 resolved signals
2026-07-08 02:19:12,984 [DEBUG]   BTCUSD_D1: skip — only 0/150 signals
2026-07-08 02:19:12,984 [DEBUG]   BTCUSD_H1: skip — only 93/150 signals
2026-07-08 02:19:12,984 [DEBUG]   BTCUSD_H4: skip — only 0/150 signals
2026-07-08 02:19:12,984 [DEBUG]   BTCUSD_M30: skip — only 52/150 signals
2026-07-08 02:19:12,984 [DEBUG]   BTCUSD_M5: skip — only 70/150 signals
2026-07-08 02:19:12,984 [DEBUG]   EURUSDc_D1: skip — only 43/150 signals
2026-07-08 02:19:12,984 [DEBUG]   EURUSDc_H1: skip — only 50/150 signals
2026-07-08 02:19:12,984 [DEBUG]   EURUSDc_H4: skip — only 96/150 signals
2026-07-08 02:19:12,984 [DEBUG]   EURUSDc_M15: skip — only 0/150 signals
2026-07-08 02:19:12,984 [DEBUG]   EURUSDc_M30: skip — only 0/150 signals
2026-07-08 02:19:12,984 [DEBUG]   XAUUSD_D1: skip — only 44/150 signals
2026-07-08 02:19:12,984 [DEBUG]   XAUUSD_H1: skip — only 9/150 signals
2026-07-08 02:19:12,984 [DEBUG]   XAUUSD_H4: skip — only 74/150 signals
2026-07-08 02:19:12,984 [DEBUG]   XAUUSD_M15: skip — only 100/150 signals
2026-07-08 02:19:12,984 [DEBUG]   XAUUSD_M30: skip — only 69/150 signals
2026-07-08 02:19:12,984 [DEBUG]   XAUUSD_M5: skip — only 79/150 signals
2026-07-08 02:19:12,984 [DEBUG]   XAUUSDc_D1: skip — only 59/150 signals
2026-07-08 02:19:12,984 [DEBUG]   XAUUSDc_H1: skip — only 76/150 signals
2026-07-08 02:19:12,984 [DEBUG]   XAUUSDc_H4: skip — only 78/150 signals
2026-07-08 02:19:12,984 [DEBUG]   XAUUSDc_M15: skip — only 11/150 signals
2026-07-08 02:19:12,984 [DEBUG]   XAUUSDc_M30: skip — only 69/150 signals
2026-07-08 02:19:12,984 [DEBUG]   XAUUSDc_M5: skip — only 21/150 signals
2026-07-08 02:49:13,510 [INFO] Scanning 5 directories for TFs: ['M5', 'M15', 'M30', 'H1', 'H4', 'D1']
2026-07-08 02:49:13,591 [INFO] Found 22 symbol+TF pairs with data
2026-07-08 02:49:13,591 [INFO]   BTCUSD_D1: 0 resolved signals
2026-07-08 02:49:13,591 [INFO]   BTCUSD_H1: 93 resolved signals
2026-07-08 02:49:13,591 [INFO]   BTCUSD_H4: 0 resolved signals
2026-07-08 02:49:13,591 [INFO]   BTCUSD_M30: 52 resolved signals
2026-07-08 02:49:13,591 [INFO]   BTCUSD_M5: 73 resolved signals
2026-07-08 02:49:13,591 [INFO]   EURUSDc_D1: 43 resolved signals
2026-07-08 02:49:13,591 [INFO]   EURUSDc_H1: 50 resolved signals
2026-07-08 02:49:13,591 [INFO]   EURUSDc_H4: 96 resolved signals
2026-07-08 02:49:13,591 [INFO]   EURUSDc_M15: 0 resolved signals
2026-07-08 02:49:13,591 [INFO]   EURUSDc_M30: 0 resolved signals
2026-07-08 02:49:13,591 [INFO]   XAUUSD_D1: 44 resolved signals
2026-07-08 02:49:13,591 [INFO]   XAUUSD_H1: 9 resolved signals
2026-07-08 02:49:13,591 [INFO]   XAUUSD_H4: 74 resolved signals
2026-07-08 02:49:13,591 [INFO]   XAUUSD_M15: 101 resolved signals
2026-07-08 02:49:13,591 [INFO]   XAUUSD_M30: 69 resolved signals
2026-07-08 02:49:13,591 [INFO]   XAUUSD_M5: 79 resolved signals
2026-07-08 02:49:13,591 [INFO]   XAUUSDc_D1: 59 resolved signals
2026-07-08 02:49:13,591 [INFO]   XAUUSDc_H1: 76 resolved signals
2026-07-08 02:49:13,592 [INFO]   XAUUSDc_H4: 78 resolved signals
2026-07-08 02:49:13,592 [INFO]   XAUUSDc_M15: 12 resolved signals
2026-07-08 02:49:13,592 [INFO]   XAUUSDc_M30: 69 resolved signals
2026-07-08 02:49:13,592 [INFO]   XAUUSDc_M5: 21 resolved signals
2026-07-08 02:49:13,592 [DEBUG]   BTCUSD_D1: skip — only 0/150 signals
2026-07-08 02:49:13,592 [DEBUG]   BTCUSD_H1: skip — only 93/150 signals
2026-07-08 02:49:13,592 [DEBUG]   BTCUSD_H4: skip — only 0/150 signals
2026-07-08 02:49:13,592 [DEBUG]   BTCUSD_M30: skip — only 52/150 signals
2026-07-08 02:49:13,592 [DEBUG]   BTCUSD_M5: skip — only 73/150 signals
2026-07-08 02:49:13,592 [DEBUG]   EURUSDc_D1: skip — only 43/150 signals
2026-07-08 02:49:13,592 [DEBUG]   EURUSDc_H1: skip — only 50/150 signals
2026-07-08 02:49:13,592 [DEBUG]   EURUSDc_H4: skip — only 96/150 signals
2026-07-08 02:49:13,592 [DEBUG]   EURUSDc_M15: skip — only 0/150 signals
2026-07-08 02:49:13,592 [DEBUG]   EURUSDc_M30: skip — only 0/150 signals
2026-07-08 02:49:13,592 [DEBUG]   XAUUSD_D1: skip — only 44/150 signals
2026-07-08 02:49:13,592 [DEBUG]   XAUUSD_H1: skip — only 9/150 signals
2026-07-08 02:49:13,592 [DEBUG]   XAUUSD_H4: skip — only 74/150 signals
2026-07-08 02:49:13,592 [DEBUG]   XAUUSD_M15: skip — only 101/150 signals
2026-07-08 02:49:13,592 [DEBUG]   XAUUSD_M30: skip — only 69/150 signals
2026-07-08 02:49:13,592 [DEBUG]   XAUUSD_M5: skip — only 79/150 signals
2026-07-08 02:49:13,592 [DEBUG]   XAUUSDc_D1: skip — only 59/150 signals
2026-07-08 02:49:13,592 [DEBUG]   XAUUSDc_H1: skip — only 76/150 signals
2026-07-08 02:49:13,592 [DEBUG]   XAUUSDc_H4: skip — only 78/150 signals
2026-07-08 02:49:13,592 [DEBUG]   XAUUSDc_M15: skip — only 12/150 signals
2026-07-08 02:49:13,592 [DEBUG]   XAUUSDc_M30: skip — only 69/150 signals
2026-07-08 02:49:13,592 [DEBUG]   XAUUSDc_M5: skip — only 21/150 signals
2026-07-08 03:19:14,125 [INFO] Scanning 5 directories for TFs: ['M5', 'M15', 'M30', 'H1', 'H4', 'D1']
2026-07-08 03:19:14,214 [INFO] Found 22 symbol+TF pairs with data
2026-07-08 03:19:14,214 [INFO]   BTCUSD_D1: 0 resolved signals
2026-07-08 03:19:14,214 [INFO]   BTCUSD_H1: 93 resolved signals
2026-07-08 03:19:14,214 [INFO]   BTCUSD_H4: 0 resolved signals
2026-07-08 03:19:14,214 [INFO]   BTCUSD_M30: 52 resolved signals
2026-07-08 03:19:14,214 [INFO]   BTCUSD_M5: 73 resolved signals
2026-07-08 03:19:14,214 [INFO]   EURUSDc_D1: 43 resolved signals
2026-07-08 03:19:14,214 [INFO]   EURUSDc_H1: 50 resolved signals
2026-07-08 03:19:14,214 [INFO]   EURUSDc_H4: 96 resolved signals
2026-07-08 03:19:14,214 [INFO]   EURUSDc_M15: 0 resolved signals
2026-07-08 03:19:14,214 [INFO]   EURUSDc_M30: 0 resolved signals
2026-07-08 03:19:14,214 [INFO]   XAUUSD_D1: 44 resolved signals
2026-07-08 03:19:14,214 [INFO]   XAUUSD_H1: 11 resolved signals
2026-07-08 03:19:14,214 [INFO]   XAUUSD_H4: 74 resolved signals
2026-07-08 03:19:14,214 [INFO]   XAUUSD_M15: 102 resolved signals
2026-07-08 03:19:14,214 [INFO]   XAUUSD_M30: 69 resolved signals
2026-07-08 03:19:14,214 [INFO]   XAUUSD_M5: 79 resolved signals
2026-07-08 03:19:14,214 [INFO]   XAUUSDc_D1: 59 resolved signals
2026-07-08 03:19:14,214 [INFO]   XAUUSDc_H1: 76 resolved signals
2026-07-08 03:19:14,214 [INFO]   XAUUSDc_H4: 78 resolved signals
2026-07-08 03:19:14,214 [INFO]   XAUUSDc_M15: 13 resolved signals
2026-07-08 03:19:14,214 [INFO]   XAUUSDc_M30: 69 resolved signals
2026-07-08 03:19:14,214 [INFO]   XAUUSDc_M5: 21 resolved signals
2026-07-08 03:19:14,214 [DEBUG]   BTCUSD_D1: skip — only 0/150 signals
2026-07-08 03:19:14,214 [DEBUG]   BTCUSD_H1: skip — only 93/150 signals
2026-07-08 03:19:14,214 [DEBUG]   BTCUSD_H4: skip — only 0/150 signals
2026-07-08 03:19:14,214 [DEBUG]   BTCUSD_M30: skip — only 52/150 signals
2026-07-08 03:19:14,215 [DEBUG]   BTCUSD_M5: skip — only 73/150 signals
2026-07-08 03:19:14,215 [DEBUG]   EURUSDc_D1: skip — only 43/150 signals
2026-07-08 03:19:14,215 [DEBUG]   EURUSDc_H1: skip — only 50/150 signals
2026-07-08 03:19:14,215 [DEBUG]   EURUSDc_H4: skip — only 96/150 signals
2026-07-08 03:19:14,215 [DEBUG]   EURUSDc_M15: skip — only 0/150 signals
2026-07-08 03:19:14,215 [DEBUG]   EURUSDc_M30: skip — only 0/150 signals
2026-07-08 03:19:14,215 [DEBUG]   XAUUSD_D1: skip — only 44/150 signals
2026-07-08 03:19:14,215 [DEBUG]   XAUUSD_H1: skip — only 11/150 signals
2026-07-08 03:19:14,215 [DEBUG]   XAUUSD_H4: skip — only 74/150 signals
2026-07-08 03:19:14,215 [DEBUG]   XAUUSD_M15: skip — only 102/150 signals
2026-07-08 03:19:14,215 [DEBUG]   XAUUSD_M30: skip — only 69/150 signals
2026-07-08 03:19:14,215 [DEBUG]   XAUUSD_M5: skip — only 79/150 signals
2026-07-08 03:19:14,215 [DEBUG]   XAUUSDc_D1: skip — only 59/150 signals
2026-07-08 03:19:14,215 [DEBUG]   XAUUSDc_H1: skip — only 76/150 signals
2026-07-08 03:19:14,215 [DEBUG]   XAUUSDc_H4: skip — only 78/150 signals
2026-07-08 03:19:14,215 [DEBUG]   XAUUSDc_M15: skip — only 13/150 signals
2026-07-08 03:19:14,215 [DEBUG]   XAUUSDc_M30: skip — only 69/150 signals
2026-07-08 03:19:14,215 [DEBUG]   XAUUSDc_M5: skip — only 21/150 signals
2026-07-08 03:49:14,738 [INFO] Scanning 5 directories for TFs: ['M5', 'M15', 'M30', 'H1', 'H4', 'D1']
2026-07-08 03:49:14,789 [INFO] Found 22 symbol+TF pairs with data
2026-07-08 03:49:14,789 [INFO]   BTCUSD_D1: 0 resolved signals
2026-07-08 03:49:14,789 [INFO]   BTCUSD_H1: 93 resolved signals
2026-07-08 03:49:14,789 [INFO]   BTCUSD_H4: 0 resolved signals
2026-07-08 03:49:14,789 [INFO]   BTCUSD_M30: 52 resolved signals
2026-07-08 03:49:14,789 [INFO]   BTCUSD_M5: 73 resolved signals
2026-07-08 03:49:14,789 [INFO]   EURUSDc_D1: 43 resolved signals
2026-07-08 03:49:14,789 [INFO]   EURUSDc_H1: 50 resolved signals
2026-07-08 03:49:14,789 [INFO]   EURUSDc_H4: 96 resolved signals
2026-07-08 03:49:14,789 [INFO]   EURUSDc_M15: 0 resolved signals
2026-07-08 03:49:14,789 [INFO]   EURUSDc_M30: 0 resolved signals
2026-07-08 03:49:14,789 [INFO]   XAUUSD_D1: 44 resolved signals
2026-07-08 03:49:14,789 [INFO]   XAUUSD_H1: 11 resolved signals
2026-07-08 03:49:14,789 [INFO]   XAUUSD_H4: 74 resolved signals
2026-07-08 03:49:14,789 [INFO]   XAUUSD_M15: 102 resolved signals
2026-07-08 03:49:14,789 [INFO]   XAUUSD_M30: 69 resolved signals
2026-07-08 03:49:14,789 [INFO]   XAUUSD_M5: 79 resolved signals
2026-07-08 03:49:14,789 [INFO]   XAUUSDc_D1: 59 resolved signals
2026-07-08 03:49:14,789 [INFO]   XAUUSDc_H1: 76 resolved signals
2026-07-08 03:49:14,789 [INFO]   XAUUSDc_H4: 78 resolved signals
2026-07-08 03:49:14,789 [INFO]   XAUUSDc_M15: 13 resolved signals
2026-07-08 03:49:14,789 [INFO]   XAUUSDc_M30: 69 resolved signals
2026-07-08 03:49:14,789 [INFO]   XAUUSDc_M5: 21 resolved signals
2026-07-08 03:49:14,789 [DEBUG]   BTCUSD_D1: skip — only 0/150 signals
2026-07-08 03:49:14,789 [DEBUG]   BTCUSD_H1: skip — only 93/150 signals
2026-07-08 03:49:14,789 [DEBUG]   BTCUSD_H4: skip — only 0/150 signals
2026-07-08 03:49:14,789 [DEBUG]   BTCUSD_M30: skip — only 52/150 signals
2026-07-08 03:49:14,789 [DEBUG]   BTCUSD_M5: skip — only 73/150 signals
2026-07-08 03:49:14,789 [DEBUG]   EURUSDc_D1: skip — only 43/150 signals
2026-07-08 03:49:14,789 [DEBUG]   EURUSDc_H1: skip — only 50/150 signals
2026-07-08 03:49:14,789 [DEBUG]   EURUSDc_H4: skip — only 96/150 signals
2026-07-08 03:49:14,789 [DEBUG]   EURUSDc_M15: skip — only 0/150 signals
2026-07-08 03:49:14,789 [DEBUG]   EURUSDc_M30: skip — only 0/150 signals
2026-07-08 03:49:14,789 [DEBUG]   XAUUSD_D1: skip — only 44/150 signals
2026-07-08 03:49:14,789 [DEBUG]   XAUUSD_H1: skip — only 11/150 signals
2026-07-08 03:49:14,789 [DEBUG]   XAUUSD_H4: skip — only 74/150 signals
2026-07-08 03:49:14,789 [DEBUG]   XAUUSD_M15: skip — only 102/150 signals
2026-07-08 03:49:14,789 [DEBUG]   XAUUSD_M30: skip — only 69/150 signals
2026-07-08 03:49:14,789 [DEBUG]   XAUUSD_M5: skip — only 79/150 signals
2026-07-08 03:49:14,789 [DEBUG]   XAUUSDc_D1: skip — only 59/150 signals
2026-07-08 03:49:14,789 [DEBUG]   XAUUSDc_H1: skip — only 76/150 signals
2026-07-08 03:49:14,789 [DEBUG]   XAUUSDc_H4: skip — only 78/150 signals
2026-07-08 03:49:14,789 [DEBUG]   XAUUSDc_M15: skip — only 13/150 signals
2026-07-08 03:49:14,789 [DEBUG]   XAUUSDc_M30: skip — only 69/150 signals
2026-07-08 03:49:14,789 [DEBUG]   XAUUSDc_M5: skip — only 21/150 signals
2026-07-08 04:19:15,319 [INFO] Scanning 5 directories for TFs: ['M5', 'M15', 'M30', 'H1', 'H4', 'D1']
2026-07-08 04:19:15,372 [INFO] Found 22 symbol+TF pairs with data
2026-07-08 04:19:15,372 [INFO]   BTCUSD_D1: 0 resolved signals
2026-07-08 04:19:15,372 [INFO]   BTCUSD_H1: 93 resolved signals
2026-07-08 04:19:15,372 [INFO]   BTCUSD_H4: 0 resolved signals
2026-07-08 04:19:15,372 [INFO]   BTCUSD_M30: 52 resolved signals
2026-07-08 04:19:15,372 [INFO]   BTCUSD_M5: 73 resolved signals
2026-07-08 04:19:15,372 [INFO]   EURUSDc_D1: 43 resolved signals
2026-07-08 04:19:15,372 [INFO]   EURUSDc_H1: 50 resolved signals
2026-07-08 04:19:15,372 [INFO]   EURUSDc_H4: 96 resolved signals
2026-07-08 04:19:15,372 [INFO]   EURUSDc_M15: 0 resolved signals
2026-07-08 04:19:15,372 [INFO]   EURUSDc_M30: 0 resolved signals
2026-07-08 04:19:15,372 [INFO]   XAUUSD_D1: 44 resolved signals
2026-07-08 04:19:15,372 [INFO]   XAUUSD_H1: 11 resolved signals
2026-07-08 04:19:15,372 [INFO]   XAUUSD_H4: 74 resolved signals
2026-07-08 04:19:15,372 [INFO]   XAUUSD_M15: 102 resolved signals
2026-07-08 04:19:15,372 [INFO]   XAUUSD_M30: 69 resolved signals
2026-07-08 04:19:15,372 [INFO]   XAUUSD_M5: 79 resolved signals
2026-07-08 04:19:15,372 [INFO]   XAUUSDc_D1: 59 resolved signals
2026-07-08 04:19:15,372 [INFO]   XAUUSDc_H1: 76 resolved signals
2026-07-08 04:19:15,372 [INFO]   XAUUSDc_H4: 78 resolved signals
2026-07-08 04:19:15,372 [INFO]   XAUUSDc_M15: 13 resolved signals
2026-07-08 04:19:15,372 [INFO]   XAUUSDc_M30: 69 resolved signals
2026-07-08 04:19:15,372 [INFO]   XAUUSDc_M5: 21 resolved signals
2026-07-08 04:19:15,372 [DEBUG]   BTCUSD_D1: skip — only 0/150 signals
2026-07-08 04:19:15,372 [DEBUG]   BTCUSD_H1: skip — only 93/150 signals
2026-07-08 04:19:15,372 [DEBUG]   BTCUSD_H4: skip — only 0/150 signals
2026-07-08 04:19:15,372 [DEBUG]   BTCUSD_M30: skip — only 52/150 signals
2026-07-08 04:19:15,372 [DEBUG]   BTCUSD_M5: skip — only 73/150 signals
2026-07-08 04:19:15,372 [DEBUG]   EURUSDc_D1: skip — only 43/150 signals
2026-07-08 04:19:15,372 [DEBUG]   EURUSDc_H1: skip — only 50/150 signals
2026-07-08 04:19:15,372 [DEBUG]   EURUSDc_H4: skip — only 96/150 signals
2026-07-08 04:19:15,372 [DEBUG]   EURUSDc_M15: skip — only 0/150 signals
2026-07-08 04:19:15,372 [DEBUG]   EURUSDc_M30: skip — only 0/150 signals
2026-07-08 04:19:15,372 [DEBUG]   XAUUSD_D1: skip — only 44/150 signals
2026-07-08 04:19:15,372 [DEBUG]   XAUUSD_H1: skip — only 11/150 signals
2026-07-08 04:19:15,372 [DEBUG]   XAUUSD_H4: skip — only 74/150 signals
2026-07-08 04:19:15,372 [DEBUG]   XAUUSD_M15: skip — only 102/150 signals
2026-07-08 04:19:15,372 [DEBUG]   XAUUSD_M30: skip — only 69/150 signals
2026-07-08 04:19:15,372 [DEBUG]   XAUUSD_M5: skip — only 79/150 signals
2026-07-08 04:19:15,372 [DEBUG]   XAUUSDc_D1: skip — only 59/150 signals
2026-07-08 04:19:15,372 [DEBUG]   XAUUSDc_H1: skip — only 76/150 signals
2026-07-08 04:19:15,372 [DEBUG]   XAUUSDc_H4: skip — only 78/150 signals
2026-07-08 04:19:15,372 [DEBUG]   XAUUSDc_M15: skip — only 13/150 signals
2026-07-08 04:19:15,372 [DEBUG]   XAUUSDc_M30: skip — only 69/150 signals
2026-07-08 04:19:15,372 [DEBUG]   XAUUSDc_M5: skip — only 21/150 signals
2026-07-08 04:49:15,954 [INFO] Scanning 5 directories for TFs: ['M5', 'M15', 'M30', 'H1', 'H4', 'D1']
2026-07-08 04:49:16,003 [INFO] Found 22 symbol+TF pairs with data
2026-07-08 04:49:16,003 [INFO]   BTCUSD_D1: 0 resolved signals
2026-07-08 04:49:16,003 [INFO]   BTCUSD_H1: 93 resolved signals
2026-07-08 04:49:16,003 [INFO]   BTCUSD_H4: 0 resolved signals
2026-07-08 04:49:16,003 [INFO]   BTCUSD_M30: 52 resolved signals
2026-07-08 04:49:16,003 [INFO]   BTCUSD_M5: 73 resolved signals
2026-07-08 04:49:16,003 [INFO]   EURUSDc_D1: 43 resolved signals
2026-07-08 04:49:16,003 [INFO]   EURUSDc_H1: 50 resolved signals
2026-07-08 04:49:16,003 [INFO]   EURUSDc_H4: 96 resolved signals
2026-07-08 04:49:16,004 [INFO]   EURUSDc_M15: 0 resolved signals
2026-07-08 04:49:16,004 [INFO]   EURUSDc_M30: 0 resolved signals
2026-07-08 04:49:16,004 [INFO]   XAUUSD_D1: 44 resolved signals
2026-07-08 04:49:16,004 [INFO]   XAUUSD_H1: 11 resolved signals
2026-07-08 04:49:16,004 [INFO]   XAUUSD_H4: 74 resolved signals
2026-07-08 04:49:16,004 [INFO]   XAUUSD_M15: 102 resolved signals
2026-07-08 04:49:16,004 [INFO]   XAUUSD_M30: 69 resolved signals
2026-07-08 04:49:16,004 [INFO]   XAUUSD_M5: 79 resolved signals
2026-07-08 04:49:16,004 [INFO]   XAUUSDc_D1: 59 resolved signals
2026-07-08 04:49:16,004 [INFO]   XAUUSDc_H1: 76 resolved signals
2026-07-08 04:49:16,004 [INFO]   XAUUSDc_H4: 78 resolved signals
2026-07-08 04:49:16,004 [INFO]   XAUUSDc_M15: 13 resolved signals
2026-07-08 04:49:16,004 [INFO]   XAUUSDc_M30: 69 resolved signals
2026-07-08 04:49:16,004 [INFO]   XAUUSDc_M5: 21 resolved signals
2026-07-08 04:49:16,004 [DEBUG]   BTCUSD_D1: skip — only 0/150 signals
2026-07-08 04:49:16,004 [DEBUG]   BTCUSD_H1: skip — only 93/150 signals
2026-07-08 04:49:16,004 [DEBUG]   BTCUSD_H4: skip — only 0/150 signals
2026-07-08 04:49:16,004 [DEBUG]   BTCUSD_M30: skip — only 52/150 signals
2026-07-08 04:49:16,004 [DEBUG]   BTCUSD_M5: skip — only 73/150 signals
2026-07-08 04:49:16,004 [DEBUG]   EURUSDc_D1: skip — only 43/150 signals
2026-07-08 04:49:16,004 [DEBUG]   EURUSDc_H1: skip — only 50/150 signals
2026-07-08 04:49:16,004 [DEBUG]   EURUSDc_H4: skip — only 96/150 signals
2026-07-08 04:49:16,004 [DEBUG]   EURUSDc_M15: skip — only 0/150 signals
2026-07-08 04:49:16,004 [DEBUG]   EURUSDc_M30: skip — only 0/150 signals
2026-07-08 04:49:16,004 [DEBUG]   XAUUSD_D1: skip — only 44/150 signals
2026-07-08 04:49:16,004 [DEBUG]   XAUUSD_H1: skip — only 11/150 signals
2026-07-08 04:49:16,004 [DEBUG]   XAUUSD_H4: skip — only 74/150 signals
2026-07-08 04:49:16,004 [DEBUG]   XAUUSD_M15: skip — only 102/150 signals
2026-07-08 04:49:16,004 [DEBUG]   XAUUSD_M30: skip — only 69/150 signals
2026-07-08 04:49:16,004 [DEBUG]   XAUUSD_M5: skip — only 79/150 signals
2026-07-08 04:49:16,004 [DEBUG]   XAUUSDc_D1: skip — only 59/150 signals
2026-07-08 04:49:16,004 [DEBUG]   XAUUSDc_H1: skip — only 76/150 signals
2026-07-08 04:49:16,004 [DEBUG]   XAUUSDc_H4: skip — only 78/150 signals
2026-07-08 04:49:16,004 [DEBUG]   XAUUSDc_M15: skip — only 13/150 signals
2026-07-08 04:49:16,004 [DEBUG]   XAUUSDc_M30: skip — only 69/150 signals
2026-07-08 04:49:16,004 [DEBUG]   XAUUSDc_M5: skip — only 21/150 signals
2026-07-08 05:19:16,530 [INFO] Scanning 5 directories for TFs: ['M5', 'M15', 'M30', 'H1', 'H4', 'D1']
2026-07-08 05:19:16,593 [INFO] Found 22 symbol+TF pairs with data
2026-07-08 05:19:16,593 [INFO]   BTCUSD_D1: 0 resolved signals
2026-07-08 05:19:16,593 [INFO]   BTCUSD_H1: 93 resolved signals
2026-07-08 05:19:16,593 [INFO]   BTCUSD_H4: 0 resolved signals
2026-07-08 05:19:16,593 [INFO]   BTCUSD_M30: 52 resolved signals
2026-07-08 05:19:16,593 [INFO]   BTCUSD_M5: 73 resolved signals
2026-07-08 05:19:16,593 [INFO]   EURUSDc_D1: 43 resolved signals
2026-07-08 05:19:16,593 [INFO]   EURUSDc_H1: 50 resolved signals
2026-07-08 05:19:16,593 [INFO]   EURUSDc_H4: 96 resolved signals
2026-07-08 05:19:16,593 [INFO]   EURUSDc_M15: 0 resolved signals
2026-07-08 05:19:16,593 [INFO]   EURUSDc_M30: 0 resolved signals
2026-07-08 05:19:16,593 [INFO]   XAUUSD_D1: 44 resolved signals
2026-07-08 05:19:16,593 [INFO]   XAUUSD_H1: 11 resolved signals
2026-07-08 05:19:16,593 [INFO]   XAUUSD_H4: 74 resolved signals
2026-07-08 05:19:16,593 [INFO]   XAUUSD_M15: 103 resolved signals
2026-07-08 05:19:16,593 [INFO]   XAUUSD_M30: 69 resolved signals
2026-07-08 05:19:16,593 [INFO]   XAUUSD_M5: 79 resolved signals
2026-07-08 05:19:16,593 [INFO]   XAUUSDc_D1: 59 resolved signals
2026-07-08 05:19:16,593 [INFO]   XAUUSDc_H1: 76 resolved signals
2026-07-08 05:19:16,593 [INFO]   XAUUSDc_H4: 78 resolved signals
2026-07-08 05:19:16,593 [INFO]   XAUUSDc_M15: 14 resolved signals
2026-07-08 05:19:16,593 [INFO]   XAUUSDc_M30: 69 resolved signals
2026-07-08 05:19:16,593 [INFO]   XAUUSDc_M5: 21 resolved signals
2026-07-08 05:19:16,593 [DEBUG]   BTCUSD_D1: skip — only 0/150 signals
2026-07-08 05:19:16,593 [DEBUG]   BTCUSD_H1: skip — only 93/150 signals
2026-07-08 05:19:16,593 [DEBUG]   BTCUSD_H4: skip — only 0/150 signals
2026-07-08 05:19:16,593 [DEBUG]   BTCUSD_M30: skip — only 52/150 signals
2026-07-08 05:19:16,593 [DEBUG]   BTCUSD_M5: skip — only 73/150 signals
2026-07-08 05:19:16,593 [DEBUG]   EURUSDc_D1: skip — only 43/150 signals
2026-07-08 05:19:16,593 [DEBUG]   EURUSDc_H1: skip — only 50/150 signals
2026-07-08 05:19:16,593 [DEBUG]   EURUSDc_H4: skip — only 96/150 signals
2026-07-08 05:19:16,593 [DEBUG]   EURUSDc_M15: skip — only 0/150 signals
2026-07-08 05:19:16,593 [DEBUG]   EURUSDc_M30: skip — only 0/150 signals
2026-07-08 05:19:16,593 [DEBUG]   XAUUSD_D1: skip — only 44/150 signals
2026-07-08 05:19:16,593 [DEBUG]   XAUUSD_H1: skip — only 11/150 signals
2026-07-08 05:19:16,593 [DEBUG]   XAUUSD_H4: skip — only 74/150 signals
2026-07-08 05:19:16,593 [DEBUG]   XAUUSD_M15: skip — only 103/150 signals
2026-07-08 05:19:16,593 [DEBUG]   XAUUSD_M30: skip — only 69/150 signals
2026-07-08 05:19:16,593 [DEBUG]   XAUUSD_M5: skip — only 79/150 signals
2026-07-08 05:19:16,593 [DEBUG]   XAUUSDc_D1: skip — only 59/150 signals
2026-07-08 05:19:16,593 [DEBUG]   XAUUSDc_H1: skip — only 76/150 signals
2026-07-08 05:19:16,593 [DEBUG]   XAUUSDc_H4: skip — only 78/150 signals
2026-07-08 05:19:16,593 [DEBUG]   XAUUSDc_M15: skip — only 14/150 signals
2026-07-08 05:19:16,593 [DEBUG]   XAUUSDc_M30: skip — only 69/150 signals
2026-07-08 05:19:16,593 [DEBUG]   XAUUSDc_M5: skip — only 21/150 signals
2026-07-08 05:49:17,115 [INFO] Scanning 5 directories for TFs: ['M5', 'M15', 'M30', 'H1', 'H4', 'D1']
2026-07-08 05:49:17,332 [INFO] Found 22 symbol+TF pairs with data
2026-07-08 05:49:17,332 [INFO]   BTCUSD_D1: 0 resolved signals
2026-07-08 05:49:17,332 [INFO]   BTCUSD_H1: 93 resolved signals
2026-07-08 05:49:17,332 [INFO]   BTCUSD_H4: 0 resolved signals
2026-07-08 05:49:17,332 [INFO]   BTCUSD_M30: 52 resolved signals
2026-07-08 05:49:17,332 [INFO]   BTCUSD_M5: 73 resolved signals
2026-07-08 05:49:17,332 [INFO]   EURUSDc_D1: 43 resolved signals
2026-07-08 05:49:17,332 [INFO]   EURUSDc_H1: 50 resolved signals
2026-07-08 05:49:17,332 [INFO]   EURUSDc_H4: 96 resolved signals
2026-07-08 05:49:17,332 [INFO]   EURUSDc_M15: 0 resolved signals
2026-07-08 05:49:17,332 [INFO]   EURUSDc_M30: 0 resolved signals
2026-07-08 05:49:17,332 [INFO]   XAUUSD_D1: 44 resolved signals
2026-07-08 05:49:17,332 [INFO]   XAUUSD_H1: 11 resolved signals
2026-07-08 05:49:17,332 [INFO]   XAUUSD_H4: 74 resolved signals
2026-07-08 05:49:17,332 [INFO]   XAUUSD_M15: 103 resolved signals
2026-07-08 05:49:17,332 [INFO]   XAUUSD_M30: 69 resolved signals
2026-07-08 05:49:17,332 [INFO]   XAUUSD_M5: 79 resolved signals
2026-07-08 05:49:17,332 [INFO]   XAUUSDc_D1: 59 resolved signals
2026-07-08 05:49:17,332 [INFO]   XAUUSDc_H1: 76 resolved signals
2026-07-08 05:49:17,332 [INFO]   XAUUSDc_H4: 78 resolved signals
2026-07-08 05:49:17,332 [INFO]   XAUUSDc_M15: 14 resolved signals
2026-07-08 05:49:17,332 [INFO]   XAUUSDc_M30: 69 resolved signals
2026-07-08 05:49:17,332 [INFO]   XAUUSDc_M5: 21 resolved signals
2026-07-08 05:49:17,332 [DEBUG]   BTCUSD_D1: skip — only 0/150 signals
2026-07-08 05:49:17,332 [DEBUG]   BTCUSD_H1: skip — only 93/150 signals
2026-07-08 05:49:17,332 [DEBUG]   BTCUSD_H4: skip — only 0/150 signals
2026-07-08 05:49:17,332 [DEBUG]   BTCUSD_M30: skip — only 52/150 signals
2026-07-08 05:49:17,332 [DEBUG]   BTCUSD_M5: skip — only 73/150 signals
2026-07-08 05:49:17,332 [DEBUG]   EURUSDc_D1: skip — only 43/150 signals
2026-07-08 05:49:17,332 [DEBUG]   EURUSDc_H1: skip — only 50/150 signals
2026-07-08 05:49:17,332 [DEBUG]   EURUSDc_H4: skip — only 96/150 signals
2026-07-08 05:49:17,332 [DEBUG]   EURUSDc_M15: skip — only 0/150 signals
2026-07-08 05:49:17,332 [DEBUG]   EURUSDc_M30: skip — only 0/150 signals
2026-07-08 05:49:17,332 [DEBUG]   XAUUSD_D1: skip — only 44/150 signals
2026-07-08 05:49:17,332 [DEBUG]   XAUUSD_H1: skip — only 11/150 signals
2026-07-08 05:49:17,332 [DEBUG]   XAUUSD_H4: skip — only 74/150 signals
2026-07-08 05:49:17,332 [DEBUG]   XAUUSD_M15: skip — only 103/150 signals
2026-07-08 05:49:17,332 [DEBUG]   XAUUSD_M30: skip — only 69/150 signals
2026-07-08 05:49:17,332 [DEBUG]   XAUUSD_M5: skip — only 79/150 signals
2026-07-08 05:49:17,332 [DEBUG]   XAUUSDc_D1: skip — only 59/150 signals
2026-07-08 05:49:17,332 [DEBUG]   XAUUSDc_H1: skip — only 76/150 signals
2026-07-08 05:49:17,332 [DEBUG]   XAUUSDc_H4: skip — only 78/150 signals
2026-07-08 05:49:17,332 [DEBUG]   XAUUSDc_M15: skip — only 14/150 signals
2026-07-08 05:49:17,332 [DEBUG]   XAUUSDc_M30: skip — only 69/150 signals
2026-07-08 05:49:17,332 [DEBUG]   XAUUSDc_M5: skip — only 21/150 signals
2026-07-08 06:19:17,859 [INFO] Scanning 5 directories for TFs: ['M5', 'M15', 'M30', 'H1', 'H4', 'D1']
2026-07-08 06:19:17,923 [INFO] Found 22 symbol+TF pairs with data
2026-07-08 06:19:17,923 [INFO]   BTCUSD_D1: 0 resolved signals
2026-07-08 06:19:17,923 [INFO]   BTCUSD_H1: 93 resolved signals
2026-07-08 06:19:17,923 [INFO]   BTCUSD_H4: 0 resolved signals
2026-07-08 06:19:17,923 [INFO]   BTCUSD_M30: 52 resolved signals
2026-07-08 06:19:17,923 [INFO]   BTCUSD_M5: 73 resolved signals
2026-07-08 06:19:17,923 [INFO]   EURUSDc_D1: 43 resolved signals
2026-07-08 06:19:17,923 [INFO]   EURUSDc_H1: 50 resolved signals
2026-07-08 06:19:17,923 [INFO]   EURUSDc_H4: 96 resolved signals
2026-07-08 06:19:17,923 [INFO]   EURUSDc_M15: 0 resolved signals
2026-07-08 06:19:17,923 [INFO]   EURUSDc_M30: 0 resolved signals
2026-07-08 06:19:17,923 [INFO]   XAUUSD_D1: 44 resolved signals
2026-07-08 06:19:17,923 [INFO]   XAUUSD_H1: 11 resolved signals
2026-07-08 06:19:17,923 [INFO]   XAUUSD_H4: 74 resolved signals
2026-07-08 06:19:17,923 [INFO]   XAUUSD_M15: 103 resolved signals
2026-07-08 06:19:17,923 [INFO]   XAUUSD_M30: 69 resolved signals
2026-07-08 06:19:17,923 [INFO]   XAUUSD_M5: 79 resolved signals
2026-07-08 06:19:17,923 [INFO]   XAUUSDc_D1: 59 resolved signals
2026-07-08 06:19:17,923 [INFO]   XAUUSDc_H1: 76 resolved signals
2026-07-08 06:19:17,923 [INFO]   XAUUSDc_H4: 78 resolved signals
2026-07-08 06:19:17,923 [INFO]   XAUUSDc_M15: 14 resolved signals
2026-07-08 06:19:17,923 [INFO]   XAUUSDc_M30: 69 resolved signals
2026-07-08 06:19:17,923 [INFO]   XAUUSDc_M5: 21 resolved signals
2026-07-08 06:19:17,923 [DEBUG]   BTCUSD_D1: skip — only 0/150 signals
2026-07-08 06:19:17,923 [DEBUG]   BTCUSD_H1: skip — only 93/150 signals
2026-07-08 06:19:17,923 [DEBUG]   BTCUSD_H4: skip — only 0/150 signals
2026-07-08 06:19:17,923 [DEBUG]   BTCUSD_M30: skip — only 52/150 signals
2026-07-08 06:19:17,923 [DEBUG]   BTCUSD_M5: skip — only 73/150 signals
2026-07-08 06:19:17,923 [DEBUG]   EURUSDc_D1: skip — only 43/150 signals
2026-07-08 06:19:17,923 [DEBUG]   EURUSDc_H1: skip — only 50/150 signals
2026-07-08 06:19:17,923 [DEBUG]   EURUSDc_H4: skip — only 96/150 signals
2026-07-08 06:19:17,923 [DEBUG]   EURUSDc_M15: skip — only 0/150 signals
2026-07-08 06:19:17,923 [DEBUG]   EURUSDc_M30: skip — only 0/150 signals
2026-07-08 06:19:17,923 [DEBUG]   XAUUSD_D1: skip — only 44/150 signals
2026-07-08 06:19:17,923 [DEBUG]   XAUUSD_H1: skip — only 11/150 signals
2026-07-08 06:19:17,923 [DEBUG]   XAUUSD_H4: skip — only 74/150 signals
2026-07-08 06:19:17,923 [DEBUG]   XAUUSD_M15: skip — only 103/150 signals
2026-07-08 06:19:17,923 [DEBUG]   XAUUSD_M30: skip — only 69/150 signals
2026-07-08 06:19:17,923 [DEBUG]   XAUUSD_M5: skip — only 79/150 signals
2026-07-08 06:19:17,924 [DEBUG]   XAUUSDc_D1: skip — only 59/150 signals
2026-07-08 06:19:17,924 [DEBUG]   XAUUSDc_H1: skip — only 76/150 signals
2026-07-08 06:19:17,924 [DEBUG]   XAUUSDc_H4: skip — only 78/150 signals
2026-07-08 06:19:17,924 [DEBUG]   XAUUSDc_M15: skip — only 14/150 signals
2026-07-08 06:19:17,924 [DEBUG]   XAUUSDc_M30: skip — only 69/150 signals
2026-07-08 06:19:17,924 [DEBUG]   XAUUSDc_M5: skip — only 21/150 signals
2026-07-08 06:49:18,435 [INFO] Scanning 5 directories for TFs: ['M5', 'M15', 'M30', 'H1', 'H4', 'D1']
2026-07-08 06:49:18,498 [INFO] Found 22 symbol+TF pairs with data
2026-07-08 06:49:18,498 [INFO]   BTCUSD_D1: 0 resolved signals
2026-07-08 06:49:18,498 [INFO]   BTCUSD_H1: 93 resolved signals
2026-07-08 06:49:18,498 [INFO]   BTCUSD_H4: 0 resolved signals
2026-07-08 06:49:18,498 [INFO]   BTCUSD_M30: 52 resolved signals
2026-07-08 06:49:18,498 [INFO]   BTCUSD_M5: 73 resolved signals
2026-07-08 06:49:18,498 [INFO]   EURUSDc_D1: 43 resolved signals
2026-07-08 06:49:18,498 [INFO]   EURUSDc_H1: 50 resolved signals
2026-07-08 06:49:18,498 [INFO]   EURUSDc_H4: 96 resolved signals
2026-07-08 06:49:18,498 [INFO]   EURUSDc_M15: 0 resolved signals
2026-07-08 06:49:18,498 [INFO]   EURUSDc_M30: 0 resolved signals
2026-07-08 06:49:18,498 [INFO]   XAUUSD_D1: 44 resolved signals
2026-07-08 06:49:18,498 [INFO]   XAUUSD_H1: 11 resolved signals
2026-07-08 06:49:18,498 [INFO]   XAUUSD_H4: 74 resolved signals
2026-07-08 06:49:18,498 [INFO]   XAUUSD_M15: 104 resolved signals
2026-07-08 06:49:18,498 [INFO]   XAUUSD_M30: 69 resolved signals
2026-07-08 06:49:18,498 [INFO]   XAUUSD_M5: 79 resolved signals
2026-07-08 06:49:18,498 [INFO]   XAUUSDc_D1: 59 resolved signals
2026-07-08 06:49:18,498 [INFO]   XAUUSDc_H1: 76 resolved signals
2026-07-08 06:49:18,498 [INFO]   XAUUSDc_H4: 78 resolved signals
2026-07-08 06:49:18,498 [INFO]   XAUUSDc_M15: 15 resolved signals
2026-07-08 06:49:18,498 [INFO]   XAUUSDc_M30: 69 resolved signals
2026-07-08 06:49:18,499 [INFO]   XAUUSDc_M5: 21 resolved signals
2026-07-08 06:49:18,499 [DEBUG]   BTCUSD_D1: skip — only 0/150 signals
2026-07-08 06:49:18,499 [DEBUG]   BTCUSD_H1: skip — only 93/150 signals
2026-07-08 06:49:18,499 [DEBUG]   BTCUSD_H4: skip — only 0/150 signals
2026-07-08 06:49:18,499 [DEBUG]   BTCUSD_M30: skip — only 52/150 signals
2026-07-08 06:49:18,499 [DEBUG]   BTCUSD_M5: skip — only 73/150 signals
2026-07-08 06:49:18,499 [DEBUG]   EURUSDc_D1: skip — only 43/150 signals
2026-07-08 06:49:18,499 [DEBUG]   EURUSDc_H1: skip — only 50/150 signals
2026-07-08 06:49:18,499 [DEBUG]   EURUSDc_H4: skip — only 96/150 signals
2026-07-08 06:49:18,499 [DEBUG]   EURUSDc_M15: skip — only 0/150 signals
2026-07-08 06:49:18,499 [DEBUG]   EURUSDc_M30: skip — only 0/150 signals
2026-07-08 06:49:18,499 [DEBUG]   XAUUSD_D1: skip — only 44/150 signals
2026-07-08 06:49:18,499 [DEBUG]   XAUUSD_H1: skip — only 11/150 signals
2026-07-08 06:49:18,499 [DEBUG]   XAUUSD_H4: skip — only 74/150 signals
2026-07-08 06:49:18,499 [DEBUG]   XAUUSD_M15: skip — only 104/150 signals
2026-07-08 06:49:18,499 [DEBUG]   XAUUSD_M30: skip — only 69/150 signals
2026-07-08 06:49:18,499 [DEBUG]   XAUUSD_M5: skip — only 79/150 signals
2026-07-08 06:49:18,499 [DEBUG]   XAUUSDc_D1: skip — only 59/150 signals
2026-07-08 06:49:18,499 [DEBUG]   XAUUSDc_H1: skip — only 76/150 signals
2026-07-08 06:49:18,499 [DEBUG]   XAUUSDc_H4: skip — only 78/150 signals
2026-07-08 06:49:18,499 [DEBUG]   XAUUSDc_M15: skip — only 15/150 signals
2026-07-08 06:49:18,499 [DEBUG]   XAUUSDc_M30: skip — only 69/150 signals
2026-07-08 06:49:18,499 [DEBUG]   XAUUSDc_M5: skip — only 21/150 signals
2026-07-08 07:19:19,030 [INFO] Scanning 5 directories for TFs: ['M5', 'M15', 'M30', 'H1', 'H4', 'D1']
2026-07-08 07:19:19,253 [INFO] Found 22 symbol+TF pairs with data
2026-07-08 07:19:19,253 [INFO]   BTCUSD_D1: 0 resolved signals
2026-07-08 07:19:19,253 [INFO]   BTCUSD_H1: 93 resolved signals
2026-07-08 07:19:19,253 [INFO]   BTCUSD_H4: 0 resolved signals
2026-07-08 07:19:19,253 [INFO]   BTCUSD_M30: 52 resolved signals
2026-07-08 07:19:19,253 [INFO]   BTCUSD_M5: 73 resolved signals
2026-07-08 07:19:19,253 [INFO]   EURUSDc_D1: 43 resolved signals
2026-07-08 07:19:19,253 [INFO]   EURUSDc_H1: 50 resolved signals
2026-07-08 07:19:19,253 [INFO]   EURUSDc_H4: 96 resolved signals
2026-07-08 07:19:19,253 [INFO]   EURUSDc_M15: 0 resolved signals
2026-07-08 07:19:19,253 [INFO]   EURUSDc_M30: 0 resolved signals
2026-07-08 07:19:19,253 [INFO]   XAUUSD_D1: 44 resolved signals
2026-07-08 07:19:19,253 [INFO]   XAUUSD_H1: 11 resolved signals
2026-07-08 07:19:19,253 [INFO]   XAUUSD_H4: 74 resolved signals
2026-07-08 07:19:19,253 [INFO]   XAUUSD_M15: 104 resolved signals
2026-07-08 07:19:19,253 [INFO]   XAUUSD_M30: 69 resolved signals
2026-07-08 07:19:19,253 [INFO]   XAUUSD_M5: 79 resolved signals
2026-07-08 07:19:19,254 [INFO]   XAUUSDc_D1: 59 resolved signals
2026-07-08 07:19:19,254 [INFO]   XAUUSDc_H1: 76 resolved signals
2026-07-08 07:19:19,254 [INFO]   XAUUSDc_H4: 78 resolved signals
2026-07-08 07:19:19,254 [INFO]   XAUUSDc_M15: 15 resolved signals
2026-07-08 07:19:19,254 [INFO]   XAUUSDc_M30: 69 resolved signals
2026-07-08 07:19:19,254 [INFO]   XAUUSDc_M5: 21 resolved signals
2026-07-08 07:19:19,254 [DEBUG]   BTCUSD_D1: skip — only 0/150 signals
2026-07-08 07:19:19,254 [DEBUG]   BTCUSD_H1: skip — only 93/150 signals
2026-07-08 07:19:19,254 [DEBUG]   BTCUSD_H4: skip — only 0/150 signals
2026-07-08 07:19:19,254 [DEBUG]   BTCUSD_M30: skip — only 52/150 signals
2026-07-08 07:19:19,254 [DEBUG]   BTCUSD_M5: skip — only 73/150 signals
2026-07-08 07:19:19,254 [DEBUG]   EURUSDc_D1: skip — only 43/150 signals
2026-07-08 07:19:19,254 [DEBUG]   EURUSDc_H1: skip — only 50/150 signals
2026-07-08 07:19:19,254 [DEBUG]   EURUSDc_H4: skip — only 96/150 signals
2026-07-08 07:19:19,254 [DEBUG]   EURUSDc_M15: skip — only 0/150 signals
2026-07-08 07:19:19,254 [DEBUG]   EURUSDc_M30: skip — only 0/150 signals
2026-07-08 07:19:19,254 [DEBUG]   XAUUSD_D1: skip — only 44/150 signals
2026-07-08 07:19:19,254 [DEBUG]   XAUUSD_H1: skip — only 11/150 signals
2026-07-08 07:19:19,254 [DEBUG]   XAUUSD_H4: skip — only 74/150 signals
2026-07-08 07:19:19,254 [DEBUG]   XAUUSD_M15: skip — only 104/150 signals
2026-07-08 07:19:19,254 [DEBUG]   XAUUSD_M30: skip — only 69/150 signals
2026-07-08 07:19:19,254 [DEBUG]   XAUUSD_M5: skip — only 79/150 signals
2026-07-08 07:19:19,254 [DEBUG]   XAUUSDc_D1: skip — only 59/150 signals
2026-07-08 07:19:19,254 [DEBUG]   XAUUSDc_H1: skip — only 76/150 signals
2026-07-08 07:19:19,254 [DEBUG]   XAUUSDc_H4: skip — only 78/150 signals
2026-07-08 07:19:19,254 [DEBUG]   XAUUSDc_M15: skip — only 15/150 signals
2026-07-08 07:19:19,254 [DEBUG]   XAUUSDc_M30: skip — only 69/150 signals
2026-07-08 07:19:19,254 [DEBUG]   XAUUSDc_M5: skip — only 21/150 signals
2026-07-08 07:49:19,790 [INFO] Scanning 5 directories for TFs: ['M5', 'M15', 'M30', 'H1', 'H4', 'D1']
2026-07-08 07:49:19,869 [INFO] Found 22 symbol+TF pairs with data
2026-07-08 07:49:19,869 [INFO]   BTCUSD_D1: 0 resolved signals
2026-07-08 07:49:19,869 [INFO]   BTCUSD_H1: 93 resolved signals
2026-07-08 07:49:19,869 [INFO]   BTCUSD_H4: 0 resolved signals
2026-07-08 07:49:19,869 [INFO]   BTCUSD_M30: 52 resolved signals
2026-07-08 07:49:19,869 [INFO]   BTCUSD_M5: 73 resolved signals
2026-07-08 07:49:19,869 [INFO]   EURUSDc_D1: 43 resolved signals
2026-07-08 07:49:19,869 [INFO]   EURUSDc_H1: 50 resolved signals
2026-07-08 07:49:19,869 [INFO]   EURUSDc_H4: 96 resolved signals
2026-07-08 07:49:19,869 [INFO]   EURUSDc_M15: 0 resolved signals
2026-07-08 07:49:19,869 [INFO]   EURUSDc_M30: 0 resolved signals
2026-07-08 07:49:19,869 [INFO]   XAUUSD_D1: 44 resolved signals
2026-07-08 07:49:19,869 [INFO]   XAUUSD_H1: 11 resolved signals
2026-07-08 07:49:19,869 [INFO]   XAUUSD_H4: 74 resolved signals
2026-07-08 07:49:19,869 [INFO]   XAUUSD_M15: 104 resolved signals
2026-07-08 07:49:19,869 [INFO]   XAUUSD_M30: 69 resolved signals
2026-07-08 07:49:19,869 [INFO]   XAUUSD_M5: 79 resolved signals
2026-07-08 07:49:19,869 [INFO]   XAUUSDc_D1: 59 resolved signals
2026-07-08 07:49:19,869 [INFO]   XAUUSDc_H1: 76 resolved signals
2026-07-08 07:49:19,869 [INFO]   XAUUSDc_H4: 78 resolved signals
2026-07-08 07:49:19,869 [INFO]   XAUUSDc_M15: 15 resolved signals
2026-07-08 07:49:19,869 [INFO]   XAUUSDc_M30: 69 resolved signals
2026-07-08 07:49:19,869 [INFO]   XAUUSDc_M5: 21 resolved signals
2026-07-08 07:49:19,869 [DEBUG]   BTCUSD_D1: skip — only 0/150 signals
2026-07-08 07:49:19,869 [DEBUG]   BTCUSD_H1: skip — only 93/150 signals
2026-07-08 07:49:19,870 [DEBUG]   BTCUSD_H4: skip — only 0/150 signals
2026-07-08 07:49:19,870 [DEBUG]   BTCUSD_M30: skip — only 52/150 signals
2026-07-08 07:49:19,870 [DEBUG]   BTCUSD_M5: skip — only 73/150 signals
2026-07-08 07:49:19,870 [DEBUG]   EURUSDc_D1: skip — only 43/150 signals
2026-07-08 07:49:19,870 [DEBUG]   EURUSDc_H1: skip — only 50/150 signals
2026-07-08 07:49:19,870 [DEBUG]   EURUSDc_H4: skip — only 96/150 signals
2026-07-08 07:49:19,870 [DEBUG]   EURUSDc_M15: skip — only 0/150 signals
2026-07-08 07:49:19,870 [DEBUG]   EURUSDc_M30: skip — only 0/150 signals
2026-07-08 07:49:19,870 [DEBUG]   XAUUSD_D1: skip — only 44/150 signals
2026-07-08 07:49:19,870 [DEBUG]   XAUUSD_H1: skip — only 11/150 signals
2026-07-08 07:49:19,870 [DEBUG]   XAUUSD_H4: skip — only 74/150 signals
2026-07-08 07:49:19,870 [DEBUG]   XAUUSD_M15: skip — only 104/150 signals
2026-07-08 07:49:19,870 [DEBUG]   XAUUSD_M30: skip — only 69/150 signals
2026-07-08 07:49:19,870 [DEBUG]   XAUUSD_M5: skip — only 79/150 signals
2026-07-08 07:49:19,870 [DEBUG]   XAUUSDc_D1: skip — only 59/150 signals
2026-07-08 07:49:19,870 [DEBUG]   XAUUSDc_H1: skip — only 76/150 signals
2026-07-08 07:49:19,870 [DEBUG]   XAUUSDc_H4: skip — only 78/150 signals
2026-07-08 07:49:19,870 [DEBUG]   XAUUSDc_M15: skip — only 15/150 signals
2026-07-08 07:49:19,870 [DEBUG]   XAUUSDc_M30: skip — only 69/150 signals
2026-07-08 07:49:19,870 [DEBUG]   XAUUSDc_M5: skip — only 21/150 signals
2026-07-08 08:19:20,406 [INFO] Scanning 5 directories for TFs: ['M5', 'M15', 'M30', 'H1', 'H4', 'D1']
2026-07-08 08:19:20,481 [INFO] Found 22 symbol+TF pairs with data
2026-07-08 08:19:20,481 [INFO]   BTCUSD_D1: 0 resolved signals
2026-07-08 08:19:20,481 [INFO]   BTCUSD_H1: 93 resolved signals
2026-07-08 08:19:20,481 [INFO]   BTCUSD_H4: 0 resolved signals
2026-07-08 08:19:20,481 [INFO]   BTCUSD_M30: 52 resolved signals
2026-07-08 08:19:20,481 [INFO]   BTCUSD_M5: 76 resolved signals
2026-07-08 08:19:20,481 [INFO]   EURUSDc_D1: 43 resolved signals
2026-07-08 08:19:20,481 [INFO]   EURUSDc_H1: 50 resolved signals
2026-07-08 08:19:20,481 [INFO]   EURUSDc_H4: 96 resolved signals
2026-07-08 08:19:20,481 [INFO]   EURUSDc_M15: 0 resolved signals
2026-07-08 08:19:20,481 [INFO]   EURUSDc_M30: 0 resolved signals
2026-07-08 08:19:20,481 [INFO]   XAUUSD_D1: 44 resolved signals
2026-07-08 08:19:20,481 [INFO]   XAUUSD_H1: 11 resolved signals
2026-07-08 08:19:20,481 [INFO]   XAUUSD_H4: 74 resolved signals
2026-07-08 08:19:20,481 [INFO]   XAUUSD_M15: 104 resolved signals
2026-07-08 08:19:20,481 [INFO]   XAUUSD_M30: 69 resolved signals
2026-07-08 08:19:20,481 [INFO]   XAUUSD_M5: 79 resolved signals
2026-07-08 08:19:20,481 [INFO]   XAUUSDc_D1: 59 resolved signals
2026-07-08 08:19:20,481 [INFO]   XAUUSDc_H1: 76 resolved signals
2026-07-08 08:19:20,481 [INFO]   XAUUSDc_H4: 78 resolved signals
2026-07-08 08:19:20,481 [INFO]   XAUUSDc_M15: 15 resolved signals
2026-07-08 08:19:20,481 [INFO]   XAUUSDc_M30: 69 resolved signals
2026-07-08 08:19:20,481 [INFO]   XAUUSDc_M5: 21 resolved signals
2026-07-08 08:19:20,481 [DEBUG]   BTCUSD_D1: skip — only 0/150 signals
2026-07-08 08:19:20,481 [DEBUG]   BTCUSD_H1: skip — only 93/150 signals
2026-07-08 08:19:20,481 [DEBUG]   BTCUSD_H4: skip — only 0/150 signals
2026-07-08 08:19:20,481 [DEBUG]   BTCUSD_M30: skip — only 52/150 signals
2026-07-08 08:19:20,481 [DEBUG]   BTCUSD_M5: skip — only 76/150 signals
2026-07-08 08:19:20,481 [DEBUG]   EURUSDc_D1: skip — only 43/150 signals
2026-07-08 08:19:20,481 [DEBUG]   EURUSDc_H1: skip — only 50/150 signals
2026-07-08 08:19:20,481 [DEBUG]   EURUSDc_H4: skip — only 96/150 signals
2026-07-08 08:19:20,481 [DEBUG]   EURUSDc_M15: skip — only 0/150 signals
2026-07-08 08:19:20,481 [DEBUG]   EURUSDc_M30: skip — only 0/150 signals
2026-07-08 08:19:20,481 [DEBUG]   XAUUSD_D1: skip — only 44/150 signals
2026-07-08 08:19:20,482 [DEBUG]   XAUUSD_H1: skip — only 11/150 signals
2026-07-08 08:19:20,482 [DEBUG]   XAUUSD_H4: skip — only 74/150 signals
2026-07-08 08:19:20,482 [DEBUG]   XAUUSD_M15: skip — only 104/150 signals
2026-07-08 08:19:20,482 [DEBUG]   XAUUSD_M30: skip — only 69/150 signals
2026-07-08 08:19:20,482 [DEBUG]   XAUUSD_M5: skip — only 79/150 signals
2026-07-08 08:19:20,482 [DEBUG]   XAUUSDc_D1: skip — only 59/150 signals
2026-07-08 08:19:20,482 [DEBUG]   XAUUSDc_H1: skip — only 76/150 signals
2026-07-08 08:19:20,482 [DEBUG]   XAUUSDc_H4: skip — only 78/150 signals
2026-07-08 08:19:20,482 [DEBUG]   XAUUSDc_M15: skip — only 15/150 signals
2026-07-08 08:19:20,482 [DEBUG]   XAUUSDc_M30: skip — only 69/150 signals
2026-07-08 08:19:20,482 [DEBUG]   XAUUSDc_M5: skip — only 21/150 signals
2026-07-08 08:49:21,020 [INFO] Scanning 5 directories for TFs: ['M5', 'M15', 'M30', 'H1', 'H4', 'D1']
2026-07-08 08:49:21,077 [INFO] Found 22 symbol+TF pairs with data
2026-07-08 08:49:21,077 [INFO]   BTCUSD_D1: 0 resolved signals
2026-07-08 08:49:21,077 [INFO]   BTCUSD_H1: 93 resolved signals
2026-07-08 08:49:21,077 [INFO]   BTCUSD_H4: 0 resolved signals
2026-07-08 08:49:21,077 [INFO]   BTCUSD_M30: 52 resolved signals
2026-07-08 08:49:21,078 [INFO]   BTCUSD_M5: 76 resolved signals
2026-07-08 08:49:21,078 [INFO]   EURUSDc_D1: 43 resolved signals
2026-07-08 08:49:21,078 [INFO]   EURUSDc_H1: 50 resolved signals
2026-07-08 08:49:21,078 [INFO]   EURUSDc_H4: 96 resolved signals
2026-07-08 08:49:21,078 [INFO]   EURUSDc_M15: 0 resolved signals
2026-07-08 08:49:21,078 [INFO]   EURUSDc_M30: 0 resolved signals
2026-07-08 08:49:21,078 [INFO]   XAUUSD_D1: 44 resolved signals
2026-07-08 08:49:21,078 [INFO]   XAUUSD_H1: 11 resolved signals
2026-07-08 08:49:21,078 [INFO]   XAUUSD_H4: 74 resolved signals
2026-07-08 08:49:21,078 [INFO]   XAUUSD_M15: 104 resolved signals
2026-07-08 08:49:21,078 [INFO]   XAUUSD_M30: 69 resolved signals
2026-07-08 08:49:21,078 [INFO]   XAUUSD_M5: 79 resolved signals
2026-07-08 08:49:21,078 [INFO]   XAUUSDc_D1: 59 resolved signals
2026-07-08 08:49:21,078 [INFO]   XAUUSDc_H1: 76 resolved signals
2026-07-08 08:49:21,078 [INFO]   XAUUSDc_H4: 78 resolved signals
2026-07-08 08:49:21,078 [INFO]   XAUUSDc_M15: 15 resolved signals
2026-07-08 08:49:21,078 [INFO]   XAUUSDc_M30: 69 resolved signals
2026-07-08 08:49:21,078 [INFO]   XAUUSDc_M5: 21 resolved signals
2026-07-08 08:49:21,078 [DEBUG]   BTCUSD_D1: skip — only 0/150 signals
2026-07-08 08:49:21,078 [DEBUG]   BTCUSD_H1: skip — only 93/150 signals
2026-07-08 08:49:21,078 [DEBUG]   BTCUSD_H4: skip — only 0/150 signals
2026-07-08 08:49:21,078 [DEBUG]   BTCUSD_M30: skip — only 52/150 signals
2026-07-08 08:49:21,078 [DEBUG]   BTCUSD_M5: skip — only 76/150 signals
2026-07-08 08:49:21,078 [DEBUG]   EURUSDc_D1: skip — only 43/150 signals
2026-07-08 08:49:21,078 [DEBUG]   EURUSDc_H1: skip — only 50/150 signals
2026-07-08 08:49:21,078 [DEBUG]   EURUSDc_H4: skip — only 96/150 signals
2026-07-08 08:49:21,078 [DEBUG]   EURUSDc_M15: skip — only 0/150 signals
2026-07-08 08:49:21,078 [DEBUG]   EURUSDc_M30: skip — only 0/150 signals
2026-07-08 08:49:21,078 [DEBUG]   XAUUSD_D1: skip — only 44/150 signals
2026-07-08 08:49:21,078 [DEBUG]   XAUUSD_H1: skip — only 11/150 signals
2026-07-08 08:49:21,078 [DEBUG]   XAUUSD_H4: skip — only 74/150 signals
2026-07-08 08:49:21,078 [DEBUG]   XAUUSD_M15: skip — only 104/150 signals
2026-07-08 08:49:21,078 [DEBUG]   XAUUSD_M30: skip — only 69/150 signals
2026-07-08 08:49:21,078 [DEBUG]   XAUUSD_M5: skip — only 79/150 signals
2026-07-08 08:49:21,078 [DEBUG]   XAUUSDc_D1: skip — only 59/150 signals
2026-07-08 08:49:21,078 [DEBUG]   XAUUSDc_H1: skip — only 76/150 signals
2026-07-08 08:49:21,078 [DEBUG]   XAUUSDc_H4: skip — only 78/150 signals
2026-07-08 08:49:21,078 [DEBUG]   XAUUSDc_M15: skip — only 15/150 signals
2026-07-08 08:49:21,078 [DEBUG]   XAUUSDc_M30: skip — only 69/150 signals
2026-07-08 08:49:21,078 [DEBUG]   XAUUSDc_M5: skip — only 21/150 signals
2026-07-08 09:19:21,606 [INFO] Scanning 5 directories for TFs: ['M5', 'M15', 'M30', 'H1', 'H4', 'D1']
2026-07-08 09:19:21,716 [INFO] Found 22 symbol+TF pairs with data
2026-07-08 09:19:21,716 [INFO]   BTCUSD_D1: 0 resolved signals
2026-07-08 09:19:21,716 [INFO]   BTCUSD_H1: 93 resolved signals
2026-07-08 09:19:21,716 [INFO]   BTCUSD_H4: 0 resolved signals
2026-07-08 09:19:21,716 [INFO]   BTCUSD_M30: 52 resolved signals
2026-07-08 09:19:21,716 [INFO]   BTCUSD_M5: 79 resolved signals
2026-07-08 09:19:21,716 [INFO]   EURUSDc_D1: 43 resolved signals
2026-07-08 09:19:21,716 [INFO]   EURUSDc_H1: 50 resolved signals
2026-07-08 09:19:21,716 [INFO]   EURUSDc_H4: 96 resolved signals
2026-07-08 09:19:21,716 [INFO]   EURUSDc_M15: 0 resolved signals
2026-07-08 09:19:21,716 [INFO]   EURUSDc_M30: 0 resolved signals
2026-07-08 09:19:21,716 [INFO]   XAUUSD_D1: 44 resolved signals
2026-07-08 09:19:21,716 [INFO]   XAUUSD_H1: 11 resolved signals
2026-07-08 09:19:21,716 [INFO]   XAUUSD_H4: 74 resolved signals
2026-07-08 09:19:21,716 [INFO]   XAUUSD_M15: 105 resolved signals
2026-07-08 09:19:21,716 [INFO]   XAUUSD_M30: 69 resolved signals
2026-07-08 09:19:21,716 [INFO]   XAUUSD_M5: 79 resolved signals
2026-07-08 09:19:21,717 [INFO]   XAUUSDc_D1: 59 resolved signals
2026-07-08 09:19:21,717 [INFO]   XAUUSDc_H1: 76 resolved signals
2026-07-08 09:19:21,717 [INFO]   XAUUSDc_H4: 78 resolved signals
2026-07-08 09:19:21,717 [INFO]   XAUUSDc_M15: 16 resolved signals
2026-07-08 09:19:21,717 [INFO]   XAUUSDc_M30: 69 resolved signals
2026-07-08 09:19:21,717 [INFO]   XAUUSDc_M5: 21 resolved signals
2026-07-08 09:19:21,717 [DEBUG]   BTCUSD_D1: skip — only 0/150 signals
2026-07-08 09:19:21,717 [DEBUG]   BTCUSD_H1: skip — only 93/150 signals
2026-07-08 09:19:21,717 [DEBUG]   BTCUSD_H4: skip — only 0/150 signals
2026-07-08 09:19:21,717 [DEBUG]   BTCUSD_M30: skip — only 52/150 signals
2026-07-08 09:19:21,717 [DEBUG]   BTCUSD_M5: skip — only 79/150 signals
2026-07-08 09:19:21,717 [DEBUG]   EURUSDc_D1: skip — only 43/150 signals
2026-07-08 09:19:21,717 [DEBUG]   EURUSDc_H1: skip — only 50/150 signals
2026-07-08 09:19:21,717 [DEBUG]   EURUSDc_H4: skip — only 96/150 signals
2026-07-08 09:19:21,717 [DEBUG]   EURUSDc_M15: skip — only 0/150 signals
2026-07-08 09:19:21,717 [DEBUG]   EURUSDc_M30: skip — only 0/150 signals
2026-07-08 09:19:21,717 [DEBUG]   XAUUSD_D1: skip — only 44/150 signals
2026-07-08 09:19:21,717 [DEBUG]   XAUUSD_H1: skip — only 11/150 signals
2026-07-08 09:19:21,717 [DEBUG]   XAUUSD_H4: skip — only 74/150 signals
2026-07-08 09:19:21,717 [DEBUG]   XAUUSD_M15: skip — only 105/150 signals
2026-07-08 09:19:21,717 [DEBUG]   XAUUSD_M30: skip — only 69/150 signals
2026-07-08 09:19:21,717 [DEBUG]   XAUUSD_M5: skip — only 79/150 signals
2026-07-08 09:19:21,717 [DEBUG]   XAUUSDc_D1: skip — only 59/150 signals
2026-07-08 09:19:21,717 [DEBUG]   XAUUSDc_H1: skip — only 76/150 signals
2026-07-08 09:19:21,717 [DEBUG]   XAUUSDc_H4: skip — only 78/150 signals
2026-07-08 09:19:21,717 [DEBUG]   XAUUSDc_M15: skip — only 16/150 signals
2026-07-08 09:19:21,717 [DEBUG]   XAUUSDc_M30: skip — only 69/150 signals
2026-07-08 09:19:21,717 [DEBUG]   XAUUSDc_M5: skip — only 21/150 signals
2026-07-08 09:49:22,248 [INFO] Scanning 5 directories for TFs: ['M5', 'M15', 'M30', 'H1', 'H4', 'D1']
2026-07-08 09:49:22,314 [INFO] Found 22 symbol+TF pairs with data
2026-07-08 09:49:22,314 [INFO]   BTCUSD_D1: 0 resolved signals
2026-07-08 09:49:22,314 [INFO]   BTCUSD_H1: 93 resolved signals
2026-07-08 09:49:22,314 [INFO]   BTCUSD_H4: 0 resolved signals
2026-07-08 09:49:22,314 [INFO]   BTCUSD_M30: 52 resolved signals
2026-07-08 09:49:22,314 [INFO]   BTCUSD_M5: 79 resolved signals
2026-07-08 09:49:22,314 [INFO]   EURUSDc_D1: 43 resolved signals
2026-07-08 09:49:22,314 [INFO]   EURUSDc_H1: 50 resolved signals
2026-07-08 09:49:22,314 [INFO]   EURUSDc_H4: 96 resolved signals
2026-07-08 09:49:22,314 [INFO]   EURUSDc_M15: 0 resolved signals
2026-07-08 09:49:22,314 [INFO]   EURUSDc_M30: 0 resolved signals
2026-07-08 09:49:22,314 [INFO]   XAUUSD_D1: 44 resolved signals
2026-07-08 09:49:22,314 [INFO]   XAUUSD_H1: 11 resolved signals
2026-07-08 09:49:22,314 [INFO]   XAUUSD_H4: 74 resolved signals
2026-07-08 09:49:22,314 [INFO]   XAUUSD_M15: 105 resolved signals
2026-07-08 09:49:22,314 [INFO]   XAUUSD_M30: 69 resolved signals
2026-07-08 09:49:22,314 [INFO]   XAUUSD_M5: 79 resolved signals
2026-07-08 09:49:22,314 [INFO]   XAUUSDc_D1: 59 resolved signals
2026-07-08 09:49:22,314 [INFO]   XAUUSDc_H1: 76 resolved signals
2026-07-08 09:49:22,315 [INFO]   XAUUSDc_H4: 78 resolved signals
2026-07-08 09:49:22,315 [INFO]   XAUUSDc_M15: 16 resolved signals
2026-07-08 09:49:22,315 [INFO]   XAUUSDc_M30: 69 resolved signals
2026-07-08 09:49:22,315 [INFO]   XAUUSDc_M5: 21 resolved signals
2026-07-08 09:49:22,315 [DEBUG]   BTCUSD_D1: skip — only 0/150 signals
2026-07-08 09:49:22,315 [DEBUG]   BTCUSD_H1: skip — only 93/150 signals
2026-07-08 09:49:22,315 [DEBUG]   BTCUSD_H4: skip — only 0/150 signals
2026-07-08 09:49:22,315 [DEBUG]   BTCUSD_M30: skip — only 52/150 signals
2026-07-08 09:49:22,315 [DEBUG]   BTCUSD_M5: skip — only 79/150 signals
2026-07-08 09:49:22,315 [DEBUG]   EURUSDc_D1: skip — only 43/150 signals
2026-07-08 09:49:22,315 [DEBUG]   EURUSDc_H1: skip — only 50/150 signals
2026-07-08 09:49:22,315 [DEBUG]   EURUSDc_H4: skip — only 96/150 signals
2026-07-08 09:49:22,315 [DEBUG]   EURUSDc_M15: skip — only 0/150 signals
2026-07-08 09:49:22,315 [DEBUG]   EURUSDc_M30: skip — only 0/150 signals
2026-07-08 09:49:22,315 [DEBUG]   XAUUSD_D1: skip — only 44/150 signals
2026-07-08 09:49:22,315 [DEBUG]   XAUUSD_H1: skip — only 11/150 signals
2026-07-08 09:49:22,315 [DEBUG]   XAUUSD_H4: skip — only 74/150 signals
2026-07-08 09:49:22,315 [DEBUG]   XAUUSD_M15: skip — only 105/150 signals
2026-07-08 09:49:22,315 [DEBUG]   XAUUSD_M30: skip — only 69/150 signals
2026-07-08 09:49:22,315 [DEBUG]   XAUUSD_M5: skip — only 79/150 signals
2026-07-08 09:49:22,315 [DEBUG]   XAUUSDc_D1: skip — only 59/150 signals
2026-07-08 09:49:22,315 [DEBUG]   XAUUSDc_H1: skip — only 76/150 signals
2026-07-08 09:49:22,315 [DEBUG]   XAUUSDc_H4: skip — only 78/150 signals
2026-07-08 09:49:22,315 [DEBUG]   XAUUSDc_M15: skip — only 16/150 signals
2026-07-08 09:49:22,315 [DEBUG]   XAUUSDc_M30: skip — only 69/150 signals
2026-07-08 09:49:22,315 [DEBUG]   XAUUSDc_M5: skip — only 21/150 signals
2026-07-08 10:19:22,839 [INFO] Scanning 5 directories for TFs: ['M5', 'M15', 'M30', 'H1', 'H4', 'D1']
2026-07-08 10:19:22,909 [INFO] Found 22 symbol+TF pairs with data
2026-07-08 10:19:22,909 [INFO]   BTCUSD_D1: 0 resolved signals
2026-07-08 10:19:22,909 [INFO]   BTCUSD_H1: 96 resolved signals
2026-07-08 10:19:22,910 [INFO]   BTCUSD_H4: 0 resolved signals
2026-07-08 10:19:22,910 [INFO]   BTCUSD_M30: 52 resolved signals
2026-07-08 10:19:22,910 [INFO]   BTCUSD_M5: 79 resolved signals
2026-07-08 10:19:22,910 [INFO]   EURUSDc_D1: 43 resolved signals
2026-07-08 10:19:22,910 [INFO]   EURUSDc_H1: 50 resolved signals
2026-07-08 10:19:22,910 [INFO]   EURUSDc_H4: 96 resolved signals
2026-07-08 10:19:22,910 [INFO]   EURUSDc_M15: 0 resolved signals
2026-07-08 10:19:22,910 [INFO]   EURUSDc_M30: 0 resolved signals
2026-07-08 10:19:22,910 [INFO]   XAUUSD_D1: 44 resolved signals
2026-07-08 10:19:22,910 [INFO]   XAUUSD_H1: 11 resolved signals
2026-07-08 10:19:22,910 [INFO]   XAUUSD_H4: 74 resolved signals
2026-07-08 10:19:22,910 [INFO]   XAUUSD_M15: 105 resolved signals
2026-07-08 10:19:22,910 [INFO]   XAUUSD_M30: 69 resolved signals
2026-07-08 10:19:22,910 [INFO]   XAUUSD_M5: 79 resolved signals
2026-07-08 10:19:22,910 [INFO]   XAUUSDc_D1: 59 resolved signals
2026-07-08 10:19:22,910 [INFO]   XAUUSDc_H1: 76 resolved signals
2026-07-08 10:19:22,910 [INFO]   XAUUSDc_H4: 78 resolved signals
2026-07-08 10:19:22,910 [INFO]   XAUUSDc_M15: 16 resolved signals
2026-07-08 10:19:22,910 [INFO]   XAUUSDc_M30: 69 resolved signals
2026-07-08 10:19:22,910 [INFO]   XAUUSDc_M5: 21 resolved signals
2026-07-08 10:19:22,910 [DEBUG]   BTCUSD_D1: skip — only 0/150 signals
2026-07-08 10:19:22,910 [DEBUG]   BTCUSD_H1: skip — only 96/150 signals
2026-07-08 10:19:22,910 [DEBUG]   BTCUSD_H4: skip — only 0/150 signals
2026-07-08 10:19:22,910 [DEBUG]   BTCUSD_M30: skip — only 52/150 signals
2026-07-08 10:19:22,910 [DEBUG]   BTCUSD_M5: skip — only 79/150 signals
2026-07-08 10:19:22,910 [DEBUG]   EURUSDc_D1: skip — only 43/150 signals
2026-07-08 10:19:22,910 [DEBUG]   EURUSDc_H1: skip — only 50/150 signals
2026-07-08 10:19:22,910 [DEBUG]   EURUSDc_H4: skip — only 96/150 signals
2026-07-08 10:19:22,910 [DEBUG]   EURUSDc_M15: skip — only 0/150 signals
2026-07-08 10:19:22,910 [DEBUG]   EURUSDc_M30: skip — only 0/150 signals
2026-07-08 10:19:22,910 [DEBUG]   XAUUSD_D1: skip — only 44/150 signals
2026-07-08 10:19:22,910 [DEBUG]   XAUUSD_H1: skip — only 11/150 signals
2026-07-08 10:19:22,910 [DEBUG]   XAUUSD_H4: skip — only 74/150 signals
2026-07-08 10:19:22,910 [DEBUG]   XAUUSD_M15: skip — only 105/150 signals
2026-07-08 10:19:22,910 [DEBUG]   XAUUSD_M30: skip — only 69/150 signals
2026-07-08 10:19:22,910 [DEBUG]   XAUUSD_M5: skip — only 79/150 signals
2026-07-08 10:19:22,910 [DEBUG]   XAUUSDc_D1: skip — only 59/150 signals
2026-07-08 10:19:22,910 [DEBUG]   XAUUSDc_H1: skip — only 76/150 signals
2026-07-08 10:19:22,910 [DEBUG]   XAUUSDc_H4: skip — only 78/150 signals
2026-07-08 10:19:22,910 [DEBUG]   XAUUSDc_M15: skip — only 16/150 signals
2026-07-08 10:19:22,910 [DEBUG]   XAUUSDc_M30: skip — only 69/150 signals
2026-07-08 10:19:22,910 [DEBUG]   XAUUSDc_M5: skip — only 21/150 signals
2026-07-08 10:29:25,644 [INFO] Status:
Key                   Signals    Brier   Status Last Train          
----------------------------------------------------------------------
BTCUSD_D1                   0        ?     pass 2026-07-08T01:19    
BTCUSD_H1                  93        ?     pass 2026-07-08T01:19    
BTCUSD_H4                   0        ?     pass 2026-07-08T01:19    
BTCUSD_M30                 52        ?     pass 2026-07-08T01:19    
BTCUSD_M5                  67        ?     pass 2026-07-08T01:19    
EURUSDc_D1                 43        ?     pass 2026-07-08T01:19    
EURUSDc_H1                 50        ?     pass 2026-07-08T01:19    
EURUSDc_H4                 96        ?     pass 2026-07-08T01:19    
EURUSDc_M15                 0        ?     pass 2026-07-08T01:19    
EURUSDc_M30                 0        ?     pass 2026-07-08T01:19    
XAUUSD_D1                  44        ?     pass 2026-07-08T01:19    
XAUUSD_H1                   9        ?     pass 2026-07-08T01:19    
XAUUSD_H4                  73        ?     pass 2026-07-08T01:19    
XAUUSD_M15                 98        ?     pass 2026-07-08T01:19    
XAUUSD_M30                 69        ?     pass 2026-07-08T01:19    
XAUUSD_M5                  79        ?     pass 2026-07-08T01:19    
XAUUSDc_D1                 59        ?     pass 2026-07-08T01:19    
XAUUSDc_H1                 76        ?     pass 2026-07-08T01:19    
XAUUSDc_H4                 78        ?     pass 2026-07-08T01:19    
XAUUSDc_M15                10        ?     pass 2026-07-08T01:19    
XAUUSDc_M30                69        ?     pass 2026-07-08T01:19    
XAUUSDc_M5                 21        ?     pass 2026-07-08T01:19    

Last scan: 2026-07-08T10:19:22.910733
2026-07-08 10:29:25,644 [INFO] NOTIFY: XGB Service Status — Key                   Signals    Brier   Status Last Train          
----------------------------------------------------------------------
BTCUSD_D1                   0        ?     pass 2026-07-08T01:19    
BTCUSD_H1                  93        ?   
2026-07-08 10:29:34,514 [INFO] Manual train triggered
2026-07-08 10:29:34,515 [INFO] Scanning 5 directories for TFs: ['M5', 'M15', 'M30', 'H1', 'H4', 'D1']
2026-07-08 10:29:34,569 [INFO] Found 22 symbol+TF pairs with data
2026-07-08 10:29:34,570 [INFO]   BTCUSD_D1: 0 resolved signals
2026-07-08 10:29:34,570 [INFO]   BTCUSD_H1: 96 resolved signals
2026-07-08 10:29:34,570 [INFO]   BTCUSD_H4: 0 resolved signals
2026-07-08 10:29:34,570 [INFO]   BTCUSD_M30: 52 resolved signals
2026-07-08 10:29:34,570 [INFO]   BTCUSD_M5: 79 resolved signals
2026-07-08 10:29:34,570 [INFO]   EURUSDc_D1: 43 resolved signals
2026-07-08 10:29:34,570 [INFO]   EURUSDc_H1: 50 resolved signals
2026-07-08 10:29:34,570 [INFO]   EURUSDc_H4: 96 resolved signals
2026-07-08 10:29:34,570 [INFO]   EURUSDc_M15: 0 resolved signals
2026-07-08 10:29:34,570 [INFO]   EURUSDc_M30: 0 resolved signals
2026-07-08 10:29:34,570 [INFO]   XAUUSD_D1: 44 resolved signals
2026-07-08 10:29:34,570 [INFO]   XAUUSD_H1: 11 resolved signals
2026-07-08 10:29:34,570 [INFO]   XAUUSD_H4: 74 resolved signals
2026-07-08 10:29:34,570 [INFO]   XAUUSD_M15: 105 resolved signals
2026-07-08 10:29:34,570 [INFO]   XAUUSD_M30: 69 resolved signals
2026-07-08 10:29:34,570 [INFO]   XAUUSD_M5: 79 resolved signals
2026-07-08 10:29:34,570 [INFO]   XAUUSDc_D1: 59 resolved signals
2026-07-08 10:29:34,570 [INFO]   XAUUSDc_H1: 76 resolved signals
2026-07-08 10:29:34,570 [INFO]   XAUUSDc_H4: 78 resolved signals
2026-07-08 10:29:34,570 [INFO]   XAUUSDc_M15: 16 resolved signals
2026-07-08 10:29:34,570 [INFO]   XAUUSDc_M30: 69 resolved signals
2026-07-08 10:29:34,570 [INFO]   XAUUSDc_M5: 21 resolved signals
2026-07-08 10:29:34,570 [INFO]   BTCUSD_D1: will train — forced
2026-07-08 10:29:34,570 [INFO] Training BTCUSD D1...
2026-07-08 10:29:34,570 [DEBUG] Command: C:\Users\Administrator\AppData\Local\Programs\Python\Python314\pythonw.exe D:\Thanh\Forex\RSI_Advanced\tools\rsi_xgboost_train.py --data-dir C:\Users\Administrator\AppData\Roaming\MetaQuotes\Terminal\3773AE10556A00F3D812544D7EDDAB90\MQL4\Files\RSI_Advanced_Logs C:\Users\Administrator\AppData\Roaming\MetaQuotes\Terminal\2191F4A3D14D7B4B1EBB84F924777883\MQL4\Files\RSI_Advanced_Logs C:\Users\Administrator\AppData\Roaming\MetaQuotes\Terminal\6F841180CC7A5B4E481813CAFF4002B0\MQL4\Files\RSI_Advanced_Logs...
2026-07-08 10:29:48,475 [INFO]   train: ============================================================
2026-07-08 10:29:48,475 [INFO]   train: Training model: BTCUSD_D1
2026-07-08 10:29:48,475 [INFO]   train: ============================================================
2026-07-08 10:29:48,475 [INFO]   train: Loading CSVs from 5 director(ies)
2026-07-08 10:29:48,475 [INFO]   train: Filter: symbol=BTCUSD
2026-07-08 10:29:48,475 [INFO]   train: Filter: tf=D1
2026-07-08 10:29:48,476 [INFO]   train: Signals: 62 rows
2026-07-08 10:29:48,476 [INFO]   train: Scoring: 1 rows
2026-07-08 10:29:48,476 [INFO]   train: Outcomes: 62 rows
2026-07-08 10:29:48,476 [INFO]   train: Resolved outcomes: 0
2026-07-08 10:29:48,476 [INFO]   train: Merged (joined): 0 rows
2026-07-08 10:29:48,476 [INFO]   train: SKIP: Only 0 resolved signals for BTCUSD_D1. Need 150.
2026-07-08 10:29:48,476 [INFO]   train: {
2026-07-08 10:29:48,476 [INFO]   train: "symbol": "BTCUSD",
2026-07-08 10:29:48,476 [INFO]   train: "tf": "D1",
2026-07-08 10:29:48,476 [INFO]   train: "status": "skip",
2026-07-08 10:29:48,476 [INFO]   train: "signals": 0,
2026-07-08 10:29:48,476 [INFO]   train: "message": "Only 0 resolved signals for BTCUSD_D1. Need 150."
2026-07-08 10:29:48,476 [INFO]   train: }
2026-07-08 10:29:48,476 [INFO]   BTCUSD_D1: PASS Brier=?, AUC=?
2026-07-08 10:29:48,476 [INFO]   BTCUSD_H1: will train — forced
2026-07-08 10:29:48,476 [INFO] Training BTCUSD H1...
2026-07-08 10:29:48,476 [DEBUG] Command: C:\Users\Administrator\AppData\Local\Programs\Python\Python314\pythonw.exe D:\Thanh\Forex\RSI_Advanced\tools\rsi_xgboost_train.py --data-dir C:\Users\Administrator\AppData\Roaming\MetaQuotes\Terminal\3773AE10556A00F3D812544D7EDDAB90\MQL4\Files\RSI_Advanced_Logs C:\Users\Administrator\AppData\Roaming\MetaQuotes\Terminal\2191F4A3D14D7B4B1EBB84F924777883\MQL4\Files\RSI_Advanced_Logs C:\Users\Administrator\AppData\Roaming\MetaQuotes\Terminal\6F841180CC7A5B4E481813CAFF4002B0\MQL4\Files\RSI_Advanced_Logs...
2026-07-08 10:29:50,102 [INFO]   train: ============================================================
2026-07-08 10:29:50,102 [INFO]   train: Training model: BTCUSD_H1
2026-07-08 10:29:50,102 [INFO]   train: ============================================================
2026-07-08 10:29:50,102 [INFO]   train: Loading CSVs from 5 director(ies)
2026-07-08 10:29:50,102 [INFO]   train: Filter: symbol=BTCUSD
2026-07-08 10:29:50,102 [INFO]   train: Filter: tf=H1
2026-07-08 10:29:50,102 [INFO]   train: Signals: 265 rows
2026-07-08 10:29:50,102 [INFO]   train: Scoring: 16 rows
2026-07-08 10:29:50,102 [INFO]   train: Outcomes: 361 rows
2026-07-08 10:29:50,102 [INFO]   train: Resolved outcomes: 34
2026-07-08 10:29:50,102 [INFO]   train: Merged (joined): 34 rows
2026-07-08 10:29:50,102 [INFO]   train: SKIP: Only 34 resolved signals for BTCUSD_H1. Need 150.
2026-07-08 10:29:50,102 [INFO]   train: {
2026-07-08 10:29:50,102 [INFO]   train: "symbol": "BTCUSD",
2026-07-08 10:29:50,102 [INFO]   train: "tf": "H1",
2026-07-08 10:29:50,102 [INFO]   train: "status": "skip",
2026-07-08 10:29:50,102 [INFO]   train: "signals": 34,
2026-07-08 10:29:50,102 [INFO]   train: "message": "Only 34 resolved signals for BTCUSD_H1. Need 150."
2026-07-08 10:29:50,102 [INFO]   train: }
2026-07-08 10:29:50,102 [INFO]   BTCUSD_H1: PASS Brier=?, AUC=?
2026-07-08 10:29:50,102 [INFO]   BTCUSD_H4: will train — forced
2026-07-08 10:29:50,102 [INFO] Training BTCUSD H4...
2026-07-08 10:29:50,102 [DEBUG] Command: C:\Users\Administrator\AppData\Local\Programs\Python\Python314\pythonw.exe D:\Thanh\Forex\RSI_Advanced\tools\rsi_xgboost_train.py --data-dir C:\Users\Administrator\AppData\Roaming\MetaQuotes\Terminal\3773AE10556A00F3D812544D7EDDAB90\MQL4\Files\RSI_Advanced_Logs C:\Users\Administrator\AppData\Roaming\MetaQuotes\Terminal\2191F4A3D14D7B4B1EBB84F924777883\MQL4\Files\RSI_Advanced_Logs C:\Users\Administrator\AppData\Roaming\MetaQuotes\Terminal\6F841180CC7A5B4E481813CAFF4002B0\MQL4\Files\RSI_Advanced_Logs...
2026-07-08 10:29:51,712 [INFO]   train: ============================================================
2026-07-08 10:29:51,712 [INFO]   train: Training model: BTCUSD_H4
2026-07-08 10:29:51,712 [INFO]   train: ============================================================
2026-07-08 10:29:51,712 [INFO]   train: Loading CSVs from 5 director(ies)
2026-07-08 10:29:51,712 [INFO]   train: Filter: symbol=BTCUSD
2026-07-08 10:29:51,712 [INFO]   train: Filter: tf=H4
2026-07-08 10:29:51,712 [INFO]   train: Signals: 81 rows
2026-07-08 10:29:51,712 [INFO]   train: Scoring: 1 rows
2026-07-08 10:29:51,712 [INFO]   train: Outcomes: 81 rows
2026-07-08 10:29:51,713 [INFO]   train: Resolved outcomes: 0
2026-07-08 10:29:51,713 [INFO]   train: Merged (joined): 0 rows
2026-07-08 10:29:51,713 [INFO]   train: SKIP: Only 0 resolved signals for BTCUSD_H4. Need 150.
2026-07-08 10:29:51,713 [INFO]   train: {
2026-07-08 10:29:51,713 [INFO]   train: "symbol": "BTCUSD",
2026-07-08 10:29:51,713 [INFO]   train: "tf": "H4",
2026-07-08 10:29:51,713 [INFO]   train: "status": "skip",
2026-07-08 10:29:51,713 [INFO]   train: "signals": 0,
2026-07-08 10:29:51,713 [INFO]   train: "message": "Only 0 resolved signals for BTCUSD_H4. Need 150."
2026-07-08 10:29:51,713 [INFO]   train: }
2026-07-08 10:29:51,713 [INFO]   BTCUSD_H4: PASS Brier=?, AUC=?
2026-07-08 10:29:51,713 [INFO]   BTCUSD_M30: will train — forced
2026-07-08 10:29:51,713 [INFO] Training BTCUSD M30...
2026-07-08 10:29:51,713 [DEBUG] Command: C:\Users\Administrator\AppData\Local\Programs\Python\Python314\pythonw.exe D:\Thanh\Forex\RSI_Advanced\tools\rsi_xgboost_train.py --data-dir C:\Users\Administrator\AppData\Roaming\MetaQuotes\Terminal\3773AE10556A00F3D812544D7EDDAB90\MQL4\Files\RSI_Advanced_Logs C:\Users\Administrator\AppData\Roaming\MetaQuotes\Terminal\2191F4A3D14D7B4B1EBB84F924777883\MQL4\Files\RSI_Advanced_Logs C:\Users\Administrator\AppData\Roaming\MetaQuotes\Terminal\6F841180CC7A5B4E481813CAFF4002B0\MQL4\Files\RSI_Advanced_Logs...
2026-07-08 10:29:53,278 [INFO]   train: ============================================================
2026-07-08 10:29:53,278 [INFO]   train: Training model: BTCUSD_M30
2026-07-08 10:29:53,278 [INFO]   train: ============================================================
2026-07-08 10:29:53,278 [INFO]   train: Loading CSVs from 5 director(ies)
2026-07-08 10:29:53,278 [INFO]   train: Filter: symbol=BTCUSD
2026-07-08 10:29:53,278 [INFO]   train: Filter: tf=M30
2026-07-08 10:29:53,278 [INFO]   train: Signals: 9590 rows
2026-07-08 10:29:53,278 [INFO]   train: Scoring: 1 rows
2026-07-08 10:29:53,278 [INFO]   train: Outcomes: 9642 rows
2026-07-08 10:29:53,278 [INFO]   train: Resolved outcomes: 50
2026-07-08 10:29:53,278 [INFO]   train: Merged (joined): 50 rows
2026-07-08 10:29:53,278 [INFO]   train: SKIP: Only 50 resolved signals for BTCUSD_M30. Need 150.
2026-07-08 10:29:53,278 [INFO]   train: {
2026-07-08 10:29:53,278 [INFO]   train: "symbol": "BTCUSD",
2026-07-08 10:29:53,278 [INFO]   train: "tf": "M30",
2026-07-08 10:29:53,278 [INFO]   train: "status": "skip",
2026-07-08 10:29:53,278 [INFO]   train: "signals": 50,
2026-07-08 10:29:53,278 [INFO]   train: "message": "Only 50 resolved signals for BTCUSD_M30. Need 150."
2026-07-08 10:29:53,278 [INFO]   train: }
2026-07-08 10:29:53,278 [INFO]   BTCUSD_M30: PASS Brier=?, AUC=?
2026-07-08 10:29:53,278 [INFO]   BTCUSD_M5: will train — forced
2026-07-08 10:29:53,279 [INFO] Training BTCUSD M5...
2026-07-08 10:29:53,279 [DEBUG] Command: C:\Users\Administrator\AppData\Local\Programs\Python\Python314\pythonw.exe D:\Thanh\Forex\RSI_Advanced\tools\rsi_xgboost_train.py --data-dir C:\Users\Administrator\AppData\Roaming\MetaQuotes\Terminal\3773AE10556A00F3D812544D7EDDAB90\MQL4\Files\RSI_Advanced_Logs C:\Users\Administrator\AppData\Roaming\MetaQuotes\Terminal\2191F4A3D14D7B4B1EBB84F924777883\MQL4\Files\RSI_Advanced_Logs C:\Users\Administrator\AppData\Roaming\MetaQuotes\Terminal\6F841180CC7A5B4E481813CAFF4002B0\MQL4\Files\RSI_Advanced_Logs...
2026-07-08 10:29:54,832 [INFO]   train: ============================================================
2026-07-08 10:29:54,833 [INFO]   train: Training model: BTCUSD_M5
2026-07-08 10:29:54,833 [INFO]   train: ============================================================
2026-07-08 10:29:54,833 [INFO]   train: Loading CSVs from 5 director(ies)
2026-07-08 10:29:54,833 [INFO]   train: Filter: symbol=BTCUSD
2026-07-08 10:29:54,833 [INFO]   train: Filter: tf=M5
2026-07-08 10:29:54,833 [INFO]   train: Signals: 157 rows
2026-07-08 10:29:54,833 [INFO]   train: Scoring: 45 rows
2026-07-08 10:29:54,833 [INFO]   train: Outcomes: 236 rows
2026-07-08 10:29:54,833 [INFO]   train: Resolved outcomes: 58
2026-07-08 10:29:54,833 [INFO]   train: Merged (joined): 58 rows
2026-07-08 10:29:54,833 [INFO]   train: SKIP: Only 58 resolved signals for BTCUSD_M5. Need 150.
2026-07-08 10:29:54,833 [INFO]   train: {
2026-07-08 10:29:54,833 [INFO]   train: "symbol": "BTCUSD",
2026-07-08 10:29:54,833 [INFO]   train: "tf": "M5",
2026-07-08 10:29:54,833 [INFO]   train: "status": "skip",
2026-07-08 10:29:54,833 [INFO]   train: "signals": 58,
2026-07-08 10:29:54,833 [INFO]   train: "message": "Only 58 resolved signals for BTCUSD_M5. Need 150."
2026-07-08 10:29:54,833 [INFO]   train: }
2026-07-08 10:29:54,833 [INFO]   BTCUSD_M5: PASS Brier=?, AUC=?
2026-07-08 10:29:54,833 [INFO]   EURUSDc_D1: will train — forced
2026-07-08 10:29:54,833 [INFO] Training EURUSDc D1...
2026-07-08 10:29:54,833 [DEBUG] Command: C:\Users\Administrator\AppData\Local\Programs\Python\Python314\pythonw.exe D:\Thanh\Forex\RSI_Advanced\tools\rsi_xgboost_train.py --data-dir C:\Users\Administrator\AppData\Roaming\MetaQuotes\Terminal\3773AE10556A00F3D812544D7EDDAB90\MQL4\Files\RSI_Advanced_Logs C:\Users\Administrator\AppData\Roaming\MetaQuotes\Terminal\2191F4A3D14D7B4B1EBB84F924777883\MQL4\Files\RSI_Advanced_Logs C:\Users\Administrator\AppData\Roaming\MetaQuotes\Terminal\6F841180CC7A5B4E481813CAFF4002B0\MQL4\Files\RSI_Advanced_Logs...
2026-07-08 10:29:56,348 [INFO]   train: ============================================================
2026-07-08 10:29:56,348 [INFO]   train: Training model: EURUSDc_D1
2026-07-08 10:29:56,348 [INFO]   train: ============================================================
2026-07-08 10:29:56,348 [INFO]   train: Loading CSVs from 5 director(ies)
2026-07-08 10:29:56,348 [INFO]   train: Filter: symbol=EURUSDc
2026-07-08 10:29:56,348 [INFO]   train: Filter: tf=D1
2026-07-08 10:29:56,348 [INFO]   train: Signals: 65 rows
2026-07-08 10:29:56,348 [INFO]   train: Scoring: 1 rows
2026-07-08 10:29:56,348 [INFO]   train: Outcomes: 108 rows
2026-07-08 10:29:56,348 [INFO]   train: Resolved outcomes: 41
2026-07-08 10:29:56,348 [INFO]   train: Merged (joined): 41 rows
2026-07-08 10:29:56,348 [INFO]   train: SKIP: Only 41 resolved signals for EURUSDc_D1. Need 150.
2026-07-08 10:29:56,348 [INFO]   train: {
2026-07-08 10:29:56,348 [INFO]   train: "symbol": "EURUSDc",
2026-07-08 10:29:56,348 [INFO]   train: "tf": "D1",
2026-07-08 10:29:56,349 [INFO]   train: "status": "skip",
2026-07-08 10:29:56,349 [INFO]   train: "signals": 41,
2026-07-08 10:29:56,349 [INFO]   train: "message": "Only 41 resolved signals for EURUSDc_D1. Need 150."
2026-07-08 10:29:56,349 [INFO]   train: }
2026-07-08 10:29:56,349 [INFO]   EURUSDc_D1: PASS Brier=?, AUC=?
2026-07-08 10:29:56,349 [INFO]   EURUSDc_H1: will train — forced
2026-07-08 10:29:56,349 [INFO] Training EURUSDc H1...
2026-07-08 10:29:56,349 [DEBUG] Command: C:\Users\Administrator\AppData\Local\Programs\Python\Python314\pythonw.exe D:\Thanh\Forex\RSI_Advanced\tools\rsi_xgboost_train.py --data-dir C:\Users\Administrator\AppData\Roaming\MetaQuotes\Terminal\3773AE10556A00F3D812544D7EDDAB90\MQL4\Files\RSI_Advanced_Logs C:\Users\Administrator\AppData\Roaming\MetaQuotes\Terminal\2191F4A3D14D7B4B1EBB84F924777883\MQL4\Files\RSI_Advanced_Logs C:\Users\Administrator\AppData\Roaming\MetaQuotes\Terminal\6F841180CC7A5B4E481813CAFF4002B0\MQL4\Files\RSI_Advanced_Logs...
2026-07-08 10:29:57,876 [INFO]   train: ============================================================
2026-07-08 10:29:57,876 [INFO]   train: Training model: EURUSDc_H1
2026-07-08 10:29:57,876 [INFO]   train: ============================================================
2026-07-08 10:29:57,876 [INFO]   train: Loading CSVs from 5 director(ies)
2026-07-08 10:29:57,876 [INFO]   train: Filter: symbol=EURUSDc
2026-07-08 10:29:57,876 [INFO]   train: Filter: tf=H1
2026-07-08 10:29:57,876 [INFO]   train: Signals: 57 rows
2026-07-08 10:29:57,876 [INFO]   train: Scoring: 1 rows
2026-07-08 10:29:57,876 [INFO]   train: Outcomes: 107 rows
2026-07-08 10:29:57,876 [INFO]   train: Resolved outcomes: 47
2026-07-08 10:29:57,876 [INFO]   train: Merged (joined): 47 rows
2026-07-08 10:29:57,876 [INFO]   train: SKIP: Only 47 resolved signals for EURUSDc_H1. Need 150.
2026-07-08 10:29:57,876 [INFO]   train: {
2026-07-08 10:29:57,876 [INFO]   train: "symbol": "EURUSDc",
2026-07-08 10:29:57,876 [INFO]   train: "tf": "H1",
2026-07-08 10:29:57,876 [INFO]   train: "status": "skip",
2026-07-08 10:29:57,876 [INFO]   train: "signals": 47,
2026-07-08 10:29:57,876 [INFO]   train: "message": "Only 47 resolved signals for EURUSDc_H1. Need 150."
2026-07-08 10:29:57,876 [INFO]   train: }
2026-07-08 10:29:57,876 [INFO]   EURUSDc_H1: PASS Brier=?, AUC=?
2026-07-08 10:29:57,876 [INFO]   EURUSDc_H4: will train — forced
2026-07-08 10:29:57,876 [INFO] Training EURUSDc H4...
2026-07-08 10:29:57,876 [DEBUG] Command: C:\Users\Administrator\AppData\Local\Programs\Python\Python314\pythonw.exe D:\Thanh\Forex\RSI_Advanced\tools\rsi_xgboost_train.py --data-dir C:\Users\Administrator\AppData\Roaming\MetaQuotes\Terminal\3773AE10556A00F3D812544D7EDDAB90\MQL4\Files\RSI_Advanced_Logs C:\Users\Administrator\AppData\Roaming\MetaQuotes\Terminal\2191F4A3D14D7B4B1EBB84F924777883\MQL4\Files\RSI_Advanced_Logs C:\Users\Administrator\AppData\Roaming\MetaQuotes\Terminal\6F841180CC7A5B4E481813CAFF4002B0\MQL4\Files\RSI_Advanced_Logs...
2026-07-08 10:29:59,510 [INFO]   train: ============================================================
2026-07-08 10:29:59,510 [INFO]   train: Training model: EURUSDc_H4
2026-07-08 10:29:59,510 [INFO]   train: ============================================================
2026-07-08 10:29:59,510 [INFO]   train: Loading CSVs from 5 director(ies)
2026-07-08 10:29:59,510 [INFO]   train: Filter: symbol=EURUSDc
2026-07-08 10:29:59,510 [INFO]   train: Filter: tf=H4
2026-07-08 10:29:59,510 [INFO]   train: Signals: 98 rows
2026-07-08 10:29:59,510 [INFO]   train: Scoring: 2 rows
2026-07-08 10:29:59,510 [INFO]   train: Outcomes: 194 rows
2026-07-08 10:29:59,510 [INFO]   train: Resolved outcomes: 96
2026-07-08 10:29:59,510 [INFO]   train: Merged (joined): 96 rows
2026-07-08 10:29:59,510 [INFO]   train: SKIP: Only 96 resolved signals for EURUSDc_H4. Need 150.
2026-07-08 10:29:59,510 [INFO]   train: {
2026-07-08 10:29:59,510 [INFO]   train: "symbol": "EURUSDc",
2026-07-08 10:29:59,510 [INFO]   train: "tf": "H4",
2026-07-08 10:29:59,510 [INFO]   train: "status": "skip",
2026-07-08 10:29:59,510 [INFO]   train: "signals": 96,
2026-07-08 10:29:59,510 [INFO]   train: "message": "Only 96 resolved signals for EURUSDc_H4. Need 150."
2026-07-08 10:29:59,510 [INFO]   train: }
2026-07-08 10:29:59,510 [INFO]   EURUSDc_H4: PASS Brier=?, AUC=?
2026-07-08 10:29:59,510 [INFO]   EURUSDc_M15: will train — forced
2026-07-08 10:29:59,510 [INFO] Training EURUSDc M15...
2026-07-08 10:29:59,510 [DEBUG] Command: C:\Users\Administrator\AppData\Local\Programs\Python\Python314\pythonw.exe D:\Thanh\Forex\RSI_Advanced\tools\rsi_xgboost_train.py --data-dir C:\Users\Administrator\AppData\Roaming\MetaQuotes\Terminal\3773AE10556A00F3D812544D7EDDAB90\MQL4\Files\RSI_Advanced_Logs C:\Users\Administrator\AppData\Roaming\MetaQuotes\Terminal\2191F4A3D14D7B4B1EBB84F924777883\MQL4\Files\RSI_Advanced_Logs C:\Users\Administrator\AppData\Roaming\MetaQuotes\Terminal\6F841180CC7A5B4E481813CAFF4002B0\MQL4\Files\RSI_Advanced_Logs...
2026-07-08 10:30:01,207 [INFO]   train: ============================================================
2026-07-08 10:30:01,207 [INFO]   train: Training model: EURUSDc_M15
2026-07-08 10:30:01,207 [INFO]   train: ============================================================
2026-07-08 10:30:01,207 [INFO]   train: Loading CSVs from 5 director(ies)
2026-07-08 10:30:01,207 [INFO]   train: Filter: symbol=EURUSDc
2026-07-08 10:30:01,207 [INFO]   train: Filter: tf=M15
2026-07-08 10:30:01,207 [INFO]   train: Signals: 99 rows
2026-07-08 10:30:01,208 [INFO]   train: Scoring: 1 rows
2026-07-08 10:30:01,208 [INFO]   train: Outcomes: 99 rows
2026-07-08 10:30:01,208 [INFO]   train: Resolved outcomes: 0
2026-07-08 10:30:01,208 [INFO]   train: Merged (joined): 0 rows
2026-07-08 10:30:01,208 [INFO]   train: SKIP: Only 0 resolved signals for EURUSDc_M15. Need 150.
2026-07-08 10:30:01,208 [INFO]   train: {
2026-07-08 10:30:01,208 [INFO]   train: "symbol": "EURUSDc",
2026-07-08 10:30:01,208 [INFO]   train: "tf": "M15",
2026-07-08 10:30:01,208 [INFO]   train: "status": "skip",
2026-07-08 10:30:01,208 [INFO]   train: "signals": 0,
2026-07-08 10:30:01,208 [INFO]   train: "message": "Only 0 resolved signals for EURUSDc_M15. Need 150."
2026-07-08 10:30:01,208 [INFO]   train: }
2026-07-08 10:30:01,208 [INFO]   EURUSDc_M15: PASS Brier=?, AUC=?
2026-07-08 10:30:01,208 [INFO]   EURUSDc_M30: will train — forced
2026-07-08 10:30:01,208 [INFO] Training EURUSDc M30...
2026-07-08 10:30:01,208 [DEBUG] Command: C:\Users\Administrator\AppData\Local\Programs\Python\Python314\pythonw.exe D:\Thanh\Forex\RSI_Advanced\tools\rsi_xgboost_train.py --data-dir C:\Users\Administrator\AppData\Roaming\MetaQuotes\Terminal\3773AE10556A00F3D812544D7EDDAB90\MQL4\Files\RSI_Advanced_Logs C:\Users\Administrator\AppData\Roaming\MetaQuotes\Terminal\2191F4A3D14D7B4B1EBB84F924777883\MQL4\Files\RSI_Advanced_Logs C:\Users\Administrator\AppData\Roaming\MetaQuotes\Terminal\6F841180CC7A5B4E481813CAFF4002B0\MQL4\Files\RSI_Advanced_Logs...
2026-07-08 10:30:02,800 [INFO]   train: ============================================================
2026-07-08 10:30:02,800 [INFO]   train: Training model: EURUSDc_M30
2026-07-08 10:30:02,800 [INFO]   train: ============================================================
2026-07-08 10:30:02,800 [INFO]   train: Loading CSVs from 5 director(ies)
2026-07-08 10:30:02,800 [INFO]   train: Filter: symbol=EURUSDc
2026-07-08 10:30:02,800 [INFO]   train: Filter: tf=M30
2026-07-08 10:30:02,800 [INFO]   train: Signals: 124 rows
2026-07-08 10:30:02,800 [INFO]   train: Scoring: 1 rows
2026-07-08 10:30:02,800 [INFO]   train: Outcomes: 124 rows
2026-07-08 10:30:02,800 [INFO]   train: Resolved outcomes: 0
2026-07-08 10:30:02,800 [INFO]   train: Merged (joined): 0 rows
2026-07-08 10:30:02,800 [INFO]   train: SKIP: Only 0 resolved signals for EURUSDc_M30. Need 150.
2026-07-08 10:30:02,800 [INFO]   train: {
2026-07-08 10:30:02,800 [INFO]   train: "symbol": "EURUSDc",
2026-07-08 10:30:02,800 [INFO]   train: "tf": "M30",
2026-07-08 10:30:02,800 [INFO]   train: "status": "skip",
2026-07-08 10:30:02,801 [INFO]   train: "signals": 0,
2026-07-08 10:30:02,801 [INFO]   train: "message": "Only 0 resolved signals for EURUSDc_M30. Need 150."
2026-07-08 10:30:02,801 [INFO]   train: }
2026-07-08 10:30:02,801 [INFO]   EURUSDc_M30: PASS Brier=?, AUC=?
2026-07-08 10:30:02,801 [INFO]   XAUUSD_D1: will train — forced
2026-07-08 10:30:02,801 [INFO] Training XAUUSD D1...
2026-07-08 10:30:02,801 [DEBUG] Command: C:\Users\Administrator\AppData\Local\Programs\Python\Python314\pythonw.exe D:\Thanh\Forex\RSI_Advanced\tools\rsi_xgboost_train.py --data-dir C:\Users\Administrator\AppData\Roaming\MetaQuotes\Terminal\3773AE10556A00F3D812544D7EDDAB90\MQL4\Files\RSI_Advanced_Logs C:\Users\Administrator\AppData\Roaming\MetaQuotes\Terminal\2191F4A3D14D7B4B1EBB84F924777883\MQL4\Files\RSI_Advanced_Logs C:\Users\Administrator\AppData\Roaming\MetaQuotes\Terminal\6F841180CC7A5B4E481813CAFF4002B0\MQL4\Files\RSI_Advanced_Logs...
2026-07-08 10:30:04,540 [INFO]   train: ============================================================
2026-07-08 10:30:04,540 [INFO]   train: Training model: XAUUSD_D1
2026-07-08 10:30:04,540 [INFO]   train: ============================================================
2026-07-08 10:30:04,540 [INFO]   train: Loading CSVs from 5 director(ies)
2026-07-08 10:30:04,540 [INFO]   train: Filter: symbol=XAUUSD
2026-07-08 10:30:04,540 [INFO]   train: Filter: tf=D1
2026-07-08 10:30:04,540 [INFO]   train: Signals: 133 rows
2026-07-08 10:30:04,541 [INFO]   train: Scoring: 2 rows
2026-07-08 10:30:04,541 [INFO]   train: Outcomes: 177 rows
2026-07-08 10:30:04,541 [INFO]   train: Resolved outcomes: 41
2026-07-08 10:30:04,541 [INFO]   train: Merged (joined): 41 rows
2026-07-08 10:30:04,541 [INFO]   train: SKIP: Only 41 resolved signals for XAUUSD_D1. Need 150.
2026-07-08 10:30:04,541 [INFO]   train: {
2026-07-08 10:30:04,541 [INFO]   train: "symbol": "XAUUSD",
2026-07-08 10:30:04,541 [INFO]   train: "tf": "D1",
2026-07-08 10:30:04,541 [INFO]   train: "status": "skip",
2026-07-08 10:30:04,541 [INFO]   train: "signals": 41,
2026-07-08 10:30:04,541 [INFO]   train: "message": "Only 41 resolved signals for XAUUSD_D1. Need 150."
2026-07-08 10:30:04,541 [INFO]   train: }
2026-07-08 10:30:04,541 [INFO]   XAUUSD_D1: PASS Brier=?, AUC=?
2026-07-08 10:30:04,541 [INFO]   XAUUSD_H1: will train — forced
2026-07-08 10:30:04,541 [INFO] Training XAUUSD H1...
2026-07-08 10:30:04,541 [DEBUG] Command: C:\Users\Administrator\AppData\Local\Programs\Python\Python314\pythonw.exe D:\Thanh\Forex\RSI_Advanced\tools\rsi_xgboost_train.py --data-dir C:\Users\Administrator\AppData\Roaming\MetaQuotes\Terminal\3773AE10556A00F3D812544D7EDDAB90\MQL4\Files\RSI_Advanced_Logs C:\Users\Administrator\AppData\Roaming\MetaQuotes\Terminal\2191F4A3D14D7B4B1EBB84F924777883\MQL4\Files\RSI_Advanced_Logs C:\Users\Administrator\AppData\Roaming\MetaQuotes\Terminal\6F841180CC7A5B4E481813CAFF4002B0\MQL4\Files\RSI_Advanced_Logs...
2026-07-08 10:30:06,146 [INFO]   train: ============================================================
2026-07-08 10:30:06,147 [INFO]   train: Training model: XAUUSD_H1
2026-07-08 10:30:06,147 [INFO]   train: ============================================================
2026-07-08 10:30:06,147 [INFO]   train: Loading CSVs from 5 director(ies)
2026-07-08 10:30:06,147 [INFO]   train: Filter: symbol=XAUUSD
2026-07-08 10:30:06,147 [INFO]   train: Filter: tf=H1
2026-07-08 10:30:06,147 [INFO]   train: Signals: 352 rows
2026-07-08 10:30:06,147 [INFO]   train: Scoring: 20 rows
2026-07-08 10:30:06,147 [INFO]   train: Outcomes: 363 rows
2026-07-08 10:30:06,147 [INFO]   train: Resolved outcomes: 5
2026-07-08 10:30:06,147 [INFO]   train: Merged (joined): 5 rows
2026-07-08 10:30:06,147 [INFO]   train: SKIP: Only 5 resolved signals for XAUUSD_H1. Need 150.
2026-07-08 10:30:06,147 [INFO]   train: {
2026-07-08 10:30:06,147 [INFO]   train: "symbol": "XAUUSD",
2026-07-08 10:30:06,147 [INFO]   train: "tf": "H1",
2026-07-08 10:30:06,147 [INFO]   train: "status": "skip",
2026-07-08 10:30:06,147 [INFO]   train: "signals": 5,
2026-07-08 10:30:06,147 [INFO]   train: "message": "Only 5 resolved signals for XAUUSD_H1. Need 150."
2026-07-08 10:30:06,147 [INFO]   train: }
2026-07-08 10:30:06,147 [INFO]   XAUUSD_H1: PASS Brier=?, AUC=?
2026-07-08 10:30:06,147 [INFO]   XAUUSD_H4: will train — forced
2026-07-08 10:30:06,147 [INFO] Training XAUUSD H4...
2026-07-08 10:30:06,147 [DEBUG] Command: C:\Users\Administrator\AppData\Local\Programs\Python\Python314\pythonw.exe D:\Thanh\Forex\RSI_Advanced\tools\rsi_xgboost_train.py --data-dir C:\Users\Administrator\AppData\Roaming\MetaQuotes\Terminal\3773AE10556A00F3D812544D7EDDAB90\MQL4\Files\RSI_Advanced_Logs C:\Users\Administrator\AppData\Roaming\MetaQuotes\Terminal\2191F4A3D14D7B4B1EBB84F924777883\MQL4\Files\RSI_Advanced_Logs C:\Users\Administrator\AppData\Roaming\MetaQuotes\Terminal\6F841180CC7A5B4E481813CAFF4002B0\MQL4\Files\RSI_Advanced_Logs...
2026-07-08 10:30:07,761 [INFO]   train: ============================================================
2026-07-08 10:30:07,761 [INFO]   train: Training model: XAUUSD_H4
2026-07-08 10:30:07,761 [INFO]   train: ============================================================
2026-07-08 10:30:07,761 [INFO]   train: Loading CSVs from 5 director(ies)
2026-07-08 10:30:07,761 [INFO]   train: Filter: symbol=XAUUSD
2026-07-08 10:30:07,761 [INFO]   train: Filter: tf=H4
2026-07-08 10:30:07,761 [INFO]   train: Signals: 80 rows
2026-07-08 10:30:07,761 [INFO]   train: Scoring: 16 rows
2026-07-08 10:30:07,761 [INFO]   train: Outcomes: 154 rows
2026-07-08 10:30:07,761 [INFO]   train: Resolved outcomes: 74
2026-07-08 10:30:07,761 [INFO]   train: Merged (joined): 74 rows
2026-07-08 10:30:07,761 [INFO]   train: SKIP: Only 74 resolved signals for XAUUSD_H4. Need 150.
2026-07-08 10:30:07,761 [INFO]   train: {
2026-07-08 10:30:07,761 [INFO]   train: "symbol": "XAUUSD",
2026-07-08 10:30:07,761 [INFO]   train: "tf": "H4",
2026-07-08 10:30:07,761 [INFO]   train: "status": "skip",
2026-07-08 10:30:07,761 [INFO]   train: "signals": 74,
2026-07-08 10:30:07,761 [INFO]   train: "message": "Only 74 resolved signals for XAUUSD_H4. Need 150."
2026-07-08 10:30:07,761 [INFO]   train: }
2026-07-08 10:30:07,761 [INFO]   XAUUSD_H4: PASS Brier=?, AUC=?
2026-07-08 10:30:07,761 [INFO]   XAUUSD_M15: will train — forced
2026-07-08 10:30:07,761 [INFO] Training XAUUSD M15...
2026-07-08 10:30:07,761 [DEBUG] Command: C:\Users\Administrator\AppData\Local\Programs\Python\Python314\pythonw.exe D:\Thanh\Forex\RSI_Advanced\tools\rsi_xgboost_train.py --data-dir C:\Users\Administrator\AppData\Roaming\MetaQuotes\Terminal\3773AE10556A00F3D812544D7EDDAB90\MQL4\Files\RSI_Advanced_Logs C:\Users\Administrator\AppData\Roaming\MetaQuotes\Terminal\2191F4A3D14D7B4B1EBB84F924777883\MQL4\Files\RSI_Advanced_Logs C:\Users\Administrator\AppData\Roaming\MetaQuotes\Terminal\6F841180CC7A5B4E481813CAFF4002B0\MQL4\Files\RSI_Advanced_Logs...
2026-07-08 10:30:09,372 [INFO]   train: ============================================================
2026-07-08 10:30:09,372 [INFO]   train: Training model: XAUUSD_M15
2026-07-08 10:30:09,372 [INFO]   train: ============================================================
2026-07-08 10:30:09,372 [INFO]   train: Loading CSVs from 5 director(ies)
2026-07-08 10:30:09,372 [INFO]   train: Filter: symbol=XAUUSD
2026-07-08 10:30:09,372 [INFO]   train: Filter: tf=M15
2026-07-08 10:30:09,372 [INFO]   train: Signals: 264 rows
2026-07-08 10:30:09,372 [INFO]   train: Scoring: 805 rows
2026-07-08 10:30:09,372 [INFO]   train: Outcomes: 369 rows
2026-07-08 10:30:09,372 [INFO]   train: Resolved outcomes: 97
2026-07-08 10:30:09,372 [INFO]   train: Merged (joined): 97 rows
2026-07-08 10:30:09,372 [INFO]   train: SKIP: Only 97 resolved signals for XAUUSD_M15. Need 150.
2026-07-08 10:30:09,372 [INFO]   train: {
2026-07-08 10:30:09,372 [INFO]   train: "symbol": "XAUUSD",
2026-07-08 10:30:09,372 [INFO]   train: "tf": "M15",
2026-07-08 10:30:09,372 [INFO]   train: "status": "skip",
2026-07-08 10:30:09,372 [INFO]   train: "signals": 97,
2026-07-08 10:30:09,372 [INFO]   train: "message": "Only 97 resolved signals for XAUUSD_M15. Need 150."
2026-07-08 10:30:09,372 [INFO]   train: }
2026-07-08 10:30:09,372 [INFO]   XAUUSD_M15: PASS Brier=?, AUC=?
2026-07-08 10:30:09,372 [INFO]   XAUUSD_M30: will train — forced
2026-07-08 10:30:09,372 [INFO] Training XAUUSD M30...
2026-07-08 10:30:09,372 [DEBUG] Command: C:\Users\Administrator\AppData\Local\Programs\Python\Python314\pythonw.exe D:\Thanh\Forex\RSI_Advanced\tools\rsi_xgboost_train.py --data-dir C:\Users\Administrator\AppData\Roaming\MetaQuotes\Terminal\3773AE10556A00F3D812544D7EDDAB90\MQL4\Files\RSI_Advanced_Logs C:\Users\Administrator\AppData\Roaming\MetaQuotes\Terminal\2191F4A3D14D7B4B1EBB84F924777883\MQL4\Files\RSI_Advanced_Logs C:\Users\Administrator\AppData\Roaming\MetaQuotes\Terminal\6F841180CC7A5B4E481813CAFF4002B0\MQL4\Files\RSI_Advanced_Logs...
2026-07-08 10:30:11,012 [INFO]   train: ============================================================
2026-07-08 10:30:11,012 [INFO]   train: Training model: XAUUSD_M30
2026-07-08 10:30:11,012 [INFO]   train: ============================================================
2026-07-08 10:30:11,012 [INFO]   train: Loading CSVs from 5 director(ies)
2026-07-08 10:30:11,012 [INFO]   train: Filter: symbol=XAUUSD
2026-07-08 10:30:11,012 [INFO]   train: Filter: tf=M30
2026-07-08 10:30:11,012 [INFO]   train: Signals: 230 rows
2026-07-08 10:30:11,012 [INFO]   train: Scoring: 10 rows
2026-07-08 10:30:11,012 [INFO]   train: Outcomes: 299 rows
2026-07-08 10:30:11,013 [INFO]   train: Resolved outcomes: 69
2026-07-08 10:30:11,013 [INFO]   train: Merged (joined): 69 rows
2026-07-08 10:30:11,013 [INFO]   train: SKIP: Only 69 resolved signals for XAUUSD_M30. Need 150.
2026-07-08 10:30:11,013 [INFO]   train: {
2026-07-08 10:30:11,013 [INFO]   train: "symbol": "XAUUSD",
2026-07-08 10:30:11,013 [INFO]   train: "tf": "M30",
2026-07-08 10:30:11,013 [INFO]   train: "status": "skip",
2026-07-08 10:30:11,013 [INFO]   train: "signals": 69,
2026-07-08 10:30:11,013 [INFO]   train: "message": "Only 69 resolved signals for XAUUSD_M30. Need 150."
2026-07-08 10:30:11,013 [INFO]   train: }
2026-07-08 10:30:11,013 [INFO]   XAUUSD_M30: PASS Brier=?, AUC=?
2026-07-08 10:30:11,013 [INFO]   XAUUSD_M5: will train — forced
2026-07-08 10:30:11,013 [INFO] Training XAUUSD M5...
2026-07-08 10:30:11,013 [DEBUG] Command: C:\Users\Administrator\AppData\Local\Programs\Python\Python314\pythonw.exe D:\Thanh\Forex\RSI_Advanced\tools\rsi_xgboost_train.py --data-dir C:\Users\Administrator\AppData\Roaming\MetaQuotes\Terminal\3773AE10556A00F3D812544D7EDDAB90\MQL4\Files\RSI_Advanced_Logs C:\Users\Administrator\AppData\Roaming\MetaQuotes\Terminal\2191F4A3D14D7B4B1EBB84F924777883\MQL4\Files\RSI_Advanced_Logs C:\Users\Administrator\AppData\Roaming\MetaQuotes\Terminal\6F841180CC7A5B4E481813CAFF4002B0\MQL4\Files\RSI_Advanced_Logs...
2026-07-08 10:30:12,630 [INFO]   train: ============================================================
2026-07-08 10:30:12,630 [INFO]   train: Training model: XAUUSD_M5
2026-07-08 10:30:12,630 [INFO]   train: ============================================================
2026-07-08 10:30:12,630 [INFO]   train: Loading CSVs from 5 director(ies)
2026-07-08 10:30:12,630 [INFO]   train: Filter: symbol=XAUUSD
2026-07-08 10:30:12,630 [INFO]   train: Filter: tf=M5
2026-07-08 10:30:12,630 [INFO]   train: Signals: 157 rows
2026-07-08 10:30:12,630 [INFO]   train: Scoring: 7 rows
2026-07-08 10:30:12,630 [INFO]   train: Outcomes: 236 rows
2026-07-08 10:30:12,630 [INFO]   train: Resolved outcomes: 54
2026-07-08 10:30:12,630 [INFO]   train: Merged (joined): 54 rows
2026-07-08 10:30:12,630 [INFO]   train: SKIP: Only 54 resolved signals for XAUUSD_M5. Need 150.
2026-07-08 10:30:12,630 [INFO]   train: {
2026-07-08 10:30:12,630 [INFO]   train: "symbol": "XAUUSD",
2026-07-08 10:30:12,630 [INFO]   train: "tf": "M5",
2026-07-08 10:30:12,630 [INFO]   train: "status": "skip",
2026-07-08 10:30:12,630 [INFO]   train: "signals": 54,
2026-07-08 10:30:12,630 [INFO]   train: "message": "Only 54 resolved signals for XAUUSD_M5. Need 150."
2026-07-08 10:30:12,631 [INFO]   train: }
2026-07-08 10:30:12,631 [INFO]   XAUUSD_M5: PASS Brier=?, AUC=?
2026-07-08 10:30:12,631 [INFO]   XAUUSDc_D1: will train — forced
2026-07-08 10:30:12,631 [INFO] Training XAUUSDc D1...
2026-07-08 10:30:12,631 [DEBUG] Command: C:\Users\Administrator\AppData\Local\Programs\Python\Python314\pythonw.exe D:\Thanh\Forex\RSI_Advanced\tools\rsi_xgboost_train.py --data-dir C:\Users\Administrator\AppData\Roaming\MetaQuotes\Terminal\3773AE10556A00F3D812544D7EDDAB90\MQL4\Files\RSI_Advanced_Logs C:\Users\Administrator\AppData\Roaming\MetaQuotes\Terminal\2191F4A3D14D7B4B1EBB84F924777883\MQL4\Files\RSI_Advanced_Logs C:\Users\Administrator\AppData\Roaming\MetaQuotes\Terminal\6F841180CC7A5B4E481813CAFF4002B0\MQL4\Files\RSI_Advanced_Logs...
2026-07-08 10:30:14,234 [INFO]   train: ============================================================
2026-07-08 10:30:14,234 [INFO]   train: Training model: XAUUSDc_D1
2026-07-08 10:30:14,234 [INFO]   train: ============================================================
2026-07-08 10:30:14,234 [INFO]   train: Loading CSVs from 5 director(ies)
2026-07-08 10:30:14,234 [INFO]   train: Filter: symbol=XAUUSDc
2026-07-08 10:30:14,234 [INFO]   train: Filter: tf=D1
2026-07-08 10:30:14,234 [INFO]   train: Signals: 75 rows
2026-07-08 10:30:14,234 [INFO]   train: Scoring: 7 rows
2026-07-08 10:30:14,234 [INFO]   train: Outcomes: 134 rows
2026-07-08 10:30:14,234 [INFO]   train: Resolved outcomes: 59
2026-07-08 10:30:14,234 [INFO]   train: Merged (joined): 59 rows
2026-07-08 10:30:14,234 [INFO]   train: SKIP: Only 59 resolved signals for XAUUSDc_D1. Need 150.
2026-07-08 10:30:14,234 [INFO]   train: {
2026-07-08 10:30:14,234 [INFO]   train: "symbol": "XAUUSDc",
2026-07-08 10:30:14,234 [INFO]   train: "tf": "D1",
2026-07-08 10:30:14,234 [INFO]   train: "status": "skip",
2026-07-08 10:30:14,234 [INFO]   train: "signals": 59,
2026-07-08 10:30:14,234 [INFO]   train: "message": "Only 59 resolved signals for XAUUSDc_D1. Need 150."
2026-07-08 10:30:14,234 [INFO]   train: }
2026-07-08 10:30:14,234 [INFO]   XAUUSDc_D1: PASS Brier=?, AUC=?
2026-07-08 10:30:14,234 [INFO]   XAUUSDc_H1: will train — forced
2026-07-08 10:30:14,234 [INFO] Training XAUUSDc H1...
2026-07-08 10:30:14,234 [DEBUG] Command: C:\Users\Administrator\AppData\Local\Programs\Python\Python314\pythonw.exe D:\Thanh\Forex\RSI_Advanced\tools\rsi_xgboost_train.py --data-dir C:\Users\Administrator\AppData\Roaming\MetaQuotes\Terminal\3773AE10556A00F3D812544D7EDDAB90\MQL4\Files\RSI_Advanced_Logs C:\Users\Administrator\AppData\Roaming\MetaQuotes\Terminal\2191F4A3D14D7B4B1EBB84F924777883\MQL4\Files\RSI_Advanced_Logs C:\Users\Administrator\AppData\Roaming\MetaQuotes\Terminal\6F841180CC7A5B4E481813CAFF4002B0\MQL4\Files\RSI_Advanced_Logs...
2026-07-08 10:30:15,800 [INFO]   train: ============================================================
2026-07-08 10:30:15,800 [INFO]   train: Training model: XAUUSDc_H1
2026-07-08 10:30:15,800 [INFO]   train: ============================================================
2026-07-08 10:30:15,800 [INFO]   train: Loading CSVs from 5 director(ies)
2026-07-08 10:30:15,800 [INFO]   train: Filter: symbol=XAUUSDc
2026-07-08 10:30:15,800 [INFO]   train: Filter: tf=H1
2026-07-08 10:30:15,800 [INFO]   train: Signals: 161 rows
2026-07-08 10:30:15,800 [INFO]   train: Scoring: 103 rows
2026-07-08 10:30:15,801 [INFO]   train: Outcomes: 237 rows
2026-07-08 10:30:15,801 [INFO]   train: Resolved outcomes: 76
2026-07-08 10:30:15,801 [INFO]   train: Merged (joined): 76 rows
2026-07-08 10:30:15,801 [INFO]   train: SKIP: Only 76 resolved signals for XAUUSDc_H1. Need 150.
2026-07-08 10:30:15,801 [INFO]   train: {
2026-07-08 10:30:15,801 [INFO]   train: "symbol": "XAUUSDc",
2026-07-08 10:30:15,801 [INFO]   train: "tf": "H1",
2026-07-08 10:30:15,801 [INFO]   train: "status": "skip",
2026-07-08 10:30:15,801 [INFO]   train: "signals": 76,
2026-07-08 10:30:15,801 [INFO]   train: "message": "Only 76 resolved signals for XAUUSDc_H1. Need 150."
2026-07-08 10:30:15,801 [INFO]   train: }
2026-07-08 10:30:15,801 [INFO]   XAUUSDc_H1: PASS Brier=?, AUC=?
2026-07-08 10:30:15,801 [INFO]   XAUUSDc_H4: will train — forced
2026-07-08 10:30:15,801 [INFO] Training XAUUSDc H4...
2026-07-08 10:30:15,801 [DEBUG] Command: C:\Users\Administrator\AppData\Local\Programs\Python\Python314\pythonw.exe D:\Thanh\Forex\RSI_Advanced\tools\rsi_xgboost_train.py --data-dir C:\Users\Administrator\AppData\Roaming\MetaQuotes\Terminal\3773AE10556A00F3D812544D7EDDAB90\MQL4\Files\RSI_Advanced_Logs C:\Users\Administrator\AppData\Roaming\MetaQuotes\Terminal\2191F4A3D14D7B4B1EBB84F924777883\MQL4\Files\RSI_Advanced_Logs C:\Users\Administrator\AppData\Roaming\MetaQuotes\Terminal\6F841180CC7A5B4E481813CAFF4002B0\MQL4\Files\RSI_Advanced_Logs...
2026-07-08 10:30:17,327 [INFO]   train: ============================================================
2026-07-08 10:30:17,327 [INFO]   train: Training model: XAUUSDc_H4
2026-07-08 10:30:17,327 [INFO]   train: ============================================================
2026-07-08 10:30:17,327 [INFO]   train: Loading CSVs from 5 director(ies)
2026-07-08 10:30:17,327 [INFO]   train: Filter: symbol=XAUUSDc
2026-07-08 10:30:17,327 [INFO]   train: Filter: tf=H4
2026-07-08 10:30:17,327 [INFO]   train: Signals: 104 rows
2026-07-08 10:30:17,327 [INFO]   train: Scoring: 32 rows
2026-07-08 10:30:17,327 [INFO]   train: Outcomes: 182 rows
2026-07-08 10:30:17,327 [INFO]   train: Resolved outcomes: 78
2026-07-08 10:30:17,327 [INFO]   train: Merged (joined): 78 rows
2026-07-08 10:30:17,327 [INFO]   train: SKIP: Only 78 resolved signals for XAUUSDc_H4. Need 150.
2026-07-08 10:30:17,327 [INFO]   train: {
2026-07-08 10:30:17,327 [INFO]   train: "symbol": "XAUUSDc",
2026-07-08 10:30:17,327 [INFO]   train: "tf": "H4",
2026-07-08 10:30:17,327 [INFO]   train: "status": "skip",
2026-07-08 10:30:17,328 [INFO]   train: "signals": 78,
2026-07-08 10:30:17,328 [INFO]   train: "message": "Only 78 resolved signals for XAUUSDc_H4. Need 150."
2026-07-08 10:30:17,328 [INFO]   train: }
2026-07-08 10:30:17,328 [INFO]   XAUUSDc_H4: PASS Brier=?, AUC=?
2026-07-08 10:30:17,328 [INFO]   XAUUSDc_M15: will train — forced
2026-07-08 10:30:17,328 [INFO] Training XAUUSDc M15...
2026-07-08 10:30:17,328 [DEBUG] Command: C:\Users\Administrator\AppData\Local\Programs\Python\Python314\pythonw.exe D:\Thanh\Forex\RSI_Advanced\tools\rsi_xgboost_train.py --data-dir C:\Users\Administrator\AppData\Roaming\MetaQuotes\Terminal\3773AE10556A00F3D812544D7EDDAB90\MQL4\Files\RSI_Advanced_Logs C:\Users\Administrator\AppData\Roaming\MetaQuotes\Terminal\2191F4A3D14D7B4B1EBB84F924777883\MQL4\Files\RSI_Advanced_Logs C:\Users\Administrator\AppData\Roaming\MetaQuotes\Terminal\6F841180CC7A5B4E481813CAFF4002B0\MQL4\Files\RSI_Advanced_Logs...
2026-07-08 10:30:18,942 [INFO]   train: ============================================================
2026-07-08 10:30:18,942 [INFO]   train: Training model: XAUUSDc_M15
2026-07-08 10:30:18,942 [INFO]   train: ============================================================
2026-07-08 10:30:18,942 [INFO]   train: Loading CSVs from 5 director(ies)
2026-07-08 10:30:18,942 [INFO]   train: Filter: symbol=XAUUSDc
2026-07-08 10:30:18,942 [INFO]   train: Filter: tf=M15
2026-07-08 10:30:18,942 [INFO]   train: Signals: 140 rows
2026-07-08 10:30:18,942 [INFO]   train: Scoring: 447 rows
2026-07-08 10:30:18,942 [INFO]   train: Outcomes: 156 rows
2026-07-08 10:30:18,942 [INFO]   train: Resolved outcomes: 10
2026-07-08 10:30:18,942 [INFO]   train: Merged (joined): 10 rows
2026-07-08 10:30:18,942 [INFO]   train: SKIP: Only 10 resolved signals for XAUUSDc_M15. Need 150.
2026-07-08 10:30:18,942 [INFO]   train: {
2026-07-08 10:30:18,942 [INFO]   train: "symbol": "XAUUSDc",
2026-07-08 10:30:18,943 [INFO]   train: "tf": "M15",
2026-07-08 10:30:18,943 [INFO]   train: "status": "skip",
2026-07-08 10:30:18,943 [INFO]   train: "signals": 10,
2026-07-08 10:30:18,943 [INFO]   train: "message": "Only 10 resolved signals for XAUUSDc_M15. Need 150."
2026-07-08 10:30:18,943 [INFO]   train: }
2026-07-08 10:30:18,943 [INFO]   XAUUSDc_M15: PASS Brier=?, AUC=?
2026-07-08 10:30:18,943 [INFO]   XAUUSDc_M30: will train — forced
2026-07-08 10:30:18,943 [INFO] Training XAUUSDc M30...
2026-07-08 10:30:18,943 [DEBUG] Command: C:\Users\Administrator\AppData\Local\Programs\Python\Python314\pythonw.exe D:\Thanh\Forex\RSI_Advanced\tools\rsi_xgboost_train.py --data-dir C:\Users\Administrator\AppData\Roaming\MetaQuotes\Terminal\3773AE10556A00F3D812544D7EDDAB90\MQL4\Files\RSI_Advanced_Logs C:\Users\Administrator\AppData\Roaming\MetaQuotes\Terminal\2191F4A3D14D7B4B1EBB84F924777883\MQL4\Files\RSI_Advanced_Logs C:\Users\Administrator\AppData\Roaming\MetaQuotes\Terminal\6F841180CC7A5B4E481813CAFF4002B0\MQL4\Files\RSI_Advanced_Logs...
2026-07-08 10:30:20,516 [INFO]   train: ============================================================
2026-07-08 10:30:20,516 [INFO]   train: Training model: XAUUSDc_M30
2026-07-08 10:30:20,516 [INFO]   train: ============================================================
2026-07-08 10:30:20,516 [INFO]   train: Loading CSVs from 5 director(ies)
2026-07-08 10:30:20,516 [INFO]   train: Filter: symbol=XAUUSDc
2026-07-08 10:30:20,516 [INFO]   train: Filter: tf=M30
2026-07-08 10:30:20,516 [INFO]   train: Signals: 131 rows
2026-07-08 10:30:20,516 [INFO]   train: Scoring: 67 rows
2026-07-08 10:30:20,516 [INFO]   train: Outcomes: 200 rows
2026-07-08 10:30:20,516 [INFO]   train: Resolved outcomes: 69
2026-07-08 10:30:20,516 [INFO]   train: Merged (joined): 69 rows
2026-07-08 10:30:20,516 [INFO]   train: SKIP: Only 69 resolved signals for XAUUSDc_M30. Need 150.
2026-07-08 10:30:20,516 [INFO]   train: {
2026-07-08 10:30:20,516 [INFO]   train: "symbol": "XAUUSDc",
2026-07-08 10:30:20,516 [INFO]   train: "tf": "M30",
2026-07-08 10:30:20,516 [INFO]   train: "status": "skip",
2026-07-08 10:30:20,516 [INFO]   train: "signals": 69,
2026-07-08 10:30:20,517 [INFO]   train: "message": "Only 69 resolved signals for XAUUSDc_M30. Need 150."
2026-07-08 10:30:20,517 [INFO]   train: }
2026-07-08 10:30:20,517 [INFO]   XAUUSDc_M30: PASS Brier=?, AUC=?
2026-07-08 10:30:20,517 [INFO]   XAUUSDc_M5: will train — forced
2026-07-08 10:30:20,517 [INFO] Training XAUUSDc M5...
2026-07-08 10:30:20,517 [DEBUG] Command: C:\Users\Administrator\AppData\Local\Programs\Python\Python314\pythonw.exe D:\Thanh\Forex\RSI_Advanced\tools\rsi_xgboost_train.py --data-dir C:\Users\Administrator\AppData\Roaming\MetaQuotes\Terminal\3773AE10556A00F3D812544D7EDDAB90\MQL4\Files\RSI_Advanced_Logs C:\Users\Administrator\AppData\Roaming\MetaQuotes\Terminal\2191F4A3D14D7B4B1EBB84F924777883\MQL4\Files\RSI_Advanced_Logs C:\Users\Administrator\AppData\Roaming\MetaQuotes\Terminal\6F841180CC7A5B4E481813CAFF4002B0\MQL4\Files\RSI_Advanced_Logs...
2026-07-08 10:30:22,134 [INFO]   train: ============================================================
2026-07-08 10:30:22,134 [INFO]   train: Training model: XAUUSDc_M5
2026-07-08 10:30:22,134 [INFO]   train: ============================================================
2026-07-08 10:30:22,134 [INFO]   train: Loading CSVs from 5 director(ies)
2026-07-08 10:30:22,134 [INFO]   train: Filter: symbol=XAUUSDc
2026-07-08 10:30:22,134 [INFO]   train: Filter: tf=M5
2026-07-08 10:30:22,134 [INFO]   train: Signals: 49 rows
2026-07-08 10:30:22,134 [INFO]   train: Scoring: 160 rows
2026-07-08 10:30:22,134 [INFO]   train: Outcomes: 70 rows
2026-07-08 10:30:22,134 [INFO]   train: Resolved outcomes: 15
2026-07-08 10:30:22,134 [INFO]   train: Merged (joined): 15 rows
2026-07-08 10:30:22,134 [INFO]   train: SKIP: Only 15 resolved signals for XAUUSDc_M5. Need 150.
2026-07-08 10:30:22,134 [INFO]   train: {
2026-07-08 10:30:22,134 [INFO]   train: "symbol": "XAUUSDc",
2026-07-08 10:30:22,134 [INFO]   train: "tf": "M5",
2026-07-08 10:30:22,134 [INFO]   train: "status": "skip",
2026-07-08 10:30:22,134 [INFO]   train: "signals": 15,
2026-07-08 10:30:22,134 [INFO]   train: "message": "Only 15 resolved signals for XAUUSDc_M5. Need 150."
2026-07-08 10:30:22,134 [INFO]   train: }
2026-07-08 10:30:22,134 [INFO]   XAUUSDc_M5: PASS Brier=?, AUC=?
2026-07-08 10:30:22,144 [INFO] Assembling 22 models into binary: C:\Users\Administrator\AppData\Roaming\MetaQuotes\Terminal\Common\Files\RSI_Advanced\XGBModels.bin
2026-07-08 10:30:22,574 [WARNING] No models assembled — all re-training failed
2026-07-08 10:30:22,574 [INFO] XGBModels.bin updated with 22 models
2026-07-08 10:30:22,574 [INFO] NOTIFY: XGB: 22 model(s) updated — BTCUSD D1 Brier=?, BTCUSD H1 Brier=?, BTCUSD H4 Brier=?, BTCUSD M30 Brier=?, BTCUSD M5 Brier=?, EURUSDc D1 Brier=?, EURUSDc H1 Brier=?, EURUSDc H4 Brier=?, EURUSDc M15 Brier=?, EURUSDc M30 Brier=?, XAUUSD D1 Brier=?, XAUUSD H1 Brier=?, XAUUSD H4 Brier=?, XAUUSD M15 Brier=?, XAUUSD M30 Brier=?, XAUUSD M5 Brier=?, XAUUSDc D1 Brier=?, XAUUSDc H1 Brier=?, XAUUSDc H4 Brier=?, XAUUSDc M15 Brier=?, XAUUSDc M30 Brier=?, XAUUSDc M5 Brier=?
Models auto-loaded, no recompile needed.
2026-07-08 10:49:23,431 [INFO] Scanning 5 directories for TFs: ['M5', 'M15', 'M30', 'H1', 'H4', 'D1']
2026-07-08 10:49:23,488 [INFO] Found 22 symbol+TF pairs with data
2026-07-08 10:49:23,488 [INFO]   BTCUSD_D1: 0 resolved signals
2026-07-08 10:49:23,488 [INFO]   BTCUSD_H1: 96 resolved signals
2026-07-08 10:49:23,488 [INFO]   BTCUSD_H4: 0 resolved signals
2026-07-08 10:49:23,488 [INFO]   BTCUSD_M30: 52 resolved signals
2026-07-08 10:49:23,488 [INFO]   BTCUSD_M5: 79 resolved signals
2026-07-08 10:49:23,488 [INFO]   EURUSDc_D1: 43 resolved signals
2026-07-08 10:49:23,488 [INFO]   EURUSDc_H1: 50 resolved signals
2026-07-08 10:49:23,488 [INFO]   EURUSDc_H4: 96 resolved signals
2026-07-08 10:49:23,488 [INFO]   EURUSDc_M15: 0 resolved signals
2026-07-08 10:49:23,488 [INFO]   EURUSDc_M30: 0 resolved signals
2026-07-08 10:49:23,488 [INFO]   XAUUSD_D1: 44 resolved signals
2026-07-08 10:49:23,488 [INFO]   XAUUSD_H1: 11 resolved signals
2026-07-08 10:49:23,489 [INFO]   XAUUSD_H4: 74 resolved signals
2026-07-08 10:49:23,489 [INFO]   XAUUSD_M15: 105 resolved signals
2026-07-08 10:49:23,489 [INFO]   XAUUSD_M30: 69 resolved signals
2026-07-08 10:49:23,489 [INFO]   XAUUSD_M5: 79 resolved signals
2026-07-08 10:49:23,489 [INFO]   XAUUSDc_D1: 59 resolved signals
2026-07-08 10:49:23,489 [INFO]   XAUUSDc_H1: 76 resolved signals
2026-07-08 10:49:23,489 [INFO]   XAUUSDc_H4: 78 resolved signals
2026-07-08 10:49:23,489 [INFO]   XAUUSDc_M15: 16 resolved signals
2026-07-08 10:49:23,489 [INFO]   XAUUSDc_M30: 69 resolved signals
2026-07-08 10:49:23,489 [INFO]   XAUUSDc_M5: 21 resolved signals
2026-07-08 10:49:23,489 [DEBUG]   BTCUSD_D1: skip — only 0/150 signals
2026-07-08 10:49:23,489 [DEBUG]   BTCUSD_H1: skip — only 96/150 signals
2026-07-08 10:49:23,489 [DEBUG]   BTCUSD_H4: skip — only 0/150 signals
2026-07-08 10:49:23,489 [DEBUG]   BTCUSD_M30: skip — only 52/150 signals
2026-07-08 10:49:23,489 [DEBUG]   BTCUSD_M5: skip — only 79/150 signals
2026-07-08 10:49:23,489 [DEBUG]   EURUSDc_D1: skip — only 43/150 signals
2026-07-08 10:49:23,489 [DEBUG]   EURUSDc_H1: skip — only 50/150 signals
2026-07-08 10:49:23,489 [DEBUG]   EURUSDc_H4: skip — only 96/150 signals
2026-07-08 10:49:23,489 [DEBUG]   EURUSDc_M15: skip — only 0/150 signals
2026-07-08 10:49:23,489 [DEBUG]   EURUSDc_M30: skip — only 0/150 signals
2026-07-08 10:49:23,489 [DEBUG]   XAUUSD_D1: skip — only 44/150 signals
2026-07-08 10:49:23,489 [DEBUG]   XAUUSD_H1: skip — only 11/150 signals
2026-07-08 10:49:23,489 [DEBUG]   XAUUSD_H4: skip — only 74/150 signals
2026-07-08 10:49:23,489 [DEBUG]   XAUUSD_M15: skip — only 105/150 signals
2026-07-08 10:49:23,489 [DEBUG]   XAUUSD_M30: skip — only 69/150 signals
2026-07-08 10:49:23,489 [DEBUG]   XAUUSD_M5: skip — only 79/150 signals
2026-07-08 10:49:23,489 [DEBUG]   XAUUSDc_D1: skip — only 59/150 signals
2026-07-08 10:49:23,489 [DEBUG]   XAUUSDc_H1: skip — only 76/150 signals
2026-07-08 10:49:23,489 [DEBUG]   XAUUSDc_H4: skip — only 78/150 signals
2026-07-08 10:49:23,489 [DEBUG]   XAUUSDc_M15: skip — only 16/150 signals
2026-07-08 10:49:23,489 [DEBUG]   XAUUSDc_M30: skip — only 69/150 signals
2026-07-08 10:49:23,489 [DEBUG]   XAUUSDc_M5: skip — only 21/150 signals
2026-07-08 11:19:24,050 [INFO] Scanning 5 directories for TFs: ['M5', 'M15', 'M30', 'H1', 'H4', 'D1']
2026-07-08 11:19:24,115 [INFO] Found 22 symbol+TF pairs with data
2026-07-08 11:19:24,115 [INFO]   BTCUSD_D1: 0 resolved signals
2026-07-08 11:19:24,115 [INFO]   BTCUSD_H1: 96 resolved signals
2026-07-08 11:19:24,115 [INFO]   BTCUSD_H4: 0 resolved signals
2026-07-08 11:19:24,115 [INFO]   BTCUSD_M30: 52 resolved signals
2026-07-08 11:19:24,115 [INFO]   BTCUSD_M5: 79 resolved signals
2026-07-08 11:19:24,115 [INFO]   EURUSDc_D1: 43 resolved signals
2026-07-08 11:19:24,115 [INFO]   EURUSDc_H1: 50 resolved signals
2026-07-08 11:19:24,115 [INFO]   EURUSDc_H4: 96 resolved signals
2026-07-08 11:19:24,115 [INFO]   EURUSDc_M15: 0 resolved signals
2026-07-08 11:19:24,115 [INFO]   EURUSDc_M30: 0 resolved signals
2026-07-08 11:19:24,115 [INFO]   XAUUSD_D1: 44 resolved signals
2026-07-08 11:19:24,115 [INFO]   XAUUSD_H1: 11 resolved signals
2026-07-08 11:19:24,115 [INFO]   XAUUSD_H4: 74 resolved signals
2026-07-08 11:19:24,115 [INFO]   XAUUSD_M15: 105 resolved signals
2026-07-08 11:19:24,115 [INFO]   XAUUSD_M30: 69 resolved signals
2026-07-08 11:19:24,115 [INFO]   XAUUSD_M5: 79 resolved signals
2026-07-08 11:19:24,115 [INFO]   XAUUSDc_D1: 59 resolved signals
2026-07-08 11:19:24,115 [INFO]   XAUUSDc_H1: 76 resolved signals
2026-07-08 11:19:24,115 [INFO]   XAUUSDc_H4: 78 resolved signals
2026-07-08 11:19:24,115 [INFO]   XAUUSDc_M15: 16 resolved signals
2026-07-08 11:19:24,115 [INFO]   XAUUSDc_M30: 69 resolved signals
2026-07-08 11:19:24,115 [INFO]   XAUUSDc_M5: 21 resolved signals
2026-07-08 11:19:24,115 [DEBUG]   BTCUSD_D1: skip — only 0/150 signals
2026-07-08 11:19:24,115 [DEBUG]   BTCUSD_H1: skip — only 96/150 signals
2026-07-08 11:19:24,115 [DEBUG]   BTCUSD_H4: skip — only 0/150 signals
2026-07-08 11:19:24,115 [DEBUG]   BTCUSD_M30: skip — only 52/150 signals
2026-07-08 11:19:24,115 [DEBUG]   BTCUSD_M5: skip — only 79/150 signals
2026-07-08 11:19:24,115 [DEBUG]   EURUSDc_D1: skip — only 43/150 signals
2026-07-08 11:19:24,115 [DEBUG]   EURUSDc_H1: skip — only 50/150 signals
2026-07-08 11:19:24,115 [DEBUG]   EURUSDc_H4: skip — only 96/150 signals
2026-07-08 11:19:24,115 [DEBUG]   EURUSDc_M15: skip — only 0/150 signals
2026-07-08 11:19:24,115 [DEBUG]   EURUSDc_M30: skip — only 0/150 signals
2026-07-08 11:19:24,115 [DEBUG]   XAUUSD_D1: skip — only 44/150 signals
2026-07-08 11:19:24,115 [DEBUG]   XAUUSD_H1: skip — only 11/150 signals
2026-07-08 11:19:24,115 [DEBUG]   XAUUSD_H4: skip — only 74/150 signals
2026-07-08 11:19:24,115 [DEBUG]   XAUUSD_M15: skip — only 105/150 signals
2026-07-08 11:19:24,115 [DEBUG]   XAUUSD_M30: skip — only 69/150 signals
2026-07-08 11:19:24,115 [DEBUG]   XAUUSD_M5: skip — only 79/150 signals
2026-07-08 11:19:24,115 [DEBUG]   XAUUSDc_D1: skip — only 59/150 signals
2026-07-08 11:19:24,116 [DEBUG]   XAUUSDc_H1: skip — only 76/150 signals
2026-07-08 11:19:24,116 [DEBUG]   XAUUSDc_H4: skip — only 78/150 signals
2026-07-08 11:19:24,116 [DEBUG]   XAUUSDc_M15: skip — only 16/150 signals
2026-07-08 11:19:24,116 [DEBUG]   XAUUSDc_M30: skip — only 69/150 signals
2026-07-08 11:19:24,116 [DEBUG]   XAUUSDc_M5: skip — only 21/150 signals
2026-07-08 11:49:24,642 [INFO] Scanning 5 directories for TFs: ['M5', 'M15', 'M30', 'H1', 'H4', 'D1']
2026-07-08 11:49:24,703 [INFO] Found 22 symbol+TF pairs with data
2026-07-08 11:49:24,703 [INFO]   BTCUSD_D1: 0 resolved signals
2026-07-08 11:49:24,703 [INFO]   BTCUSD_H1: 96 resolved signals
2026-07-08 11:49:24,703 [INFO]   BTCUSD_H4: 0 resolved signals
2026-07-08 11:49:24,703 [INFO]   BTCUSD_M30: 52 resolved signals
2026-07-08 11:49:24,704 [INFO]   BTCUSD_M5: 79 resolved signals
2026-07-08 11:49:24,704 [INFO]   EURUSDc_D1: 43 resolved signals
2026-07-08 11:49:24,704 [INFO]   EURUSDc_H1: 50 resolved signals
2026-07-08 11:49:24,704 [INFO]   EURUSDc_H4: 96 resolved signals
2026-07-08 11:49:24,704 [INFO]   EURUSDc_M15: 0 resolved signals
2026-07-08 11:49:24,704 [INFO]   EURUSDc_M30: 0 resolved signals
2026-07-08 11:49:24,704 [INFO]   XAUUSD_D1: 44 resolved signals
2026-07-08 11:49:24,704 [INFO]   XAUUSD_H1: 11 resolved signals
2026-07-08 11:49:24,704 [INFO]   XAUUSD_H4: 74 resolved signals
2026-07-08 11:49:24,704 [INFO]   XAUUSD_M15: 105 resolved signals
2026-07-08 11:49:24,704 [INFO]   XAUUSD_M30: 69 resolved signals
2026-07-08 11:49:24,704 [INFO]   XAUUSD_M5: 79 resolved signals
2026-07-08 11:49:24,704 [INFO]   XAUUSDc_D1: 59 resolved signals
2026-07-08 11:49:24,704 [INFO]   XAUUSDc_H1: 76 resolved signals
2026-07-08 11:49:24,704 [INFO]   XAUUSDc_H4: 78 resolved signals
2026-07-08 11:49:24,704 [INFO]   XAUUSDc_M15: 16 resolved signals
2026-07-08 11:49:24,704 [INFO]   XAUUSDc_M30: 69 resolved signals
2026-07-08 11:49:24,704 [INFO]   XAUUSDc_M5: 21 resolved signals
2026-07-08 11:49:24,704 [DEBUG]   BTCUSD_D1: skip — only 0/150 signals
2026-07-08 11:49:24,704 [DEBUG]   BTCUSD_H1: skip — only 96/150 signals
2026-07-08 11:49:24,704 [DEBUG]   BTCUSD_H4: skip — only 0/150 signals
2026-07-08 11:49:24,704 [DEBUG]   BTCUSD_M30: skip — only 52/150 signals
2026-07-08 11:49:24,704 [DEBUG]   BTCUSD_M5: skip — only 79/150 signals
2026-07-08 11:49:24,704 [DEBUG]   EURUSDc_D1: skip — only 43/150 signals
2026-07-08 11:49:24,704 [DEBUG]   EURUSDc_H1: skip — only 50/150 signals
2026-07-08 11:49:24,704 [DEBUG]   EURUSDc_H4: skip — only 96/150 signals
2026-07-08 11:49:24,704 [DEBUG]   EURUSDc_M15: skip — only 0/150 signals
2026-07-08 11:49:24,704 [DEBUG]   EURUSDc_M30: skip — only 0/150 signals
2026-07-08 11:49:24,704 [DEBUG]   XAUUSD_D1: skip — only 44/150 signals
2026-07-08 11:49:24,704 [DEBUG]   XAUUSD_H1: skip — only 11/150 signals
2026-07-08 11:49:24,704 [DEBUG]   XAUUSD_H4: skip — only 74/150 signals
2026-07-08 11:49:24,704 [DEBUG]   XAUUSD_M15: skip — only 105/150 signals
2026-07-08 11:49:24,704 [DEBUG]   XAUUSD_M30: skip — only 69/150 signals
2026-07-08 11:49:24,704 [DEBUG]   XAUUSD_M5: skip — only 79/150 signals
2026-07-08 11:49:24,704 [DEBUG]   XAUUSDc_D1: skip — only 59/150 signals
2026-07-08 11:49:24,704 [DEBUG]   XAUUSDc_H1: skip — only 76/150 signals
2026-07-08 11:49:24,705 [DEBUG]   XAUUSDc_H4: skip — only 78/150 signals
2026-07-08 11:49:24,705 [DEBUG]   XAUUSDc_M15: skip — only 16/150 signals
2026-07-08 11:49:24,705 [DEBUG]   XAUUSDc_M30: skip — only 69/150 signals
2026-07-08 11:49:24,705 [DEBUG]   XAUUSDc_M5: skip — only 21/150 signals
2026-07-08 12:19:25,179 [INFO] Scanning 5 directories for TFs: ['M5', 'M15', 'M30', 'H1', 'H4', 'D1']
2026-07-08 12:19:25,234 [INFO] Found 22 symbol+TF pairs with data
2026-07-08 12:19:25,234 [INFO]   BTCUSD_D1: 0 resolved signals
2026-07-08 12:19:25,234 [INFO]   BTCUSD_H1: 96 resolved signals
2026-07-08 12:19:25,234 [INFO]   BTCUSD_H4: 0 resolved signals
2026-07-08 12:19:25,234 [INFO]   BTCUSD_M30: 52 resolved signals
2026-07-08 12:19:25,234 [INFO]   BTCUSD_M5: 79 resolved signals
2026-07-08 12:19:25,234 [INFO]   EURUSDc_D1: 43 resolved signals
2026-07-08 12:19:25,235 [INFO]   EURUSDc_H1: 50 resolved signals
2026-07-08 12:19:25,235 [INFO]   EURUSDc_H4: 96 resolved signals
2026-07-08 12:19:25,235 [INFO]   EURUSDc_M15: 0 resolved signals
2026-07-08 12:19:25,235 [INFO]   EURUSDc_M30: 0 resolved signals
2026-07-08 12:19:25,235 [INFO]   XAUUSD_D1: 44 resolved signals
2026-07-08 12:19:25,235 [INFO]   XAUUSD_H1: 11 resolved signals
2026-07-08 12:19:25,235 [INFO]   XAUUSD_H4: 74 resolved signals
2026-07-08 12:19:25,235 [INFO]   XAUUSD_M15: 105 resolved signals
2026-07-08 12:19:25,235 [INFO]   XAUUSD_M30: 69 resolved signals
2026-07-08 12:19:25,235 [INFO]   XAUUSD_M5: 79 resolved signals
2026-07-08 12:19:25,235 [INFO]   XAUUSDc_D1: 59 resolved signals
2026-07-08 12:19:25,235 [INFO]   XAUUSDc_H1: 76 resolved signals
2026-07-08 12:19:25,235 [INFO]   XAUUSDc_H4: 78 resolved signals
2026-07-08 12:19:25,235 [INFO]   XAUUSDc_M15: 16 resolved signals
2026-07-08 12:19:25,235 [INFO]   XAUUSDc_M30: 69 resolved signals
2026-07-08 12:19:25,235 [INFO]   XAUUSDc_M5: 21 resolved signals
2026-07-08 12:19:25,235 [DEBUG]   BTCUSD_D1: skip — only 0/150 signals
2026-07-08 12:19:25,235 [DEBUG]   BTCUSD_H1: skip — only 96/150 signals
2026-07-08 12:19:25,235 [DEBUG]   BTCUSD_H4: skip — only 0/150 signals
2026-07-08 12:19:25,235 [DEBUG]   BTCUSD_M30: skip — only 52/150 signals
2026-07-08 12:19:25,235 [DEBUG]   BTCUSD_M5: skip — only 79/150 signals
2026-07-08 12:19:25,235 [DEBUG]   EURUSDc_D1: skip — only 43/150 signals
2026-07-08 12:19:25,235 [DEBUG]   EURUSDc_H1: skip — only 50/150 signals
2026-07-08 12:19:25,235 [DEBUG]   EURUSDc_H4: skip — only 96/150 signals
2026-07-08 12:19:25,235 [DEBUG]   EURUSDc_M15: skip — only 0/150 signals
2026-07-08 12:19:25,235 [DEBUG]   EURUSDc_M30: skip — only 0/150 signals
2026-07-08 12:19:25,235 [DEBUG]   XAUUSD_D1: skip — only 44/150 signals
2026-07-08 12:19:25,235 [DEBUG]   XAUUSD_H1: skip — only 11/150 signals
2026-07-08 12:19:25,235 [DEBUG]   XAUUSD_H4: skip — only 74/150 signals
2026-07-08 12:19:25,235 [DEBUG]   XAUUSD_M15: skip — only 105/150 signals
2026-07-08 12:19:25,235 [DEBUG]   XAUUSD_M30: skip — only 69/150 signals
2026-07-08 12:19:25,235 [DEBUG]   XAUUSD_M5: skip — only 79/150 signals
2026-07-08 12:19:25,235 [DEBUG]   XAUUSDc_D1: skip — only 59/150 signals
2026-07-08 12:19:25,235 [DEBUG]   XAUUSDc_H1: skip — only 76/150 signals
2026-07-08 12:19:25,235 [DEBUG]   XAUUSDc_H4: skip — only 78/150 signals
2026-07-08 12:19:25,235 [DEBUG]   XAUUSDc_M15: skip — only 16/150 signals
2026-07-08 12:19:25,235 [DEBUG]   XAUUSDc_M30: skip — only 69/150 signals
2026-07-08 12:19:25,235 [DEBUG]   XAUUSDc_M5: skip — only 21/150 signals
2026-07-08 12:49:25,716 [INFO] Scanning 5 directories for TFs: ['M5', 'M15', 'M30', 'H1', 'H4', 'D1']
2026-07-08 12:49:25,769 [INFO] Found 22 symbol+TF pairs with data
2026-07-08 12:49:25,769 [INFO]   BTCUSD_D1: 0 resolved signals
2026-07-08 12:49:25,769 [INFO]   BTCUSD_H1: 96 resolved signals
2026-07-08 12:49:25,769 [INFO]   BTCUSD_H4: 0 resolved signals
2026-07-08 12:49:25,769 [INFO]   BTCUSD_M30: 52 resolved signals
2026-07-08 12:49:25,769 [INFO]   BTCUSD_M5: 79 resolved signals
2026-07-08 12:49:25,769 [INFO]   EURUSDc_D1: 43 resolved signals
2026-07-08 12:49:25,769 [INFO]   EURUSDc_H1: 50 resolved signals
2026-07-08 12:49:25,769 [INFO]   EURUSDc_H4: 96 resolved signals
2026-07-08 12:49:25,769 [INFO]   EURUSDc_M15: 0 resolved signals
2026-07-08 12:49:25,769 [INFO]   EURUSDc_M30: 0 resolved signals
2026-07-08 12:49:25,769 [INFO]   XAUUSD_D1: 44 resolved signals
2026-07-08 12:49:25,769 [INFO]   XAUUSD_H1: 11 resolved signals
2026-07-08 12:49:25,769 [INFO]   XAUUSD_H4: 74 resolved signals
2026-07-08 12:49:25,769 [INFO]   XAUUSD_M15: 105 resolved signals
2026-07-08 12:49:25,769 [INFO]   XAUUSD_M30: 69 resolved signals
2026-07-08 12:49:25,769 [INFO]   XAUUSD_M5: 79 resolved signals
2026-07-08 12:49:25,769 [INFO]   XAUUSDc_D1: 59 resolved signals
2026-07-08 12:49:25,769 [INFO]   XAUUSDc_H1: 76 resolved signals
2026-07-08 12:49:25,769 [INFO]   XAUUSDc_H4: 78 resolved signals
2026-07-08 12:49:25,769 [INFO]   XAUUSDc_M15: 16 resolved signals
2026-07-08 12:49:25,769 [INFO]   XAUUSDc_M30: 69 resolved signals
2026-07-08 12:49:25,769 [INFO]   XAUUSDc_M5: 21 resolved signals
2026-07-08 12:49:25,769 [DEBUG]   BTCUSD_D1: skip — only 0/150 signals
2026-07-08 12:49:25,769 [DEBUG]   BTCUSD_H1: skip — only 96/150 signals
2026-07-08 12:49:25,769 [DEBUG]   BTCUSD_H4: skip — only 0/150 signals
2026-07-08 12:49:25,769 [DEBUG]   BTCUSD_M30: skip — only 52/150 signals
2026-07-08 12:49:25,769 [DEBUG]   BTCUSD_M5: skip — only 79/150 signals
2026-07-08 12:49:25,770 [DEBUG]   EURUSDc_D1: skip — only 43/150 signals
2026-07-08 12:49:25,770 [DEBUG]   EURUSDc_H1: skip — only 50/150 signals
2026-07-08 12:49:25,770 [DEBUG]   EURUSDc_H4: skip — only 96/150 signals
2026-07-08 12:49:25,770 [DEBUG]   EURUSDc_M15: skip — only 0/150 signals
2026-07-08 12:49:25,770 [DEBUG]   EURUSDc_M30: skip — only 0/150 signals
2026-07-08 12:49:25,770 [DEBUG]   XAUUSD_D1: skip — only 44/150 signals
2026-07-08 12:49:25,770 [DEBUG]   XAUUSD_H1: skip — only 11/150 signals
2026-07-08 12:49:25,770 [DEBUG]   XAUUSD_H4: skip — only 74/150 signals
2026-07-08 12:49:25,770 [DEBUG]   XAUUSD_M15: skip — only 105/150 signals
2026-07-08 12:49:25,770 [DEBUG]   XAUUSD_M30: skip — only 69/150 signals
2026-07-08 12:49:25,770 [DEBUG]   XAUUSD_M5: skip — only 79/150 signals
2026-07-08 12:49:25,770 [DEBUG]   XAUUSDc_D1: skip — only 59/150 signals
2026-07-08 12:49:25,770 [DEBUG]   XAUUSDc_H1: skip — only 76/150 signals
2026-07-08 12:49:25,770 [DEBUG]   XAUUSDc_H4: skip — only 78/150 signals
2026-07-08 12:49:25,770 [DEBUG]   XAUUSDc_M15: skip — only 16/150 signals
2026-07-08 12:49:25,770 [DEBUG]   XAUUSDc_M30: skip — only 69/150 signals
2026-07-08 12:49:25,770 [DEBUG]   XAUUSDc_M5: skip — only 21/150 signals
2026-07-08 13:19:26,301 [INFO] Scanning 5 directories for TFs: ['M5', 'M15', 'M30', 'H1', 'H4', 'D1']
2026-07-08 13:19:26,366 [INFO] Found 22 symbol+TF pairs with data
2026-07-08 13:19:26,366 [INFO]   BTCUSD_D1: 0 resolved signals
2026-07-08 13:19:26,366 [INFO]   BTCUSD_H1: 96 resolved signals
2026-07-08 13:19:26,366 [INFO]   BTCUSD_H4: 0 resolved signals
2026-07-08 13:19:26,366 [INFO]   BTCUSD_M30: 52 resolved signals
2026-07-08 13:19:26,366 [INFO]   BTCUSD_M5: 79 resolved signals
2026-07-08 13:19:26,366 [INFO]   EURUSDc_D1: 43 resolved signals
2026-07-08 13:19:26,366 [INFO]   EURUSDc_H1: 50 resolved signals
2026-07-08 13:19:26,366 [INFO]   EURUSDc_H4: 96 resolved signals
2026-07-08 13:19:26,366 [INFO]   EURUSDc_M15: 0 resolved signals
2026-07-08 13:19:26,366 [INFO]   EURUSDc_M30: 0 resolved signals
2026-07-08 13:19:26,366 [INFO]   XAUUSD_D1: 44 resolved signals
2026-07-08 13:19:26,366 [INFO]   XAUUSD_H1: 11 resolved signals
2026-07-08 13:19:26,366 [INFO]   XAUUSD_H4: 74 resolved signals
2026-07-08 13:19:26,366 [INFO]   XAUUSD_M15: 105 resolved signals
2026-07-08 13:19:26,366 [INFO]   XAUUSD_M30: 69 resolved signals
2026-07-08 13:19:26,366 [INFO]   XAUUSD_M5: 79 resolved signals
2026-07-08 13:19:26,366 [INFO]   XAUUSDc_D1: 59 resolved signals
2026-07-08 13:19:26,366 [INFO]   XAUUSDc_H1: 76 resolved signals
2026-07-08 13:19:26,366 [INFO]   XAUUSDc_H4: 78 resolved signals
2026-07-08 13:19:26,366 [INFO]   XAUUSDc_M15: 17 resolved signals
2026-07-08 13:19:26,366 [INFO]   XAUUSDc_M30: 69 resolved signals
2026-07-08 13:19:26,366 [INFO]   XAUUSDc_M5: 21 resolved signals
2026-07-08 13:19:26,366 [DEBUG]   BTCUSD_D1: skip — only 0/150 signals
2026-07-08 13:19:26,366 [DEBUG]   BTCUSD_H1: skip — only 96/150 signals
2026-07-08 13:19:26,366 [DEBUG]   BTCUSD_H4: skip — only 0/150 signals
2026-07-08 13:19:26,366 [DEBUG]   BTCUSD_M30: skip — only 52/150 signals
2026-07-08 13:19:26,366 [DEBUG]   BTCUSD_M5: skip — only 79/150 signals
2026-07-08 13:19:26,367 [DEBUG]   EURUSDc_D1: skip — only 43/150 signals
2026-07-08 13:19:26,367 [DEBUG]   EURUSDc_H1: skip — only 50/150 signals
2026-07-08 13:19:26,367 [DEBUG]   EURUSDc_H4: skip — only 96/150 signals
2026-07-08 13:19:26,367 [DEBUG]   EURUSDc_M15: skip — only 0/150 signals
2026-07-08 13:19:26,367 [DEBUG]   EURUSDc_M30: skip — only 0/150 signals
2026-07-08 13:19:26,367 [DEBUG]   XAUUSD_D1: skip — only 44/150 signals
2026-07-08 13:19:26,367 [DEBUG]   XAUUSD_H1: skip — only 11/150 signals
2026-07-08 13:19:26,367 [DEBUG]   XAUUSD_H4: skip — only 74/150 signals
2026-07-08 13:19:26,367 [DEBUG]   XAUUSD_M15: skip — only 105/150 signals
2026-07-08 13:19:26,367 [DEBUG]   XAUUSD_M30: skip — only 69/150 signals
2026-07-08 13:19:26,367 [DEBUG]   XAUUSD_M5: skip — only 79/150 signals
2026-07-08 13:19:26,367 [DEBUG]   XAUUSDc_D1: skip — only 59/150 signals
2026-07-08 13:19:26,367 [DEBUG]   XAUUSDc_H1: skip — only 76/150 signals
2026-07-08 13:19:26,367 [DEBUG]   XAUUSDc_H4: skip — only 78/150 signals
2026-07-08 13:19:26,367 [DEBUG]   XAUUSDc_M15: skip — only 17/150 signals
2026-07-08 13:19:26,367 [DEBUG]   XAUUSDc_M30: skip — only 69/150 signals
2026-07-08 13:19:26,367 [DEBUG]   XAUUSDc_M5: skip — only 21/150 signals
2026-07-08 13:49:26,870 [INFO] Scanning 5 directories for TFs: ['M5', 'M15', 'M30', 'H1', 'H4', 'D1']
2026-07-08 13:49:26,933 [INFO] Found 22 symbol+TF pairs with data
2026-07-08 13:49:26,933 [INFO]   BTCUSD_D1: 0 resolved signals
2026-07-08 13:49:26,933 [INFO]   BTCUSD_H1: 96 resolved signals
2026-07-08 13:49:26,933 [INFO]   BTCUSD_H4: 0 resolved signals
2026-07-08 13:49:26,933 [INFO]   BTCUSD_M30: 52 resolved signals
2026-07-08 13:49:26,933 [INFO]   BTCUSD_M5: 79 resolved signals
2026-07-08 13:49:26,933 [INFO]   EURUSDc_D1: 43 resolved signals
2026-07-08 13:49:26,933 [INFO]   EURUSDc_H1: 50 resolved signals
2026-07-08 13:49:26,934 [INFO]   EURUSDc_H4: 96 resolved signals
2026-07-08 13:49:26,934 [INFO]   EURUSDc_M15: 0 resolved signals
2026-07-08 13:49:26,934 [INFO]   EURUSDc_M30: 0 resolved signals
2026-07-08 13:49:26,934 [INFO]   XAUUSD_D1: 44 resolved signals
2026-07-08 13:49:26,934 [INFO]   XAUUSD_H1: 11 resolved signals
2026-07-08 13:49:26,934 [INFO]   XAUUSD_H4: 74 resolved signals
2026-07-08 13:49:26,934 [INFO]   XAUUSD_M15: 105 resolved signals
2026-07-08 13:49:26,934 [INFO]   XAUUSD_M30: 69 resolved signals
2026-07-08 13:49:26,934 [INFO]   XAUUSD_M5: 79 resolved signals
2026-07-08 13:49:26,934 [INFO]   XAUUSDc_D1: 59 resolved signals
2026-07-08 13:49:26,934 [INFO]   XAUUSDc_H1: 76 resolved signals
2026-07-08 13:49:26,934 [INFO]   XAUUSDc_H4: 78 resolved signals
2026-07-08 13:49:26,934 [INFO]   XAUUSDc_M15: 17 resolved signals
2026-07-08 13:49:26,934 [INFO]   XAUUSDc_M30: 69 resolved signals
2026-07-08 13:49:26,934 [INFO]   XAUUSDc_M5: 21 resolved signals
2026-07-08 13:49:26,934 [DEBUG]   BTCUSD_D1: skip — only 0/150 signals
2026-07-08 13:49:26,934 [DEBUG]   BTCUSD_H1: skip — only 96/150 signals
2026-07-08 13:49:26,934 [DEBUG]   BTCUSD_H4: skip — only 0/150 signals
2026-07-08 13:49:26,934 [DEBUG]   BTCUSD_M30: skip — only 52/150 signals
2026-07-08 13:49:26,934 [DEBUG]   BTCUSD_M5: skip — only 79/150 signals
2026-07-08 13:49:26,934 [DEBUG]   EURUSDc_D1: skip — only 43/150 signals
2026-07-08 13:49:26,934 [DEBUG]   EURUSDc_H1: skip — only 50/150 signals
2026-07-08 13:49:26,934 [DEBUG]   EURUSDc_H4: skip — only 96/150 signals
2026-07-08 13:49:26,934 [DEBUG]   EURUSDc_M15: skip — only 0/150 signals
2026-07-08 13:49:26,934 [DEBUG]   EURUSDc_M30: skip — only 0/150 signals
2026-07-08 13:49:26,934 [DEBUG]   XAUUSD_D1: skip — only 44/150 signals
2026-07-08 13:49:26,934 [DEBUG]   XAUUSD_H1: skip — only 11/150 signals
2026-07-08 13:49:26,934 [DEBUG]   XAUUSD_H4: skip — only 74/150 signals
2026-07-08 13:49:26,934 [DEBUG]   XAUUSD_M15: skip — only 105/150 signals
2026-07-08 13:49:26,934 [DEBUG]   XAUUSD_M30: skip — only 69/150 signals
2026-07-08 13:49:26,934 [DEBUG]   XAUUSD_M5: skip — only 79/150 signals
2026-07-08 13:49:26,934 [DEBUG]   XAUUSDc_D1: skip — only 59/150 signals
2026-07-08 13:49:26,934 [DEBUG]   XAUUSDc_H1: skip — only 76/150 signals
2026-07-08 13:49:26,934 [DEBUG]   XAUUSDc_H4: skip — only 78/150 signals
2026-07-08 13:49:26,934 [DEBUG]   XAUUSDc_M15: skip — only 17/150 signals
2026-07-08 13:49:26,934 [DEBUG]   XAUUSDc_M30: skip — only 69/150 signals
2026-07-08 13:49:26,934 [DEBUG]   XAUUSDc_M5: skip — only 21/150 signals
2026-07-08 14:19:27,485 [INFO] Scanning 5 directories for TFs: ['M5', 'M15', 'M30', 'H1', 'H4', 'D1']
2026-07-08 14:19:27,567 [INFO] Found 22 symbol+TF pairs with data
2026-07-08 14:19:27,567 [INFO]   BTCUSD_D1: 0 resolved signals
2026-07-08 14:19:27,567 [INFO]   BTCUSD_H1: 96 resolved signals
2026-07-08 14:19:27,567 [INFO]   BTCUSD_H4: 0 resolved signals
2026-07-08 14:19:27,567 [INFO]   BTCUSD_M30: 52 resolved signals
2026-07-08 14:19:27,567 [INFO]   BTCUSD_M5: 82 resolved signals
2026-07-08 14:19:27,567 [INFO]   EURUSDc_D1: 43 resolved signals
2026-07-08 14:19:27,567 [INFO]   EURUSDc_H1: 50 resolved signals
2026-07-08 14:19:27,567 [INFO]   EURUSDc_H4: 96 resolved signals
2026-07-08 14:19:27,567 [INFO]   EURUSDc_M15: 0 resolved signals
2026-07-08 14:19:27,567 [INFO]   EURUSDc_M30: 0 resolved signals
2026-07-08 14:19:27,567 [INFO]   XAUUSD_D1: 44 resolved signals
2026-07-08 14:19:27,567 [INFO]   XAUUSD_H1: 11 resolved signals
2026-07-08 14:19:27,567 [INFO]   XAUUSD_H4: 74 resolved signals
2026-07-08 14:19:27,567 [INFO]   XAUUSD_M15: 105 resolved signals
2026-07-08 14:19:27,567 [INFO]   XAUUSD_M30: 69 resolved signals
2026-07-08 14:19:27,567 [INFO]   XAUUSD_M5: 79 resolved signals
2026-07-08 14:19:27,567 [INFO]   XAUUSDc_D1: 59 resolved signals
2026-07-08 14:19:27,567 [INFO]   XAUUSDc_H1: 76 resolved signals
2026-07-08 14:19:27,567 [INFO]   XAUUSDc_H4: 78 resolved signals
2026-07-08 14:19:27,567 [INFO]   XAUUSDc_M15: 18 resolved signals
2026-07-08 14:19:27,567 [INFO]   XAUUSDc_M30: 69 resolved signals
2026-07-08 14:19:27,567 [INFO]   XAUUSDc_M5: 21 resolved signals
2026-07-08 14:19:27,567 [DEBUG]   BTCUSD_D1: skip — only 0/150 signals
2026-07-08 14:19:27,567 [DEBUG]   BTCUSD_H1: skip — only 96/150 signals
2026-07-08 14:19:27,567 [DEBUG]   BTCUSD_H4: skip — only 0/150 signals
2026-07-08 14:19:27,567 [DEBUG]   BTCUSD_M30: skip — only 52/150 signals
2026-07-08 14:19:27,567 [DEBUG]   BTCUSD_M5: skip — only 82/150 signals
2026-07-08 14:19:27,567 [DEBUG]   EURUSDc_D1: skip — only 43/150 signals
2026-07-08 14:19:27,567 [DEBUG]   EURUSDc_H1: skip — only 50/150 signals
2026-07-08 14:19:27,567 [DEBUG]   EURUSDc_H4: skip — only 96/150 signals
2026-07-08 14:19:27,568 [DEBUG]   EURUSDc_M15: skip — only 0/150 signals
2026-07-08 14:19:27,568 [DEBUG]   EURUSDc_M30: skip — only 0/150 signals
2026-07-08 14:19:27,568 [DEBUG]   XAUUSD_D1: skip — only 44/150 signals
2026-07-08 14:19:27,568 [DEBUG]   XAUUSD_H1: skip — only 11/150 signals
2026-07-08 14:19:27,568 [DEBUG]   XAUUSD_H4: skip — only 74/150 signals
2026-07-08 14:19:27,568 [DEBUG]   XAUUSD_M15: skip — only 105/150 signals
2026-07-08 14:19:27,568 [DEBUG]   XAUUSD_M30: skip — only 69/150 signals
2026-07-08 14:19:27,568 [DEBUG]   XAUUSD_M5: skip — only 79/150 signals
2026-07-08 14:19:27,568 [DEBUG]   XAUUSDc_D1: skip — only 59/150 signals
2026-07-08 14:19:27,568 [DEBUG]   XAUUSDc_H1: skip — only 76/150 signals
2026-07-08 14:19:27,568 [DEBUG]   XAUUSDc_H4: skip — only 78/150 signals
2026-07-08 14:19:27,568 [DEBUG]   XAUUSDc_M15: skip — only 18/150 signals
2026-07-08 14:19:27,568 [DEBUG]   XAUUSDc_M30: skip — only 69/150 signals
2026-07-08 14:19:27,568 [DEBUG]   XAUUSDc_M5: skip — only 21/150 signals
2026-07-08 14:49:28,128 [INFO] Scanning 5 directories for TFs: ['M5', 'M15', 'M30', 'H1', 'H4', 'D1']
2026-07-08 14:49:28,205 [INFO] Found 22 symbol+TF pairs with data
2026-07-08 14:49:28,205 [INFO]   BTCUSD_D1: 0 resolved signals
2026-07-08 14:49:28,205 [INFO]   BTCUSD_H1: 96 resolved signals
2026-07-08 14:49:28,205 [INFO]   BTCUSD_H4: 0 resolved signals
2026-07-08 14:49:28,205 [INFO]   BTCUSD_M30: 52 resolved signals
2026-07-08 14:49:28,205 [INFO]   BTCUSD_M5: 84 resolved signals
2026-07-08 14:49:28,205 [INFO]   EURUSDc_D1: 43 resolved signals
2026-07-08 14:49:28,205 [INFO]   EURUSDc_H1: 50 resolved signals
2026-07-08 14:49:28,205 [INFO]   EURUSDc_H4: 96 resolved signals
2026-07-08 14:49:28,205 [INFO]   EURUSDc_M15: 0 resolved signals
2026-07-08 14:49:28,205 [INFO]   EURUSDc_M30: 0 resolved signals
2026-07-08 14:49:28,205 [INFO]   XAUUSD_D1: 44 resolved signals
2026-07-08 14:49:28,205 [INFO]   XAUUSD_H1: 11 resolved signals
2026-07-08 14:49:28,205 [INFO]   XAUUSD_H4: 74 resolved signals
2026-07-08 14:49:28,205 [INFO]   XAUUSD_M15: 105 resolved signals
2026-07-08 14:49:28,205 [INFO]   XAUUSD_M30: 69 resolved signals
2026-07-08 14:49:28,205 [INFO]   XAUUSD_M5: 79 resolved signals
2026-07-08 14:49:28,205 [INFO]   XAUUSDc_D1: 59 resolved signals
2026-07-08 14:49:28,205 [INFO]   XAUUSDc_H1: 76 resolved signals
2026-07-08 14:49:28,205 [INFO]   XAUUSDc_H4: 78 resolved signals
2026-07-08 14:49:28,205 [INFO]   XAUUSDc_M15: 18 resolved signals
2026-07-08 14:49:28,205 [INFO]   XAUUSDc_M30: 69 resolved signals
2026-07-08 14:49:28,205 [INFO]   XAUUSDc_M5: 21 resolved signals
2026-07-08 14:49:28,205 [DEBUG]   BTCUSD_D1: skip — only 0/150 signals
2026-07-08 14:49:28,205 [DEBUG]   BTCUSD_H1: skip — only 96/150 signals
2026-07-08 14:49:28,205 [DEBUG]   BTCUSD_H4: skip — only 0/150 signals
2026-07-08 14:49:28,205 [DEBUG]   BTCUSD_M30: skip — only 52/150 signals
2026-07-08 14:49:28,205 [DEBUG]   BTCUSD_M5: skip — only 84/150 signals
2026-07-08 14:49:28,205 [DEBUG]   EURUSDc_D1: skip — only 43/150 signals
2026-07-08 14:49:28,205 [DEBUG]   EURUSDc_H1: skip — only 50/150 signals
2026-07-08 14:49:28,205 [DEBUG]   EURUSDc_H4: skip — only 96/150 signals
2026-07-08 14:49:28,205 [DEBUG]   EURUSDc_M15: skip — only 0/150 signals
2026-07-08 14:49:28,205 [DEBUG]   EURUSDc_M30: skip — only 0/150 signals
2026-07-08 14:49:28,205 [DEBUG]   XAUUSD_D1: skip — only 44/150 signals
2026-07-08 14:49:28,205 [DEBUG]   XAUUSD_H1: skip — only 11/150 signals
2026-07-08 14:49:28,205 [DEBUG]   XAUUSD_H4: skip — only 74/150 signals
2026-07-08 14:49:28,205 [DEBUG]   XAUUSD_M15: skip — only 105/150 signals
2026-07-08 14:49:28,205 [DEBUG]   XAUUSD_M30: skip — only 69/150 signals
2026-07-08 14:49:28,205 [DEBUG]   XAUUSD_M5: skip — only 79/150 signals
2026-07-08 14:49:28,205 [DEBUG]   XAUUSDc_D1: skip — only 59/150 signals
2026-07-08 14:49:28,205 [DEBUG]   XAUUSDc_H1: skip — only 76/150 signals
2026-07-08 14:49:28,205 [DEBUG]   XAUUSDc_H4: skip — only 78/150 signals
2026-07-08 14:49:28,205 [DEBUG]   XAUUSDc_M15: skip — only 18/150 signals
2026-07-08 14:49:28,205 [DEBUG]   XAUUSDc_M30: skip — only 69/150 signals
2026-07-08 14:49:28,205 [DEBUG]   XAUUSDc_M5: skip — only 21/150 signals
2026-07-08 15:19:28,774 [INFO] Scanning 5 directories for TFs: ['M5', 'M15', 'M30', 'H1', 'H4', 'D1']
2026-07-08 15:19:28,896 [INFO] Found 22 symbol+TF pairs with data
2026-07-08 15:19:28,896 [INFO]   BTCUSD_D1: 0 resolved signals
2026-07-08 15:19:28,896 [INFO]   BTCUSD_H1: 96 resolved signals
2026-07-08 15:19:28,896 [INFO]   BTCUSD_H4: 0 resolved signals
2026-07-08 15:19:28,896 [INFO]   BTCUSD_M30: 52 resolved signals
2026-07-08 15:19:28,896 [INFO]   BTCUSD_M5: 86 resolved signals
2026-07-08 15:19:28,896 [INFO]   EURUSDc_D1: 43 resolved signals
2026-07-08 15:19:28,896 [INFO]   EURUSDc_H1: 50 resolved signals
2026-07-08 15:19:28,896 [INFO]   EURUSDc_H4: 96 resolved signals
2026-07-08 15:19:28,896 [INFO]   EURUSDc_M15: 0 resolved signals
2026-07-08 15:19:28,896 [INFO]   EURUSDc_M30: 0 resolved signals
2026-07-08 15:19:28,896 [INFO]   XAUUSD_D1: 44 resolved signals
2026-07-08 15:19:28,896 [INFO]   XAUUSD_H1: 11 resolved signals
2026-07-08 15:19:28,896 [INFO]   XAUUSD_H4: 74 resolved signals
2026-07-08 15:19:28,896 [INFO]   XAUUSD_M15: 105 resolved signals
2026-07-08 15:19:28,896 [INFO]   XAUUSD_M30: 69 resolved signals
2026-07-08 15:19:28,896 [INFO]   XAUUSD_M5: 83 resolved signals
2026-07-08 15:19:28,896 [INFO]   XAUUSDc_D1: 59 resolved signals
2026-07-08 15:19:28,896 [INFO]   XAUUSDc_H1: 76 resolved signals
2026-07-08 15:19:28,896 [INFO]   XAUUSDc_H4: 78 resolved signals
2026-07-08 15:19:28,896 [INFO]   XAUUSDc_M15: 22 resolved signals
2026-07-08 15:19:28,896 [INFO]   XAUUSDc_M30: 69 resolved signals
2026-07-08 15:19:28,896 [INFO]   XAUUSDc_M5: 24 resolved signals
2026-07-08 15:19:28,896 [DEBUG]   BTCUSD_D1: skip — only 0/150 signals
2026-07-08 15:19:28,896 [DEBUG]   BTCUSD_H1: skip — only 96/150 signals
2026-07-08 15:19:28,896 [DEBUG]   BTCUSD_H4: skip — only 0/150 signals
2026-07-08 15:19:28,896 [DEBUG]   BTCUSD_M30: skip — only 52/150 signals
2026-07-08 15:19:28,896 [DEBUG]   BTCUSD_M5: skip — only 86/150 signals
2026-07-08 15:19:28,896 [DEBUG]   EURUSDc_D1: skip — only 43/150 signals
2026-07-08 15:19:28,896 [DEBUG]   EURUSDc_H1: skip — only 50/150 signals
2026-07-08 15:19:28,896 [DEBUG]   EURUSDc_H4: skip — only 96/150 signals
2026-07-08 15:19:28,896 [DEBUG]   EURUSDc_M15: skip — only 0/150 signals
2026-07-08 15:19:28,896 [DEBUG]   EURUSDc_M30: skip — only 0/150 signals
2026-07-08 15:19:28,896 [DEBUG]   XAUUSD_D1: skip — only 44/150 signals
2026-07-08 15:19:28,896 [DEBUG]   XAUUSD_H1: skip — only 11/150 signals
2026-07-08 15:19:28,897 [DEBUG]   XAUUSD_H4: skip — only 74/150 signals
2026-07-08 15:19:28,897 [DEBUG]   XAUUSD_M15: skip — only 105/150 signals
2026-07-08 15:19:28,897 [DEBUG]   XAUUSD_M30: skip — only 69/150 signals
2026-07-08 15:19:28,897 [DEBUG]   XAUUSD_M5: skip — only 83/150 signals
2026-07-08 15:19:28,897 [DEBUG]   XAUUSDc_D1: skip — only 59/150 signals
2026-07-08 15:19:28,897 [DEBUG]   XAUUSDc_H1: skip — only 76/150 signals
2026-07-08 15:19:28,897 [DEBUG]   XAUUSDc_H4: skip — only 78/150 signals
2026-07-08 15:19:28,897 [DEBUG]   XAUUSDc_M15: skip — only 22/150 signals
2026-07-08 15:19:28,897 [DEBUG]   XAUUSDc_M30: skip — only 69/150 signals
2026-07-08 15:19:28,897 [DEBUG]   XAUUSDc_M5: skip — only 24/150 signals
2026-07-08 15:49:29,422 [INFO] Scanning 5 directories for TFs: ['M5', 'M15', 'M30', 'H1', 'H4', 'D1']
2026-07-08 15:49:29,511 [INFO] Found 22 symbol+TF pairs with data
2026-07-08 15:49:29,511 [INFO]   BTCUSD_D1: 0 resolved signals
2026-07-08 15:49:29,511 [INFO]   BTCUSD_H1: 96 resolved signals
2026-07-08 15:49:29,511 [INFO]   BTCUSD_H4: 0 resolved signals
2026-07-08 15:49:29,511 [INFO]   BTCUSD_M30: 52 resolved signals
2026-07-08 15:49:29,511 [INFO]   BTCUSD_M5: 89 resolved signals
2026-07-08 15:49:29,511 [INFO]   EURUSDc_D1: 43 resolved signals
2026-07-08 15:49:29,511 [INFO]   EURUSDc_H1: 50 resolved signals
2026-07-08 15:49:29,511 [INFO]   EURUSDc_H4: 96 resolved signals
2026-07-08 15:49:29,511 [INFO]   EURUSDc_M15: 0 resolved signals
2026-07-08 15:49:29,511 [INFO]   EURUSDc_M30: 0 resolved signals
2026-07-08 15:49:29,511 [INFO]   XAUUSD_D1: 44 resolved signals
2026-07-08 15:49:29,511 [INFO]   XAUUSD_H1: 12 resolved signals
2026-07-08 15:49:29,511 [INFO]   XAUUSD_H4: 74 resolved signals
2026-07-08 15:49:29,511 [INFO]   XAUUSD_M15: 106 resolved signals
2026-07-08 15:49:29,512 [INFO]   XAUUSD_M30: 69 resolved signals
2026-07-08 15:49:29,512 [INFO]   XAUUSD_M5: 83 resolved signals
2026-07-08 15:49:29,512 [INFO]   XAUUSDc_D1: 59 resolved signals
2026-07-08 15:49:29,512 [INFO]   XAUUSDc_H1: 76 resolved signals
2026-07-08 15:49:29,512 [INFO]   XAUUSDc_H4: 78 resolved signals
2026-07-08 15:49:29,512 [INFO]   XAUUSDc_M15: 23 resolved signals
2026-07-08 15:49:29,512 [INFO]   XAUUSDc_M30: 69 resolved signals
2026-07-08 15:49:29,512 [INFO]   XAUUSDc_M5: 24 resolved signals
2026-07-08 15:49:29,512 [DEBUG]   BTCUSD_D1: skip — only 0/150 signals
2026-07-08 15:49:29,512 [DEBUG]   BTCUSD_H1: skip — only 96/150 signals
2026-07-08 15:49:29,512 [DEBUG]   BTCUSD_H4: skip — only 0/150 signals
2026-07-08 15:49:29,512 [DEBUG]   BTCUSD_M30: skip — only 52/150 signals
2026-07-08 15:49:29,512 [DEBUG]   BTCUSD_M5: skip — only 89/150 signals
2026-07-08 15:49:29,512 [DEBUG]   EURUSDc_D1: skip — only 43/150 signals
2026-07-08 15:49:29,512 [DEBUG]   EURUSDc_H1: skip — only 50/150 signals
2026-07-08 15:49:29,512 [DEBUG]   EURUSDc_H4: skip — only 96/150 signals
2026-07-08 15:49:29,512 [DEBUG]   EURUSDc_M15: skip — only 0/150 signals
2026-07-08 15:49:29,512 [DEBUG]   EURUSDc_M30: skip — only 0/150 signals
2026-07-08 15:49:29,512 [DEBUG]   XAUUSD_D1: skip — only 44/150 signals
2026-07-08 15:49:29,512 [DEBUG]   XAUUSD_H1: skip — only 12/150 signals
2026-07-08 15:49:29,512 [DEBUG]   XAUUSD_H4: skip — only 74/150 signals
2026-07-08 15:49:29,512 [DEBUG]   XAUUSD_M15: skip — only 106/150 signals
2026-07-08 15:49:29,512 [DEBUG]   XAUUSD_M30: skip — only 69/150 signals
2026-07-08 15:49:29,512 [DEBUG]   XAUUSD_M5: skip — only 83/150 signals
2026-07-08 15:49:29,512 [DEBUG]   XAUUSDc_D1: skip — only 59/150 signals
2026-07-08 15:49:29,512 [DEBUG]   XAUUSDc_H1: skip — only 76/150 signals
2026-07-08 15:49:29,512 [DEBUG]   XAUUSDc_H4: skip — only 78/150 signals
2026-07-08 15:49:29,512 [DEBUG]   XAUUSDc_M15: skip — only 23/150 signals
2026-07-08 15:49:29,512 [DEBUG]   XAUUSDc_M30: skip — only 69/150 signals
2026-07-08 15:49:29,512 [DEBUG]   XAUUSDc_M5: skip — only 24/150 signals
2026-07-08 16:19:30,065 [INFO] Scanning 5 directories for TFs: ['M5', 'M15', 'M30', 'H1', 'H4', 'D1']
2026-07-08 16:19:30,169 [INFO] Found 22 symbol+TF pairs with data
2026-07-08 16:19:30,169 [INFO]   BTCUSD_D1: 0 resolved signals
2026-07-08 16:19:30,169 [INFO]   BTCUSD_H1: 99 resolved signals
2026-07-08 16:19:30,169 [INFO]   BTCUSD_H4: 0 resolved signals
2026-07-08 16:19:30,169 [INFO]   BTCUSD_M30: 52 resolved signals
2026-07-08 16:19:30,169 [INFO]   BTCUSD_M5: 89 resolved signals
2026-07-08 16:19:30,169 [INFO]   EURUSDc_D1: 43 resolved signals
2026-07-08 16:19:30,169 [INFO]   EURUSDc_H1: 50 resolved signals
2026-07-08 16:19:30,169 [INFO]   EURUSDc_H4: 96 resolved signals
2026-07-08 16:19:30,169 [INFO]   EURUSDc_M15: 0 resolved signals
2026-07-08 16:19:30,169 [INFO]   EURUSDc_M30: 0 resolved signals
2026-07-08 16:19:30,169 [INFO]   XAUUSD_D1: 44 resolved signals
2026-07-08 16:19:30,169 [INFO]   XAUUSD_H1: 14 resolved signals
2026-07-08 16:19:30,169 [INFO]   XAUUSD_H4: 74 resolved signals
2026-07-08 16:19:30,169 [INFO]   XAUUSD_M15: 106 resolved signals
2026-07-08 16:19:30,169 [INFO]   XAUUSD_M30: 69 resolved signals
2026-07-08 16:19:30,169 [INFO]   XAUUSD_M5: 83 resolved signals
2026-07-08 16:19:30,169 [INFO]   XAUUSDc_D1: 59 resolved signals
2026-07-08 16:19:30,169 [INFO]   XAUUSDc_H1: 76 resolved signals
2026-07-08 16:19:30,169 [INFO]   XAUUSDc_H4: 78 resolved signals
2026-07-08 16:19:30,169 [INFO]   XAUUSDc_M15: 27 resolved signals
2026-07-08 16:19:30,169 [INFO]   XAUUSDc_M30: 69 resolved signals
2026-07-08 16:19:30,169 [INFO]   XAUUSDc_M5: 24 resolved signals
2026-07-08 16:19:30,169 [DEBUG]   BTCUSD_D1: skip — only 0/150 signals
2026-07-08 16:19:30,169 [DEBUG]   BTCUSD_H1: skip — only 99/150 signals
2026-07-08 16:19:30,170 [DEBUG]   BTCUSD_H4: skip — only 0/150 signals
2026-07-08 16:19:30,170 [DEBUG]   BTCUSD_M30: skip — only 52/150 signals
2026-07-08 16:19:30,170 [DEBUG]   BTCUSD_M5: skip — only 89/150 signals
2026-07-08 16:19:30,170 [DEBUG]   EURUSDc_D1: skip — only 43/150 signals
2026-07-08 16:19:30,170 [DEBUG]   EURUSDc_H1: skip — only 50/150 signals
2026-07-08 16:19:30,170 [DEBUG]   EURUSDc_H4: skip — only 96/150 signals
2026-07-08 16:19:30,170 [DEBUG]   EURUSDc_M15: skip — only 0/150 signals
2026-07-08 16:19:30,170 [DEBUG]   EURUSDc_M30: skip — only 0/150 signals
2026-07-08 16:19:30,170 [DEBUG]   XAUUSD_D1: skip — only 44/150 signals
2026-07-08 16:19:30,170 [DEBUG]   XAUUSD_H1: skip — only 14/150 signals
2026-07-08 16:19:30,170 [DEBUG]   XAUUSD_H4: skip — only 74/150 signals
2026-07-08 16:19:30,170 [DEBUG]   XAUUSD_M15: skip — only 106/150 signals
2026-07-08 16:19:30,170 [DEBUG]   XAUUSD_M30: skip — only 69/150 signals
2026-07-08 16:19:30,170 [DEBUG]   XAUUSD_M5: skip — only 83/150 signals
2026-07-08 16:19:30,170 [DEBUG]   XAUUSDc_D1: skip — only 59/150 signals
2026-07-08 16:19:30,170 [DEBUG]   XAUUSDc_H1: skip — only 76/150 signals
2026-07-08 16:19:30,170 [DEBUG]   XAUUSDc_H4: skip — only 78/150 signals
2026-07-08 16:19:30,170 [DEBUG]   XAUUSDc_M15: skip — only 27/150 signals
2026-07-08 16:19:30,170 [DEBUG]   XAUUSDc_M30: skip — only 69/150 signals
2026-07-08 16:19:30,170 [DEBUG]   XAUUSDc_M5: skip — only 24/150 signals
2026-07-08 16:49:30,717 [INFO] Scanning 5 directories for TFs: ['M5', 'M15', 'M30', 'H1', 'H4', 'D1']
2026-07-08 16:49:30,781 [INFO] Found 22 symbol+TF pairs with data
2026-07-08 16:49:30,782 [INFO]   BTCUSD_D1: 0 resolved signals
2026-07-08 16:49:30,782 [INFO]   BTCUSD_H1: 99 resolved signals
2026-07-08 16:49:30,782 [INFO]   BTCUSD_H4: 0 resolved signals
2026-07-08 16:49:30,782 [INFO]   BTCUSD_M30: 52 resolved signals
2026-07-08 16:49:30,782 [INFO]   BTCUSD_M5: 89 resolved signals
2026-07-08 16:49:30,782 [INFO]   EURUSDc_D1: 43 resolved signals
2026-07-08 16:49:30,782 [INFO]   EURUSDc_H1: 50 resolved signals
2026-07-08 16:49:30,782 [INFO]   EURUSDc_H4: 96 resolved signals
2026-07-08 16:49:30,782 [INFO]   EURUSDc_M15: 0 resolved signals
2026-07-08 16:49:30,782 [INFO]   EURUSDc_M30: 0 resolved signals
2026-07-08 16:49:30,782 [INFO]   XAUUSD_D1: 44 resolved signals
2026-07-08 16:49:30,782 [INFO]   XAUUSD_H1: 14 resolved signals
2026-07-08 16:49:30,782 [INFO]   XAUUSD_H4: 74 resolved signals
2026-07-08 16:49:30,782 [INFO]   XAUUSD_M15: 106 resolved signals
2026-07-08 16:49:30,782 [INFO]   XAUUSD_M30: 69 resolved signals
2026-07-08 16:49:30,782 [INFO]   XAUUSD_M5: 83 resolved signals
2026-07-08 16:49:30,782 [INFO]   XAUUSDc_D1: 59 resolved signals
2026-07-08 16:49:30,782 [INFO]   XAUUSDc_H1: 76 resolved signals
2026-07-08 16:49:30,782 [INFO]   XAUUSDc_H4: 78 resolved signals
2026-07-08 16:49:30,782 [INFO]   XAUUSDc_M15: 27 resolved signals
2026-07-08 16:49:30,782 [INFO]   XAUUSDc_M30: 69 resolved signals
2026-07-08 16:49:30,782 [INFO]   XAUUSDc_M5: 24 resolved signals
2026-07-08 16:49:30,782 [DEBUG]   BTCUSD_D1: skip — only 0/150 signals
2026-07-08 16:49:30,782 [DEBUG]   BTCUSD_H1: skip — only 99/150 signals
2026-07-08 16:49:30,782 [DEBUG]   BTCUSD_H4: skip — only 0/150 signals
2026-07-08 16:49:30,782 [DEBUG]   BTCUSD_M30: skip — only 52/150 signals
2026-07-08 16:49:30,782 [DEBUG]   BTCUSD_M5: skip — only 89/150 signals
2026-07-08 16:49:30,782 [DEBUG]   EURUSDc_D1: skip — only 43/150 signals
2026-07-08 16:49:30,782 [DEBUG]   EURUSDc_H1: skip — only 50/150 signals
2026-07-08 16:49:30,782 [DEBUG]   EURUSDc_H4: skip — only 96/150 signals
2026-07-08 16:49:30,782 [DEBUG]   EURUSDc_M15: skip — only 0/150 signals
2026-07-08 16:49:30,782 [DEBUG]   EURUSDc_M30: skip — only 0/150 signals
2026-07-08 16:49:30,782 [DEBUG]   XAUUSD_D1: skip — only 44/150 signals
2026-07-08 16:49:30,782 [DEBUG]   XAUUSD_H1: skip — only 14/150 signals
2026-07-08 16:49:30,782 [DEBUG]   XAUUSD_H4: skip — only 74/150 signals
2026-07-08 16:49:30,782 [DEBUG]   XAUUSD_M15: skip — only 106/150 signals
2026-07-08 16:49:30,782 [DEBUG]   XAUUSD_M30: skip — only 69/150 signals
2026-07-08 16:49:30,782 [DEBUG]   XAUUSD_M5: skip — only 83/150 signals
2026-07-08 16:49:30,782 [DEBUG]   XAUUSDc_D1: skip — only 59/150 signals
2026-07-08 16:49:30,782 [DEBUG]   XAUUSDc_H1: skip — only 76/150 signals
2026-07-08 16:49:30,782 [DEBUG]   XAUUSDc_H4: skip — only 78/150 signals
2026-07-08 16:49:30,782 [DEBUG]   XAUUSDc_M15: skip — only 27/150 signals
2026-07-08 16:49:30,782 [DEBUG]   XAUUSDc_M30: skip — only 69/150 signals
2026-07-08 16:49:30,782 [DEBUG]   XAUUSDc_M5: skip — only 24/150 signals
2026-07-08 17:19:31,340 [INFO] Scanning 5 directories for TFs: ['M5', 'M15', 'M30', 'H1', 'H4', 'D1']
2026-07-08 17:19:31,392 [INFO] Found 22 symbol+TF pairs with data
2026-07-08 17:19:31,392 [INFO]   BTCUSD_D1: 0 resolved signals
2026-07-08 17:19:31,392 [INFO]   BTCUSD_H1: 99 resolved signals
2026-07-08 17:19:31,392 [INFO]   BTCUSD_H4: 0 resolved signals
2026-07-08 17:19:31,392 [INFO]   BTCUSD_M30: 52 resolved signals
2026-07-08 17:19:31,392 [INFO]   BTCUSD_M5: 89 resolved signals
2026-07-08 17:19:31,392 [INFO]   EURUSDc_D1: 43 resolved signals
2026-07-08 17:19:31,392 [INFO]   EURUSDc_H1: 50 resolved signals
2026-07-08 17:19:31,392 [INFO]   EURUSDc_H4: 96 resolved signals
2026-07-08 17:19:31,392 [INFO]   EURUSDc_M15: 0 resolved signals
2026-07-08 17:19:31,392 [INFO]   EURUSDc_M30: 0 resolved signals
2026-07-08 17:19:31,392 [INFO]   XAUUSD_D1: 44 resolved signals
2026-07-08 17:19:31,392 [INFO]   XAUUSD_H1: 14 resolved signals
2026-07-08 17:19:31,392 [INFO]   XAUUSD_H4: 74 resolved signals
2026-07-08 17:19:31,392 [INFO]   XAUUSD_M15: 106 resolved signals
2026-07-08 17:19:31,393 [INFO]   XAUUSD_M30: 69 resolved signals
2026-07-08 17:19:31,393 [INFO]   XAUUSD_M5: 83 resolved signals
2026-07-08 17:19:31,393 [INFO]   XAUUSDc_D1: 59 resolved signals
2026-07-08 17:19:31,393 [INFO]   XAUUSDc_H1: 76 resolved signals
2026-07-08 17:19:31,393 [INFO]   XAUUSDc_H4: 78 resolved signals
2026-07-08 17:19:31,393 [INFO]   XAUUSDc_M15: 27 resolved signals
2026-07-08 17:19:31,393 [INFO]   XAUUSDc_M30: 69 resolved signals
2026-07-08 17:19:31,393 [INFO]   XAUUSDc_M5: 24 resolved signals
2026-07-08 17:19:31,393 [DEBUG]   BTCUSD_D1: skip — only 0/150 signals
2026-07-08 17:19:31,393 [DEBUG]   BTCUSD_H1: skip — only 99/150 signals
2026-07-08 17:19:31,393 [DEBUG]   BTCUSD_H4: skip — only 0/150 signals
2026-07-08 17:19:31,393 [DEBUG]   BTCUSD_M30: skip — only 52/150 signals
2026-07-08 17:19:31,393 [DEBUG]   BTCUSD_M5: skip — only 89/150 signals
2026-07-08 17:19:31,393 [DEBUG]   EURUSDc_D1: skip — only 43/150 signals
2026-07-08 17:19:31,393 [DEBUG]   EURUSDc_H1: skip — only 50/150 signals
2026-07-08 17:19:31,393 [DEBUG]   EURUSDc_H4: skip — only 96/150 signals
2026-07-08 17:19:31,393 [DEBUG]   EURUSDc_M15: skip — only 0/150 signals
2026-07-08 17:19:31,393 [DEBUG]   EURUSDc_M30: skip — only 0/150 signals
2026-07-08 17:19:31,393 [DEBUG]   XAUUSD_D1: skip — only 44/150 signals
2026-07-08 17:19:31,393 [DEBUG]   XAUUSD_H1: skip — only 14/150 signals
2026-07-08 17:19:31,393 [DEBUG]   XAUUSD_H4: skip — only 74/150 signals
2026-07-08 17:19:31,393 [DEBUG]   XAUUSD_M15: skip — only 106/150 signals
2026-07-08 17:19:31,393 [DEBUG]   XAUUSD_M30: skip — only 69/150 signals
2026-07-08 17:19:31,393 [DEBUG]   XAUUSD_M5: skip — only 83/150 signals
2026-07-08 17:19:31,393 [DEBUG]   XAUUSDc_D1: skip — only 59/150 signals
2026-07-08 17:19:31,393 [DEBUG]   XAUUSDc_H1: skip — only 76/150 signals
2026-07-08 17:19:31,393 [DEBUG]   XAUUSDc_H4: skip — only 78/150 signals
2026-07-08 17:19:31,393 [DEBUG]   XAUUSDc_M15: skip — only 27/150 signals
2026-07-08 17:19:31,393 [DEBUG]   XAUUSDc_M30: skip — only 69/150 signals
2026-07-08 17:19:31,393 [DEBUG]   XAUUSDc_M5: skip — only 24/150 signals
2026-07-08 17:49:31,959 [INFO] Scanning 5 directories for TFs: ['M5', 'M15', 'M30', 'H1', 'H4', 'D1']
2026-07-08 17:49:32,048 [INFO] Found 22 symbol+TF pairs with data
2026-07-08 17:49:32,048 [INFO]   BTCUSD_D1: 0 resolved signals
2026-07-08 17:49:32,048 [INFO]   BTCUSD_H1: 99 resolved signals
2026-07-08 17:49:32,048 [INFO]   BTCUSD_H4: 0 resolved signals
2026-07-08 17:49:32,048 [INFO]   BTCUSD_M30: 52 resolved signals
2026-07-08 17:49:32,048 [INFO]   BTCUSD_M5: 92 resolved signals
2026-07-08 17:49:32,048 [INFO]   EURUSDc_D1: 43 resolved signals
2026-07-08 17:49:32,048 [INFO]   EURUSDc_H1: 50 resolved signals
2026-07-08 17:49:32,048 [INFO]   EURUSDc_H4: 96 resolved signals
2026-07-08 17:49:32,048 [INFO]   EURUSDc_M15: 0 resolved signals
2026-07-08 17:49:32,048 [INFO]   EURUSDc_M30: 0 resolved signals
2026-07-08 17:49:32,048 [INFO]   XAUUSD_D1: 44 resolved signals
2026-07-08 17:49:32,048 [INFO]   XAUUSD_H1: 14 resolved signals
2026-07-08 17:49:32,048 [INFO]   XAUUSD_H4: 74 resolved signals
2026-07-08 17:49:32,048 [INFO]   XAUUSD_M15: 107 resolved signals
2026-07-08 17:49:32,048 [INFO]   XAUUSD_M30: 69 resolved signals
2026-07-08 17:49:32,048 [INFO]   XAUUSD_M5: 83 resolved signals
2026-07-08 17:49:32,048 [INFO]   XAUUSDc_D1: 59 resolved signals
2026-07-08 17:49:32,048 [INFO]   XAUUSDc_H1: 76 resolved signals
2026-07-08 17:49:32,048 [INFO]   XAUUSDc_H4: 78 resolved signals
2026-07-08 17:49:32,048 [INFO]   XAUUSDc_M15: 27 resolved signals
2026-07-08 17:49:32,048 [INFO]   XAUUSDc_M30: 69 resolved signals
2026-07-08 17:49:32,048 [INFO]   XAUUSDc_M5: 24 resolved signals
2026-07-08 17:49:32,048 [DEBUG]   BTCUSD_D1: skip — only 0/150 signals
2026-07-08 17:49:32,048 [DEBUG]   BTCUSD_H1: skip — only 99/150 signals
2026-07-08 17:49:32,048 [DEBUG]   BTCUSD_H4: skip — only 0/150 signals
2026-07-08 17:49:32,048 [DEBUG]   BTCUSD_M30: skip — only 52/150 signals
2026-07-08 17:49:32,048 [DEBUG]   BTCUSD_M5: skip — only 92/150 signals
2026-07-08 17:49:32,048 [DEBUG]   EURUSDc_D1: skip — only 43/150 signals
2026-07-08 17:49:32,048 [DEBUG]   EURUSDc_H1: skip — only 50/150 signals
2026-07-08 17:49:32,048 [DEBUG]   EURUSDc_H4: skip — only 96/150 signals
2026-07-08 17:49:32,048 [DEBUG]   EURUSDc_M15: skip — only 0/150 signals
2026-07-08 17:49:32,048 [DEBUG]   EURUSDc_M30: skip — only 0/150 signals
2026-07-08 17:49:32,048 [DEBUG]   XAUUSD_D1: skip — only 44/150 signals
2026-07-08 17:49:32,048 [DEBUG]   XAUUSD_H1: skip — only 14/150 signals
2026-07-08 17:49:32,048 [DEBUG]   XAUUSD_H4: skip — only 74/150 signals
2026-07-08 17:49:32,048 [DEBUG]   XAUUSD_M15: skip — only 107/150 signals
2026-07-08 17:49:32,048 [DEBUG]   XAUUSD_M30: skip — only 69/150 signals
2026-07-08 17:49:32,048 [DEBUG]   XAUUSD_M5: skip — only 83/150 signals
2026-07-08 17:49:32,048 [DEBUG]   XAUUSDc_D1: skip — only 59/150 signals
2026-07-08 17:49:32,048 [DEBUG]   XAUUSDc_H1: skip — only 76/150 signals
2026-07-08 17:49:32,048 [DEBUG]   XAUUSDc_H4: skip — only 78/150 signals
2026-07-08 17:49:32,048 [DEBUG]   XAUUSDc_M15: skip — only 27/150 signals
2026-07-08 17:49:32,048 [DEBUG]   XAUUSDc_M30: skip — only 69/150 signals
2026-07-08 17:49:32,048 [DEBUG]   XAUUSDc_M5: skip — only 24/150 signals
2026-07-08 18:19:32,623 [INFO] Scanning 5 directories for TFs: ['M5', 'M15', 'M30', 'H1', 'H4', 'D1']
2026-07-08 18:19:32,711 [INFO] Found 22 symbol+TF pairs with data
2026-07-08 18:19:32,711 [INFO]   BTCUSD_D1: 0 resolved signals
2026-07-08 18:19:32,711 [INFO]   BTCUSD_H1: 99 resolved signals
2026-07-08 18:19:32,711 [INFO]   BTCUSD_H4: 0 resolved signals
2026-07-08 18:19:32,711 [INFO]   BTCUSD_M30: 52 resolved signals
2026-07-08 18:19:32,711 [INFO]   BTCUSD_M5: 95 resolved signals
2026-07-08 18:19:32,711 [INFO]   EURUSDc_D1: 43 resolved signals
2026-07-08 18:19:32,711 [INFO]   EURUSDc_H1: 50 resolved signals
2026-07-08 18:19:32,711 [INFO]   EURUSDc_H4: 96 resolved signals
2026-07-08 18:19:32,711 [INFO]   EURUSDc_M15: 0 resolved signals
2026-07-08 18:19:32,711 [INFO]   EURUSDc_M30: 0 resolved signals
2026-07-08 18:19:32,711 [INFO]   XAUUSD_D1: 44 resolved signals
2026-07-08 18:19:32,711 [INFO]   XAUUSD_H1: 14 resolved signals
2026-07-08 18:19:32,711 [INFO]   XAUUSD_H4: 74 resolved signals
2026-07-08 18:19:32,711 [INFO]   XAUUSD_M15: 107 resolved signals
2026-07-08 18:19:32,711 [INFO]   XAUUSD_M30: 69 resolved signals
2026-07-08 18:19:32,711 [INFO]   XAUUSD_M5: 83 resolved signals
2026-07-08 18:19:32,711 [INFO]   XAUUSDc_D1: 59 resolved signals
2026-07-08 18:19:32,711 [INFO]   XAUUSDc_H1: 76 resolved signals
2026-07-08 18:19:32,711 [INFO]   XAUUSDc_H4: 78 resolved signals
2026-07-08 18:19:32,711 [INFO]   XAUUSDc_M15: 27 resolved signals
2026-07-08 18:19:32,711 [INFO]   XAUUSDc_M30: 69 resolved signals
2026-07-08 18:19:32,711 [INFO]   XAUUSDc_M5: 24 resolved signals
2026-07-08 18:19:32,711 [DEBUG]   BTCUSD_D1: skip — only 0/150 signals
2026-07-08 18:19:32,711 [DEBUG]   BTCUSD_H1: skip — only 99/150 signals
2026-07-08 18:19:32,711 [DEBUG]   BTCUSD_H4: skip — only 0/150 signals
2026-07-08 18:19:32,711 [DEBUG]   BTCUSD_M30: skip — only 52/150 signals
2026-07-08 18:19:32,711 [DEBUG]   BTCUSD_M5: skip — only 95/150 signals
2026-07-08 18:19:32,711 [DEBUG]   EURUSDc_D1: skip — only 43/150 signals
2026-07-08 18:19:32,711 [DEBUG]   EURUSDc_H1: skip — only 50/150 signals
2026-07-08 18:19:32,712 [DEBUG]   EURUSDc_H4: skip — only 96/150 signals
2026-07-08 18:19:32,712 [DEBUG]   EURUSDc_M15: skip — only 0/150 signals
2026-07-08 18:19:32,712 [DEBUG]   EURUSDc_M30: skip — only 0/150 signals
2026-07-08 18:19:32,712 [DEBUG]   XAUUSD_D1: skip — only 44/150 signals
2026-07-08 18:19:32,712 [DEBUG]   XAUUSD_H1: skip — only 14/150 signals
2026-07-08 18:19:32,712 [DEBUG]   XAUUSD_H4: skip — only 74/150 signals
2026-07-08 18:19:32,712 [DEBUG]   XAUUSD_M15: skip — only 107/150 signals
2026-07-08 18:19:32,712 [DEBUG]   XAUUSD_M30: skip — only 69/150 signals
2026-07-08 18:19:32,712 [DEBUG]   XAUUSD_M5: skip — only 83/150 signals
2026-07-08 18:19:32,712 [DEBUG]   XAUUSDc_D1: skip — only 59/150 signals
2026-07-08 18:19:32,712 [DEBUG]   XAUUSDc_H1: skip — only 76/150 signals
2026-07-08 18:19:32,712 [DEBUG]   XAUUSDc_H4: skip — only 78/150 signals
2026-07-08 18:19:32,712 [DEBUG]   XAUUSDc_M15: skip — only 27/150 signals
2026-07-08 18:19:32,712 [DEBUG]   XAUUSDc_M30: skip — only 69/150 signals
2026-07-08 18:19:32,712 [DEBUG]   XAUUSDc_M5: skip — only 24/150 signals
2026-07-08 18:49:33,233 [INFO] Scanning 5 directories for TFs: ['M5', 'M15', 'M30', 'H1', 'H4', 'D1']
2026-07-08 18:49:33,312 [INFO] Found 22 symbol+TF pairs with data
2026-07-08 18:49:33,312 [INFO]   BTCUSD_D1: 0 resolved signals
2026-07-08 18:49:33,312 [INFO]   BTCUSD_H1: 99 resolved signals
2026-07-08 18:49:33,312 [INFO]   BTCUSD_H4: 0 resolved signals
2026-07-08 18:49:33,312 [INFO]   BTCUSD_M30: 52 resolved signals
2026-07-08 18:49:33,312 [INFO]   BTCUSD_M5: 95 resolved signals
2026-07-08 18:49:33,312 [INFO]   EURUSDc_D1: 43 resolved signals
2026-07-08 18:49:33,312 [INFO]   EURUSDc_H1: 50 resolved signals
2026-07-08 18:49:33,312 [INFO]   EURUSDc_H4: 96 resolved signals
2026-07-08 18:49:33,312 [INFO]   EURUSDc_M15: 0 resolved signals
2026-07-08 18:49:33,312 [INFO]   EURUSDc_M30: 0 resolved signals
2026-07-08 18:49:33,312 [INFO]   XAUUSD_D1: 44 resolved signals
2026-07-08 18:49:33,312 [INFO]   XAUUSD_H1: 14 resolved signals
2026-07-08 18:49:33,312 [INFO]   XAUUSD_H4: 74 resolved signals
2026-07-08 18:49:33,312 [INFO]   XAUUSD_M15: 108 resolved signals
2026-07-08 18:49:33,312 [INFO]   XAUUSD_M30: 69 resolved signals
2026-07-08 18:49:33,312 [INFO]   XAUUSD_M5: 83 resolved signals
2026-07-08 18:49:33,312 [INFO]   XAUUSDc_D1: 59 resolved signals
2026-07-08 18:49:33,312 [INFO]   XAUUSDc_H1: 76 resolved signals
2026-07-08 18:49:33,312 [INFO]   XAUUSDc_H4: 78 resolved signals
2026-07-08 18:49:33,312 [INFO]   XAUUSDc_M15: 27 resolved signals
2026-07-08 18:49:33,312 [INFO]   XAUUSDc_M30: 69 resolved signals
2026-07-08 18:49:33,312 [INFO]   XAUUSDc_M5: 24 resolved signals
2026-07-08 18:49:33,312 [DEBUG]   BTCUSD_D1: skip — only 0/150 signals
2026-07-08 18:49:33,312 [DEBUG]   BTCUSD_H1: skip — only 99/150 signals
2026-07-08 18:49:33,312 [DEBUG]   BTCUSD_H4: skip — only 0/150 signals
2026-07-08 18:49:33,312 [DEBUG]   BTCUSD_M30: skip — only 52/150 signals
2026-07-08 18:49:33,312 [DEBUG]   BTCUSD_M5: skip — only 95/150 signals
2026-07-08 18:49:33,312 [DEBUG]   EURUSDc_D1: skip — only 43/150 signals
2026-07-08 18:49:33,312 [DEBUG]   EURUSDc_H1: skip — only 50/150 signals
2026-07-08 18:49:33,312 [DEBUG]   EURUSDc_H4: skip — only 96/150 signals
2026-07-08 18:49:33,312 [DEBUG]   EURUSDc_M15: skip — only 0/150 signals
2026-07-08 18:49:33,312 [DEBUG]   EURUSDc_M30: skip — only 0/150 signals
2026-07-08 18:49:33,312 [DEBUG]   XAUUSD_D1: skip — only 44/150 signals
2026-07-08 18:49:33,312 [DEBUG]   XAUUSD_H1: skip — only 14/150 signals
2026-07-08 18:49:33,312 [DEBUG]   XAUUSD_H4: skip — only 74/150 signals
2026-07-08 18:49:33,312 [DEBUG]   XAUUSD_M15: skip — only 108/150 signals
2026-07-08 18:49:33,313 [DEBUG]   XAUUSD_M30: skip — only 69/150 signals
2026-07-08 18:49:33,313 [DEBUG]   XAUUSD_M5: skip — only 83/150 signals
2026-07-08 18:49:33,313 [DEBUG]   XAUUSDc_D1: skip — only 59/150 signals
2026-07-08 18:49:33,313 [DEBUG]   XAUUSDc_H1: skip — only 76/150 signals
2026-07-08 18:49:33,313 [DEBUG]   XAUUSDc_H4: skip — only 78/150 signals
2026-07-08 18:49:33,313 [DEBUG]   XAUUSDc_M15: skip — only 27/150 signals
2026-07-08 18:49:33,313 [DEBUG]   XAUUSDc_M30: skip — only 69/150 signals
2026-07-08 18:49:33,313 [DEBUG]   XAUUSDc_M5: skip — only 24/150 signals
2026-07-08 19:19:33,777 [INFO] Scanning 5 directories for TFs: ['M5', 'M15', 'M30', 'H1', 'H4', 'D1']
2026-07-08 19:19:33,996 [INFO] Found 22 symbol+TF pairs with data
2026-07-08 19:19:33,996 [INFO]   BTCUSD_D1: 0 resolved signals
2026-07-08 19:19:33,996 [INFO]   BTCUSD_H1: 99 resolved signals
2026-07-08 19:19:33,996 [INFO]   BTCUSD_H4: 0 resolved signals
2026-07-08 19:19:33,996 [INFO]   BTCUSD_M30: 52 resolved signals
2026-07-08 19:19:33,996 [INFO]   BTCUSD_M5: 98 resolved signals
2026-07-08 19:19:33,996 [INFO]   EURUSDc_D1: 43 resolved signals
2026-07-08 19:19:33,996 [INFO]   EURUSDc_H1: 50 resolved signals
2026-07-08 19:19:33,996 [INFO]   EURUSDc_H4: 97 resolved signals
2026-07-08 19:19:33,997 [INFO]   EURUSDc_M15: 0 resolved signals
2026-07-08 19:19:33,997 [INFO]   EURUSDc_M30: 0 resolved signals
2026-07-08 19:19:33,997 [INFO]   XAUUSD_D1: 44 resolved signals
2026-07-08 19:19:33,997 [INFO]   XAUUSD_H1: 14 resolved signals
2026-07-08 19:19:33,997 [INFO]   XAUUSD_H4: 74 resolved signals
2026-07-08 19:19:33,997 [INFO]   XAUUSD_M15: 108 resolved signals
2026-07-08 19:19:33,997 [INFO]   XAUUSD_M30: 69 resolved signals
2026-07-08 19:19:33,997 [INFO]   XAUUSD_M5: 86 resolved signals
2026-07-08 19:19:33,997 [INFO]   XAUUSDc_D1: 59 resolved signals
2026-07-08 19:19:33,997 [INFO]   XAUUSDc_H1: 76 resolved signals
2026-07-08 19:19:33,997 [INFO]   XAUUSDc_H4: 79 resolved signals
2026-07-08 19:19:33,997 [INFO]   XAUUSDc_M15: 27 resolved signals
2026-07-08 19:19:33,997 [INFO]   XAUUSDc_M30: 69 resolved signals
2026-07-08 19:19:33,997 [INFO]   XAUUSDc_M5: 24 resolved signals
2026-07-08 19:19:33,997 [DEBUG]   BTCUSD_D1: skip — only 0/150 signals
2026-07-08 19:19:33,997 [DEBUG]   BTCUSD_H1: skip — only 99/150 signals
2026-07-08 19:19:33,997 [DEBUG]   BTCUSD_H4: skip — only 0/150 signals
2026-07-08 19:19:33,997 [DEBUG]   BTCUSD_M30: skip — only 52/150 signals
2026-07-08 19:19:33,997 [DEBUG]   BTCUSD_M5: skip — only 98/150 signals
2026-07-08 19:19:33,997 [DEBUG]   EURUSDc_D1: skip — only 43/150 signals
2026-07-08 19:19:33,997 [DEBUG]   EURUSDc_H1: skip — only 50/150 signals
2026-07-08 19:19:33,997 [DEBUG]   EURUSDc_H4: skip — only 97/150 signals
2026-07-08 19:19:33,997 [DEBUG]   EURUSDc_M15: skip — only 0/150 signals
2026-07-08 19:19:33,997 [DEBUG]   EURUSDc_M30: skip — only 0/150 signals
2026-07-08 19:19:33,997 [DEBUG]   XAUUSD_D1: skip — only 44/150 signals
2026-07-08 19:19:33,997 [DEBUG]   XAUUSD_H1: skip — only 14/150 signals
2026-07-08 19:19:33,997 [DEBUG]   XAUUSD_H4: skip — only 74/150 signals
2026-07-08 19:19:33,997 [DEBUG]   XAUUSD_M15: skip — only 108/150 signals
2026-07-08 19:19:33,997 [DEBUG]   XAUUSD_M30: skip — only 69/150 signals
2026-07-08 19:19:33,997 [DEBUG]   XAUUSD_M5: skip — only 86/150 signals
2026-07-08 19:19:33,997 [DEBUG]   XAUUSDc_D1: skip — only 59/150 signals
2026-07-08 19:19:33,997 [DEBUG]   XAUUSDc_H1: skip — only 76/150 signals
2026-07-08 19:19:33,997 [DEBUG]   XAUUSDc_H4: skip — only 79/150 signals
2026-07-08 19:19:33,997 [DEBUG]   XAUUSDc_M15: skip — only 27/150 signals
2026-07-08 19:19:33,997 [DEBUG]   XAUUSDc_M30: skip — only 69/150 signals
2026-07-08 19:19:33,997 [DEBUG]   XAUUSDc_M5: skip — only 24/150 signals
2026-07-08 19:49:34,462 [INFO] Scanning 5 directories for TFs: ['M5', 'M15', 'M30', 'H1', 'H4', 'D1']
2026-07-08 19:49:34,531 [INFO] Found 22 symbol+TF pairs with data
2026-07-08 19:49:34,531 [INFO]   BTCUSD_D1: 0 resolved signals
2026-07-08 19:49:34,531 [INFO]   BTCUSD_H1: 99 resolved signals
2026-07-08 19:49:34,531 [INFO]   BTCUSD_H4: 0 resolved signals
2026-07-08 19:49:34,531 [INFO]   BTCUSD_M30: 52 resolved signals
2026-07-08 19:49:34,532 [INFO]   BTCUSD_M5: 98 resolved signals
2026-07-08 19:49:34,532 [INFO]   EURUSDc_D1: 43 resolved signals
2026-07-08 19:49:34,532 [INFO]   EURUSDc_H1: 50 resolved signals
2026-07-08 19:49:34,532 [INFO]   EURUSDc_H4: 97 resolved signals
2026-07-08 19:49:34,532 [INFO]   EURUSDc_M15: 0 resolved signals
2026-07-08 19:49:34,532 [INFO]   EURUSDc_M30: 0 resolved signals
2026-07-08 19:49:34,532 [INFO]   XAUUSD_D1: 44 resolved signals
2026-07-08 19:49:34,532 [INFO]   XAUUSD_H1: 14 resolved signals
2026-07-08 19:49:34,532 [INFO]   XAUUSD_H4: 74 resolved signals
2026-07-08 19:49:34,532 [INFO]   XAUUSD_M15: 108 resolved signals
2026-07-08 19:49:34,532 [INFO]   XAUUSD_M30: 69 resolved signals
2026-07-08 19:49:34,532 [INFO]   XAUUSD_M5: 87 resolved signals
2026-07-08 19:49:34,532 [INFO]   XAUUSDc_D1: 59 resolved signals
2026-07-08 19:49:34,532 [INFO]   XAUUSDc_H1: 76 resolved signals
2026-07-08 19:49:34,532 [INFO]   XAUUSDc_H4: 79 resolved signals
2026-07-08 19:49:34,532 [INFO]   XAUUSDc_M15: 27 resolved signals
2026-07-08 19:49:34,532 [INFO]   XAUUSDc_M30: 69 resolved signals
2026-07-08 19:49:34,532 [INFO]   XAUUSDc_M5: 24 resolved signals
2026-07-08 19:49:34,532 [DEBUG]   BTCUSD_D1: skip — only 0/150 signals
2026-07-08 19:49:34,532 [DEBUG]   BTCUSD_H1: skip — only 99/150 signals
2026-07-08 19:49:34,532 [DEBUG]   BTCUSD_H4: skip — only 0/150 signals
2026-07-08 19:49:34,532 [DEBUG]   BTCUSD_M30: skip — only 52/150 signals
2026-07-08 19:49:34,532 [DEBUG]   BTCUSD_M5: skip — only 98/150 signals
2026-07-08 19:49:34,532 [DEBUG]   EURUSDc_D1: skip — only 43/150 signals
2026-07-08 19:49:34,532 [DEBUG]   EURUSDc_H1: skip — only 50/150 signals
2026-07-08 19:49:34,532 [DEBUG]   EURUSDc_H4: skip — only 97/150 signals
2026-07-08 19:49:34,532 [DEBUG]   EURUSDc_M15: skip — only 0/150 signals
2026-07-08 19:49:34,532 [DEBUG]   EURUSDc_M30: skip — only 0/150 signals
2026-07-08 19:49:34,532 [DEBUG]   XAUUSD_D1: skip — only 44/150 signals
2026-07-08 19:49:34,532 [DEBUG]   XAUUSD_H1: skip — only 14/150 signals
2026-07-08 19:49:34,532 [DEBUG]   XAUUSD_H4: skip — only 74/150 signals
2026-07-08 19:49:34,532 [DEBUG]   XAUUSD_M15: skip — only 108/150 signals
2026-07-08 19:49:34,532 [DEBUG]   XAUUSD_M30: skip — only 69/150 signals
2026-07-08 19:49:34,532 [DEBUG]   XAUUSD_M5: skip — only 87/150 signals
2026-07-08 19:49:34,532 [DEBUG]   XAUUSDc_D1: skip — only 59/150 signals
2026-07-08 19:49:34,532 [DEBUG]   XAUUSDc_H1: skip — only 76/150 signals
2026-07-08 19:49:34,532 [DEBUG]   XAUUSDc_H4: skip — only 79/150 signals
2026-07-08 19:49:34,532 [DEBUG]   XAUUSDc_M15: skip — only 27/150 signals
2026-07-08 19:49:34,532 [DEBUG]   XAUUSDc_M30: skip — only 69/150 signals
2026-07-08 19:49:34,532 [DEBUG]   XAUUSDc_M5: skip — only 24/150 signals
2026-07-08 20:08:19,739 [INFO] Manual train triggered
2026-07-08 20:08:19,740 [INFO] Scanning 5 directories for TFs: ['M5', 'M15', 'M30', 'H1', 'H4', 'D1']
2026-07-08 20:08:19,823 [INFO] Found 22 symbol+TF pairs with data
2026-07-08 20:08:19,823 [INFO]   BTCUSD_D1: 0 resolved signals
2026-07-08 20:08:19,823 [INFO]   BTCUSD_H1: 99 resolved signals
2026-07-08 20:08:19,823 [INFO]   BTCUSD_H4: 0 resolved signals
2026-07-08 20:08:19,823 [INFO]   BTCUSD_M30: 52 resolved signals
2026-07-08 20:08:19,823 [INFO]   BTCUSD_M5: 98 resolved signals
2026-07-08 20:08:19,823 [INFO]   EURUSDc_D1: 43 resolved signals
2026-07-08 20:08:19,823 [INFO]   EURUSDc_H1: 50 resolved signals
2026-07-08 20:08:19,823 [INFO]   EURUSDc_H4: 97 resolved signals
2026-07-08 20:08:19,823 [INFO]   EURUSDc_M15: 0 resolved signals
2026-07-08 20:08:19,823 [INFO]   EURUSDc_M30: 0 resolved signals
2026-07-08 20:08:19,823 [INFO]   XAUUSD_D1: 44 resolved signals
2026-07-08 20:08:19,823 [INFO]   XAUUSD_H1: 14 resolved signals
2026-07-08 20:08:19,823 [INFO]   XAUUSD_H4: 74 resolved signals
2026-07-08 20:08:19,823 [INFO]   XAUUSD_M15: 108 resolved signals
2026-07-08 20:08:19,823 [INFO]   XAUUSD_M30: 69 resolved signals
2026-07-08 20:08:19,823 [INFO]   XAUUSD_M5: 87 resolved signals
2026-07-08 20:08:19,823 [INFO]   XAUUSDc_D1: 59 resolved signals
2026-07-08 20:08:19,823 [INFO]   XAUUSDc_H1: 76 resolved signals
2026-07-08 20:08:19,823 [INFO]   XAUUSDc_H4: 79 resolved signals
2026-07-08 20:08:19,823 [INFO]   XAUUSDc_M15: 27 resolved signals
2026-07-08 20:08:19,823 [INFO]   XAUUSDc_M30: 69 resolved signals
2026-07-08 20:08:19,823 [INFO]   XAUUSDc_M5: 24 resolved signals
2026-07-08 20:08:19,823 [INFO]   BTCUSD_D1: will train — forced
2026-07-08 20:08:19,823 [INFO] Training BTCUSD D1...
2026-07-08 20:08:19,824 [DEBUG] Command: C:\Users\Administrator\AppData\Local\Programs\Python\Python314\pythonw.exe D:\Thanh\Forex\RSI_Advanced\tools\rsi_xgboost_train.py --data-dir C:\Users\Administrator\AppData\Roaming\MetaQuotes\Terminal\3773AE10556A00F3D812544D7EDDAB90\MQL4\Files\RSI_Advanced_Logs C:\Users\Administrator\AppData\Roaming\MetaQuotes\Terminal\2191F4A3D14D7B4B1EBB84F924777883\MQL4\Files\RSI_Advanced_Logs C:\Users\Administrator\AppData\Roaming\MetaQuotes\Terminal\6F841180CC7A5B4E481813CAFF4002B0\MQL4\Files\RSI_Advanced_Logs...
2026-07-08 20:08:29,506 [INFO] Manual train triggered
2026-07-08 20:08:29,506 [INFO] Scanning 5 directories for TFs: ['M5', 'M15', 'M30', 'H1', 'H4', 'D1']
2026-07-08 20:08:29,561 [INFO] Found 22 symbol+TF pairs with data
2026-07-08 20:08:29,561 [INFO]   BTCUSD_D1: 0 resolved signals
2026-07-08 20:08:29,561 [INFO]   BTCUSD_H1: 99 resolved signals
2026-07-08 20:08:29,561 [INFO]   BTCUSD_H4: 0 resolved signals
2026-07-08 20:08:29,561 [INFO]   BTCUSD_M30: 52 resolved signals
2026-07-08 20:08:29,561 [INFO]   BTCUSD_M5: 98 resolved signals
2026-07-08 20:08:29,561 [INFO]   EURUSDc_D1: 43 resolved signals
2026-07-08 20:08:29,561 [INFO]   EURUSDc_H1: 50 resolved signals
2026-07-08 20:08:29,561 [INFO]   EURUSDc_H4: 97 resolved signals
2026-07-08 20:08:29,561 [INFO]   EURUSDc_M15: 0 resolved signals
2026-07-08 20:08:29,561 [INFO]   EURUSDc_M30: 0 resolved signals
2026-07-08 20:08:29,561 [INFO]   XAUUSD_D1: 44 resolved signals
2026-07-08 20:08:29,561 [INFO]   XAUUSD_H1: 14 resolved signals
2026-07-08 20:08:29,561 [INFO]   XAUUSD_H4: 74 resolved signals
2026-07-08 20:08:29,561 [INFO]   XAUUSD_M15: 108 resolved signals
2026-07-08 20:08:29,561 [INFO]   XAUUSD_M30: 69 resolved signals
2026-07-08 20:08:29,561 [INFO]   XAUUSD_M5: 87 resolved signals
2026-07-08 20:08:29,561 [INFO]   XAUUSDc_D1: 59 resolved signals
2026-07-08 20:08:29,561 [INFO]   XAUUSDc_H1: 76 resolved signals
2026-07-08 20:08:29,561 [INFO]   XAUUSDc_H4: 79 resolved signals
2026-07-08 20:08:29,561 [INFO]   XAUUSDc_M15: 27 resolved signals
2026-07-08 20:08:29,561 [INFO]   XAUUSDc_M30: 69 resolved signals
2026-07-08 20:08:29,561 [INFO]   XAUUSDc_M5: 24 resolved signals
2026-07-08 20:08:29,561 [INFO]   BTCUSD_D1: will train — forced
2026-07-08 20:08:29,561 [INFO] Training BTCUSD D1...
2026-07-08 20:08:29,561 [DEBUG] Command: C:\Users\Administrator\AppData\Local\Programs\Python\Python314\pythonw.exe D:\Thanh\Forex\RSI_Advanced\tools\rsi_xgboost_train.py --data-dir C:\Users\Administrator\AppData\Roaming\MetaQuotes\Terminal\3773AE10556A00F3D812544D7EDDAB90\MQL4\Files\RSI_Advanced_Logs C:\Users\Administrator\AppData\Roaming\MetaQuotes\Terminal\2191F4A3D14D7B4B1EBB84F924777883\MQL4\Files\RSI_Advanced_Logs C:\Users\Administrator\AppData\Roaming\MetaQuotes\Terminal\6F841180CC7A5B4E481813CAFF4002B0\MQL4\Files\RSI_Advanced_Logs...
2026-07-08 20:08:32,993 [INFO]   train: ============================================================
2026-07-08 20:08:32,993 [INFO]   train: Training model: BTCUSD_D1
2026-07-08 20:08:32,993 [INFO]   train: ============================================================
2026-07-08 20:08:32,994 [INFO]   train: Loading CSVs from 5 director(ies)
2026-07-08 20:08:32,994 [INFO]   train: Filter: symbol=BTCUSD
2026-07-08 20:08:32,994 [INFO]   train: Filter: tf=D1
2026-07-08 20:08:32,994 [INFO]   train: Signals: 62 rows
2026-07-08 20:08:32,994 [INFO]   train: Scoring: 1 rows
2026-07-08 20:08:32,994 [INFO]   train: Outcomes: 62 rows
2026-07-08 20:08:32,994 [INFO]   train: Resolved outcomes: 0
2026-07-08 20:08:32,994 [INFO]   train: Merged (joined): 0 rows
2026-07-08 20:08:32,994 [INFO]   train: SKIP: Only 0 resolved signals for BTCUSD_D1. Need 150.
2026-07-08 20:08:32,994 [INFO]   train: {
2026-07-08 20:08:32,994 [INFO]   train: "symbol": "BTCUSD",
2026-07-08 20:08:32,994 [INFO]   train: "tf": "D1",
2026-07-08 20:08:32,994 [INFO]   train: "status": "skip",
2026-07-08 20:08:32,994 [INFO]   train: "signals": 0,
2026-07-08 20:08:32,994 [INFO]   train: "message": "Only 0 resolved signals for BTCUSD_D1. Need 150."
2026-07-08 20:08:32,994 [INFO]   train: }
2026-07-08 20:08:32,994 [INFO]   BTCUSD_D1: PASS Brier=?, AUC=?
2026-07-08 20:08:32,994 [INFO]   BTCUSD_H1: will train — forced
2026-07-08 20:08:32,994 [INFO] Training BTCUSD H1...
2026-07-08 20:08:32,994 [DEBUG] Command: C:\Users\Administrator\AppData\Local\Programs\Python\Python314\pythonw.exe D:\Thanh\Forex\RSI_Advanced\tools\rsi_xgboost_train.py --data-dir C:\Users\Administrator\AppData\Roaming\MetaQuotes\Terminal\3773AE10556A00F3D812544D7EDDAB90\MQL4\Files\RSI_Advanced_Logs C:\Users\Administrator\AppData\Roaming\MetaQuotes\Terminal\2191F4A3D14D7B4B1EBB84F924777883\MQL4\Files\RSI_Advanced_Logs C:\Users\Administrator\AppData\Roaming\MetaQuotes\Terminal\6F841180CC7A5B4E481813CAFF4002B0\MQL4\Files\RSI_Advanced_Logs...
2026-07-08 20:08:32,993 [INFO]   train: ============================================================
2026-07-08 20:08:32,994 [INFO]   train: Training model: BTCUSD_D1
2026-07-08 20:08:32,994 [INFO]   train: ============================================================
2026-07-08 20:08:32,994 [INFO]   train: Loading CSVs from 5 director(ies)
2026-07-08 20:08:32,994 [INFO]   train: Filter: symbol=BTCUSD
2026-07-08 20:08:32,994 [INFO]   train: Filter: tf=D1
2026-07-08 20:08:32,994 [INFO]   train: Signals: 62 rows
2026-07-08 20:08:32,994 [INFO]   train: Scoring: 1 rows
2026-07-08 20:08:32,994 [INFO]   train: Outcomes: 62 rows
2026-07-08 20:08:32,994 [INFO]   train: Resolved outcomes: 0
2026-07-08 20:08:32,994 [INFO]   train: Merged (joined): 0 rows
2026-07-08 20:08:32,994 [INFO]   train: SKIP: Only 0 resolved signals for BTCUSD_D1. Need 150.
2026-07-08 20:08:32,994 [INFO]   train: {
2026-07-08 20:08:32,994 [INFO]   train: "symbol": "BTCUSD",
2026-07-08 20:08:32,994 [INFO]   train: "tf": "D1",
2026-07-08 20:08:32,994 [INFO]   train: "status": "skip",
2026-07-08 20:08:32,994 [INFO]   train: "signals": 0,
2026-07-08 20:08:32,994 [INFO]   train: "message": "Only 0 resolved signals for BTCUSD_D1. Need 150."
2026-07-08 20:08:32,994 [INFO]   train: }
2026-07-08 20:08:32,994 [INFO]   BTCUSD_D1: PASS Brier=?, AUC=?
2026-07-08 20:08:32,994 [INFO]   BTCUSD_H1: will train — forced
2026-07-08 20:08:32,994 [INFO] Training BTCUSD H1...
2026-07-08 20:08:32,995 [DEBUG] Command: C:\Users\Administrator\AppData\Local\Programs\Python\Python314\pythonw.exe D:\Thanh\Forex\RSI_Advanced\tools\rsi_xgboost_train.py --data-dir C:\Users\Administrator\AppData\Roaming\MetaQuotes\Terminal\3773AE10556A00F3D812544D7EDDAB90\MQL4\Files\RSI_Advanced_Logs C:\Users\Administrator\AppData\Roaming\MetaQuotes\Terminal\2191F4A3D14D7B4B1EBB84F924777883\MQL4\Files\RSI_Advanced_Logs C:\Users\Administrator\AppData\Roaming\MetaQuotes\Terminal\6F841180CC7A5B4E481813CAFF4002B0\MQL4\Files\RSI_Advanced_Logs...
2026-07-08 20:08:34,741 [INFO]   train: ============================================================
2026-07-08 20:08:34,741 [INFO]   train: Training model: BTCUSD_H1
2026-07-08 20:08:34,741 [INFO]   train: ============================================================
2026-07-08 20:08:34,741 [INFO]   train: Loading CSVs from 5 director(ies)
2026-07-08 20:08:34,741 [INFO]   train: Filter: symbol=BTCUSD
2026-07-08 20:08:34,741 [INFO]   train: Filter: tf=H1
2026-07-08 20:08:34,741 [INFO]   train: Signals: 270 rows
2026-07-08 20:08:34,741 [INFO]   train: Scoring: 11 rows
2026-07-08 20:08:34,741 [INFO]   train: Outcomes: 369 rows
2026-07-08 20:08:34,741 [INFO]   train: Resolved outcomes: 36
2026-07-08 20:08:34,741 [INFO]   train: Merged (joined): 36 rows
2026-07-08 20:08:34,741 [INFO]   train: SKIP: Only 36 resolved signals for BTCUSD_H1. Need 150.
2026-07-08 20:08:34,741 [INFO]   train: {
2026-07-08 20:08:34,741 [INFO]   train: "symbol": "BTCUSD",
2026-07-08 20:08:34,741 [INFO]   train: "tf": "H1",
2026-07-08 20:08:34,741 [INFO]   train: "status": "skip",
2026-07-08 20:08:34,741 [INFO]   train: "signals": 36,
2026-07-08 20:08:34,741 [INFO]   train: "message": "Only 36 resolved signals for BTCUSD_H1. Need 150."
2026-07-08 20:08:34,741 [INFO]   train: }
2026-07-08 20:08:34,741 [INFO]   BTCUSD_H1: PASS Brier=?, AUC=?
2026-07-08 20:08:34,741 [INFO]   BTCUSD_H4: will train — forced
2026-07-08 20:08:34,741 [INFO] Training BTCUSD H4...
2026-07-08 20:08:34,741 [DEBUG] Command: C:\Users\Administrator\AppData\Local\Programs\Python\Python314\pythonw.exe D:\Thanh\Forex\RSI_Advanced\tools\rsi_xgboost_train.py --data-dir C:\Users\Administrator\AppData\Roaming\MetaQuotes\Terminal\3773AE10556A00F3D812544D7EDDAB90\MQL4\Files\RSI_Advanced_Logs C:\Users\Administrator\AppData\Roaming\MetaQuotes\Terminal\2191F4A3D14D7B4B1EBB84F924777883\MQL4\Files\RSI_Advanced_Logs C:\Users\Administrator\AppData\Roaming\MetaQuotes\Terminal\6F841180CC7A5B4E481813CAFF4002B0\MQL4\Files\RSI_Advanced_Logs...
2026-07-08 20:08:34,741 [INFO]   train: ============================================================
2026-07-08 20:08:34,741 [INFO]   train: Training model: BTCUSD_H1
2026-07-08 20:08:34,741 [INFO]   train: ============================================================
2026-07-08 20:08:34,741 [INFO]   train: Loading CSVs from 5 director(ies)
2026-07-08 20:08:34,742 [INFO]   train: Filter: symbol=BTCUSD
2026-07-08 20:08:34,742 [INFO]   train: Filter: tf=H1
2026-07-08 20:08:34,742 [INFO]   train: Signals: 270 rows
2026-07-08 20:08:34,742 [INFO]   train: Scoring: 11 rows
2026-07-08 20:08:34,742 [INFO]   train: Outcomes: 369 rows
2026-07-08 20:08:34,742 [INFO]   train: Resolved outcomes: 36
2026-07-08 20:08:34,742 [INFO]   train: Merged (joined): 36 rows
2026-07-08 20:08:34,742 [INFO]   train: SKIP: Only 36 resolved signals for BTCUSD_H1. Need 150.
2026-07-08 20:08:34,742 [INFO]   train: {
2026-07-08 20:08:34,742 [INFO]   train: "symbol": "BTCUSD",
2026-07-08 20:08:34,742 [INFO]   train: "tf": "H1",
2026-07-08 20:08:34,742 [INFO]   train: "status": "skip",
2026-07-08 20:08:34,742 [INFO]   train: "signals": 36,
2026-07-08 20:08:34,742 [INFO]   train: "message": "Only 36 resolved signals for BTCUSD_H1. Need 150."
2026-07-08 20:08:34,742 [INFO]   train: }
2026-07-08 20:08:34,742 [INFO]   BTCUSD_H1: PASS Brier=?, AUC=?
2026-07-08 20:08:34,742 [INFO]   BTCUSD_H4: will train — forced
2026-07-08 20:08:34,742 [INFO] Training BTCUSD H4...
2026-07-08 20:08:34,742 [DEBUG] Command: C:\Users\Administrator\AppData\Local\Programs\Python\Python314\pythonw.exe D:\Thanh\Forex\RSI_Advanced\tools\rsi_xgboost_train.py --data-dir C:\Users\Administrator\AppData\Roaming\MetaQuotes\Terminal\3773AE10556A00F3D812544D7EDDAB90\MQL4\Files\RSI_Advanced_Logs C:\Users\Administrator\AppData\Roaming\MetaQuotes\Terminal\2191F4A3D14D7B4B1EBB84F924777883\MQL4\Files\RSI_Advanced_Logs C:\Users\Administrator\AppData\Roaming\MetaQuotes\Terminal\6F841180CC7A5B4E481813CAFF4002B0\MQL4\Files\RSI_Advanced_Logs...
2026-07-08 20:08:36,410 [INFO]   train: ============================================================
2026-07-08 20:08:36,410 [INFO]   train: Training model: BTCUSD_H4
2026-07-08 20:08:36,410 [INFO]   train: ============================================================
2026-07-08 20:08:36,410 [INFO]   train: Loading CSVs from 5 director(ies)
2026-07-08 20:08:36,410 [INFO]   train: Filter: symbol=BTCUSD
2026-07-08 20:08:36,410 [INFO]   train: Filter: tf=H4
2026-07-08 20:08:36,410 [INFO]   train: Signals: 81 rows
2026-07-08 20:08:36,410 [INFO]   train: Scoring: 1 rows
2026-07-08 20:08:36,410 [INFO]   train: Outcomes: 81 rows
2026-07-08 20:08:36,410 [INFO]   train: Resolved outcomes: 0
2026-07-08 20:08:36,410 [INFO]   train: Merged (joined): 0 rows
2026-07-08 20:08:36,410 [INFO]   train: SKIP: Only 0 resolved signals for BTCUSD_H4. Need 150.
2026-07-08 20:08:36,410 [INFO]   train: {
2026-07-08 20:08:36,410 [INFO]   train: "symbol": "BTCUSD",
2026-07-08 20:08:36,410 [INFO]   train: "tf": "H4",
2026-07-08 20:08:36,410 [INFO]   train: "status": "skip",
2026-07-08 20:08:36,410 [INFO]   train: "signals": 0,
2026-07-08 20:08:36,410 [INFO]   train: "message": "Only 0 resolved signals for BTCUSD_H4. Need 150."
2026-07-08 20:08:36,410 [INFO]   train: }
2026-07-08 20:08:36,410 [INFO]   BTCUSD_H4: PASS Brier=?, AUC=?
2026-07-08 20:08:36,410 [INFO]   BTCUSD_M30: will train — forced
2026-07-08 20:08:36,411 [INFO] Training BTCUSD M30...
2026-07-08 20:08:36,411 [DEBUG] Command: C:\Users\Administrator\AppData\Local\Programs\Python\Python314\pythonw.exe D:\Thanh\Forex\RSI_Advanced\tools\rsi_xgboost_train.py --data-dir C:\Users\Administrator\AppData\Roaming\MetaQuotes\Terminal\3773AE10556A00F3D812544D7EDDAB90\MQL4\Files\RSI_Advanced_Logs C:\Users\Administrator\AppData\Roaming\MetaQuotes\Terminal\2191F4A3D14D7B4B1EBB84F924777883\MQL4\Files\RSI_Advanced_Logs C:\Users\Administrator\AppData\Roaming\MetaQuotes\Terminal\6F841180CC7A5B4E481813CAFF4002B0\MQL4\Files\RSI_Advanced_Logs...
2026-07-08 20:08:36,410 [INFO]   train: ============================================================
2026-07-08 20:08:36,411 [INFO]   train: Training model: BTCUSD_H4
2026-07-08 20:08:36,411 [INFO]   train: ============================================================
2026-07-08 20:08:36,411 [INFO]   train: Loading CSVs from 5 director(ies)
2026-07-08 20:08:36,411 [INFO]   train: Filter: symbol=BTCUSD
2026-07-08 20:08:36,411 [INFO]   train: Filter: tf=H4
2026-07-08 20:08:36,411 [INFO]   train: Signals: 81 rows
2026-07-08 20:08:36,411 [INFO]   train: Scoring: 1 rows
2026-07-08 20:08:36,411 [INFO]   train: Outcomes: 81 rows
2026-07-08 20:08:36,411 [INFO]   train: Resolved outcomes: 0
2026-07-08 20:08:36,411 [INFO]   train: Merged (joined): 0 rows
2026-07-08 20:08:36,411 [INFO]   train: SKIP: Only 0 resolved signals for BTCUSD_H4. Need 150.
2026-07-08 20:08:36,411 [INFO]   train: {
2026-07-08 20:08:36,411 [INFO]   train: "symbol": "BTCUSD",
2026-07-08 20:08:36,411 [INFO]   train: "tf": "H4",
2026-07-08 20:08:36,411 [INFO]   train: "status": "skip",
2026-07-08 20:08:36,411 [INFO]   train: "signals": 0,
2026-07-08 20:08:36,411 [INFO]   train: "message": "Only 0 resolved signals for BTCUSD_H4. Need 150."
2026-07-08 20:08:36,411 [INFO]   train: }
2026-07-08 20:08:36,411 [INFO]   BTCUSD_H4: PASS Brier=?, AUC=?
2026-07-08 20:08:36,411 [INFO]   BTCUSD_M30: will train — forced
2026-07-08 20:08:36,411 [INFO] Training BTCUSD M30...
2026-07-08 20:08:36,411 [DEBUG] Command: C:\Users\Administrator\AppData\Local\Programs\Python\Python314\pythonw.exe D:\Thanh\Forex\RSI_Advanced\tools\rsi_xgboost_train.py --data-dir C:\Users\Administrator\AppData\Roaming\MetaQuotes\Terminal\3773AE10556A00F3D812544D7EDDAB90\MQL4\Files\RSI_Advanced_Logs C:\Users\Administrator\AppData\Roaming\MetaQuotes\Terminal\2191F4A3D14D7B4B1EBB84F924777883\MQL4\Files\RSI_Advanced_Logs C:\Users\Administrator\AppData\Roaming\MetaQuotes\Terminal\6F841180CC7A5B4E481813CAFF4002B0\MQL4\Files\RSI_Advanced_Logs...
2026-07-08 20:08:38,070 [INFO]   train: ============================================================
2026-07-08 20:08:38,071 [INFO]   train: Training model: BTCUSD_M30
2026-07-08 20:08:38,071 [INFO]   train: ============================================================
2026-07-08 20:08:38,071 [INFO]   train: Loading CSVs from 5 director(ies)
2026-07-08 20:08:38,071 [INFO]   train: Filter: symbol=BTCUSD
2026-07-08 20:08:38,071 [INFO]   train: Filter: tf=M30
2026-07-08 20:08:38,071 [INFO]   train: Signals: 9590 rows
2026-07-08 20:08:38,071 [INFO]   train: Scoring: 1 rows
2026-07-08 20:08:38,071 [INFO]   train: Outcomes: 9642 rows
2026-07-08 20:08:38,071 [INFO]   train: Resolved outcomes: 50
2026-07-08 20:08:38,071 [INFO]   train: Merged (joined): 50 rows
2026-07-08 20:08:38,071 [INFO]   train: SKIP: Only 50 resolved signals for BTCUSD_M30. Need 150.
2026-07-08 20:08:38,071 [INFO]   train: {
2026-07-08 20:08:38,071 [INFO]   train: "symbol": "BTCUSD",
2026-07-08 20:08:38,071 [INFO]   train: "tf": "M30",
2026-07-08 20:08:38,071 [INFO]   train: "status": "skip",
2026-07-08 20:08:38,071 [INFO]   train: "signals": 50,
2026-07-08 20:08:38,071 [INFO]   train: "message": "Only 50 resolved signals for BTCUSD_M30. Need 150."
2026-07-08 20:08:38,071 [INFO]   train: }
2026-07-08 20:08:38,071 [INFO]   BTCUSD_M30: PASS Brier=?, AUC=?
2026-07-08 20:08:38,071 [INFO]   BTCUSD_M5: will train — forced
2026-07-08 20:08:38,071 [INFO] Training BTCUSD M5...
2026-07-08 20:08:38,071 [DEBUG] Command: C:\Users\Administrator\AppData\Local\Programs\Python\Python314\pythonw.exe D:\Thanh\Forex\RSI_Advanced\tools\rsi_xgboost_train.py --data-dir C:\Users\Administrator\AppData\Roaming\MetaQuotes\Terminal\3773AE10556A00F3D812544D7EDDAB90\MQL4\Files\RSI_Advanced_Logs C:\Users\Administrator\AppData\Roaming\MetaQuotes\Terminal\2191F4A3D14D7B4B1EBB84F924777883\MQL4\Files\RSI_Advanced_Logs C:\Users\Administrator\AppData\Roaming\MetaQuotes\Terminal\6F841180CC7A5B4E481813CAFF4002B0\MQL4\Files\RSI_Advanced_Logs...
2026-07-08 20:08:38,071 [INFO]   train: ============================================================
2026-07-08 20:08:38,071 [INFO]   train: Training model: BTCUSD_M30
2026-07-08 20:08:38,071 [INFO]   train: ============================================================
2026-07-08 20:08:38,071 [INFO]   train: Loading CSVs from 5 director(ies)
2026-07-08 20:08:38,071 [INFO]   train: Filter: symbol=BTCUSD
2026-07-08 20:08:38,071 [INFO]   train: Filter: tf=M30
2026-07-08 20:08:38,071 [INFO]   train: Signals: 9590 rows
2026-07-08 20:08:38,071 [INFO]   train: Scoring: 1 rows
2026-07-08 20:08:38,071 [INFO]   train: Outcomes: 9642 rows
2026-07-08 20:08:38,071 [INFO]   train: Resolved outcomes: 50
2026-07-08 20:08:38,071 [INFO]   train: Merged (joined): 50 rows
2026-07-08 20:08:38,071 [INFO]   train: SKIP: Only 50 resolved signals for BTCUSD_M30. Need 150.
2026-07-08 20:08:38,071 [INFO]   train: {
2026-07-08 20:08:38,071 [INFO]   train: "symbol": "BTCUSD",
2026-07-08 20:08:38,071 [INFO]   train: "tf": "M30",
2026-07-08 20:08:38,072 [INFO]   train: "status": "skip",
2026-07-08 20:08:38,072 [INFO]   train: "signals": 50,
2026-07-08 20:08:38,072 [INFO]   train: "message": "Only 50 resolved signals for BTCUSD_M30. Need 150."
2026-07-08 20:08:38,072 [INFO]   train: }
2026-07-08 20:08:38,072 [INFO]   BTCUSD_M30: PASS Brier=?, AUC=?
2026-07-08 20:08:38,072 [INFO]   BTCUSD_M5: will train — forced
2026-07-08 20:08:38,072 [INFO] Training BTCUSD M5...
2026-07-08 20:08:38,072 [DEBUG] Command: C:\Users\Administrator\AppData\Local\Programs\Python\Python314\pythonw.exe D:\Thanh\Forex\RSI_Advanced\tools\rsi_xgboost_train.py --data-dir C:\Users\Administrator\AppData\Roaming\MetaQuotes\Terminal\3773AE10556A00F3D812544D7EDDAB90\MQL4\Files\RSI_Advanced_Logs C:\Users\Administrator\AppData\Roaming\MetaQuotes\Terminal\2191F4A3D14D7B4B1EBB84F924777883\MQL4\Files\RSI_Advanced_Logs C:\Users\Administrator\AppData\Roaming\MetaQuotes\Terminal\6F841180CC7A5B4E481813CAFF4002B0\MQL4\Files\RSI_Advanced_Logs...
2026-07-08 20:08:39,823 [INFO]   train: ============================================================
2026-07-08 20:08:39,823 [INFO]   train: Training model: BTCUSD_M5
2026-07-08 20:08:39,823 [INFO]   train: ============================================================
2026-07-08 20:08:39,823 [INFO]   train: Loading CSVs from 5 director(ies)
2026-07-08 20:08:39,823 [INFO]   train: Filter: symbol=BTCUSD
2026-07-08 20:08:39,823 [INFO]   train: Filter: tf=M5
2026-07-08 20:08:39,823 [INFO]   train: Signals: 176 rows
2026-07-08 20:08:39,823 [INFO]   train: Scoring: 29 rows
2026-07-08 20:08:39,823 [INFO]   train: Outcomes: 274 rows
2026-07-08 20:08:39,823 [INFO]   train: Resolved outcomes: 70
2026-07-08 20:08:39,823 [INFO]   train: Merged (joined): 70 rows
2026-07-08 20:08:39,823 [INFO]   train: SKIP: Only 70 resolved signals for BTCUSD_M5. Need 150.
2026-07-08 20:08:39,823 [INFO]   train: {
2026-07-08 20:08:39,823 [INFO]   train: "symbol": "BTCUSD",
2026-07-08 20:08:39,824 [INFO]   train: "tf": "M5",
2026-07-08 20:08:39,824 [INFO]   train: "status": "skip",
2026-07-08 20:08:39,824 [INFO]   train: "signals": 70,
2026-07-08 20:08:39,824 [INFO]   train: "message": "Only 70 resolved signals for BTCUSD_M5. Need 150."
2026-07-08 20:08:39,824 [INFO]   train: }
2026-07-08 20:08:39,824 [INFO]   BTCUSD_M5: PASS Brier=?, AUC=?
2026-07-08 20:08:39,824 [INFO]   EURUSDc_D1: will train — forced
2026-07-08 20:08:39,824 [INFO] Training EURUSDc D1...
2026-07-08 20:08:39,824 [DEBUG] Command: C:\Users\Administrator\AppData\Local\Programs\Python\Python314\pythonw.exe D:\Thanh\Forex\RSI_Advanced\tools\rsi_xgboost_train.py --data-dir C:\Users\Administrator\AppData\Roaming\MetaQuotes\Terminal\3773AE10556A00F3D812544D7EDDAB90\MQL4\Files\RSI_Advanced_Logs C:\Users\Administrator\AppData\Roaming\MetaQuotes\Terminal\2191F4A3D14D7B4B1EBB84F924777883\MQL4\Files\RSI_Advanced_Logs C:\Users\Administrator\AppData\Roaming\MetaQuotes\Terminal\6F841180CC7A5B4E481813CAFF4002B0\MQL4\Files\RSI_Advanced_Logs...
2026-07-08 20:08:39,823 [INFO]   train: ============================================================
2026-07-08 20:08:39,824 [INFO]   train: Training model: BTCUSD_M5
2026-07-08 20:08:39,824 [INFO]   train: ============================================================
2026-07-08 20:08:39,824 [INFO]   train: Loading CSVs from 5 director(ies)
2026-07-08 20:08:39,824 [INFO]   train: Filter: symbol=BTCUSD
2026-07-08 20:08:39,824 [INFO]   train: Filter: tf=M5
2026-07-08 20:08:39,824 [INFO]   train: Signals: 176 rows
2026-07-08 20:08:39,824 [INFO]   train: Scoring: 29 rows
2026-07-08 20:08:39,824 [INFO]   train: Outcomes: 274 rows
2026-07-08 20:08:39,824 [INFO]   train: Resolved outcomes: 70
2026-07-08 20:08:39,824 [INFO]   train: Merged (joined): 70 rows
2026-07-08 20:08:39,824 [INFO]   train: SKIP: Only 70 resolved signals for BTCUSD_M5. Need 150.
2026-07-08 20:08:39,824 [INFO]   train: {
2026-07-08 20:08:39,824 [INFO]   train: "symbol": "BTCUSD",
2026-07-08 20:08:39,824 [INFO]   train: "tf": "M5",
2026-07-08 20:08:39,824 [INFO]   train: "status": "skip",
2026-07-08 20:08:39,824 [INFO]   train: "signals": 70,
2026-07-08 20:08:39,824 [INFO]   train: "message": "Only 70 resolved signals for BTCUSD_M5. Need 150."
2026-07-08 20:08:39,824 [INFO]   train: }
2026-07-08 20:08:39,824 [INFO]   BTCUSD_M5: PASS Brier=?, AUC=?
2026-07-08 20:08:39,824 [INFO]   EURUSDc_D1: will train — forced
2026-07-08 20:08:39,824 [INFO] Training EURUSDc D1...
2026-07-08 20:08:39,824 [DEBUG] Command: C:\Users\Administrator\AppData\Local\Programs\Python\Python314\pythonw.exe D:\Thanh\Forex\RSI_Advanced\tools\rsi_xgboost_train.py --data-dir C:\Users\Administrator\AppData\Roaming\MetaQuotes\Terminal\3773AE10556A00F3D812544D7EDDAB90\MQL4\Files\RSI_Advanced_Logs C:\Users\Administrator\AppData\Roaming\MetaQuotes\Terminal\2191F4A3D14D7B4B1EBB84F924777883\MQL4\Files\RSI_Advanced_Logs C:\Users\Administrator\AppData\Roaming\MetaQuotes\Terminal\6F841180CC7A5B4E481813CAFF4002B0\MQL4\Files\RSI_Advanced_Logs...
2026-07-08 20:08:41,559 [INFO]   train: ============================================================
2026-07-08 20:08:41,559 [INFO]   train: Training model: EURUSDc_D1
2026-07-08 20:08:41,559 [INFO]   train: ============================================================
2026-07-08 20:08:41,559 [INFO]   train: Loading CSVs from 5 director(ies)
2026-07-08 20:08:41,559 [INFO]   train: Filter: symbol=EURUSDc
2026-07-08 20:08:41,559 [INFO]   train: Filter: tf=D1
2026-07-08 20:08:41,559 [INFO]   train: Signals: 65 rows
2026-07-08 20:08:41,559 [INFO]   train: Scoring: 1 rows
2026-07-08 20:08:41,560 [INFO]   train: Outcomes: 108 rows
2026-07-08 20:08:41,560 [INFO]   train: Resolved outcomes: 41
2026-07-08 20:08:41,560 [INFO]   train: Merged (joined): 41 rows
2026-07-08 20:08:41,560 [INFO]   train: SKIP: Only 41 resolved signals for EURUSDc_D1. Need 150.
2026-07-08 20:08:41,560 [INFO]   train: {
2026-07-08 20:08:41,560 [INFO]   train: "symbol": "EURUSDc",
2026-07-08 20:08:41,560 [INFO]   train: "tf": "D1",
2026-07-08 20:08:41,560 [INFO]   train: "status": "skip",
2026-07-08 20:08:41,560 [INFO]   train: "signals": 41,
2026-07-08 20:08:41,560 [INFO]   train: "message": "Only 41 resolved signals for EURUSDc_D1. Need 150."
2026-07-08 20:08:41,560 [INFO]   train: }
2026-07-08 20:08:41,560 [INFO]   EURUSDc_D1: PASS Brier=?, AUC=?
2026-07-08 20:08:41,560 [INFO]   EURUSDc_H1: will train — forced
2026-07-08 20:08:41,560 [INFO] Training EURUSDc H1...
2026-07-08 20:08:41,560 [DEBUG] Command: C:\Users\Administrator\AppData\Local\Programs\Python\Python314\pythonw.exe D:\Thanh\Forex\RSI_Advanced\tools\rsi_xgboost_train.py --data-dir C:\Users\Administrator\AppData\Roaming\MetaQuotes\Terminal\3773AE10556A00F3D812544D7EDDAB90\MQL4\Files\RSI_Advanced_Logs C:\Users\Administrator\AppData\Roaming\MetaQuotes\Terminal\2191F4A3D14D7B4B1EBB84F924777883\MQL4\Files\RSI_Advanced_Logs C:\Users\Administrator\AppData\Roaming\MetaQuotes\Terminal\6F841180CC7A5B4E481813CAFF4002B0\MQL4\Files\RSI_Advanced_Logs...
2026-07-08 20:08:41,559 [INFO]   train: ============================================================
2026-07-08 20:08:41,560 [INFO]   train: Training model: EURUSDc_D1
2026-07-08 20:08:41,560 [INFO]   train: ============================================================
2026-07-08 20:08:41,560 [INFO]   train: Loading CSVs from 5 director(ies)
2026-07-08 20:08:41,560 [INFO]   train: Filter: symbol=EURUSDc
2026-07-08 20:08:41,560 [INFO]   train: Filter: tf=D1
2026-07-08 20:08:41,560 [INFO]   train: Signals: 65 rows
2026-07-08 20:08:41,560 [INFO]   train: Scoring: 1 rows
2026-07-08 20:08:41,560 [INFO]   train: Outcomes: 108 rows
2026-07-08 20:08:41,560 [INFO]   train: Resolved outcomes: 41
2026-07-08 20:08:41,560 [INFO]   train: Merged (joined): 41 rows
2026-07-08 20:08:41,560 [INFO]   train: SKIP: Only 41 resolved signals for EURUSDc_D1. Need 150.
2026-07-08 20:08:41,560 [INFO]   train: {
2026-07-08 20:08:41,560 [INFO]   train: "symbol": "EURUSDc",
2026-07-08 20:08:41,560 [INFO]   train: "tf": "D1",
2026-07-08 20:08:41,560 [INFO]   train: "status": "skip",
2026-07-08 20:08:41,560 [INFO]   train: "signals": 41,
2026-07-08 20:08:41,560 [INFO]   train: "message": "Only 41 resolved signals for EURUSDc_D1. Need 150."
2026-07-08 20:08:41,560 [INFO]   train: }
2026-07-08 20:08:41,560 [INFO]   EURUSDc_D1: PASS Brier=?, AUC=?
2026-07-08 20:08:41,560 [INFO]   EURUSDc_H1: will train — forced
2026-07-08 20:08:41,560 [INFO] Training EURUSDc H1...
2026-07-08 20:08:41,560 [DEBUG] Command: C:\Users\Administrator\AppData\Local\Programs\Python\Python314\pythonw.exe D:\Thanh\Forex\RSI_Advanced\tools\rsi_xgboost_train.py --data-dir C:\Users\Administrator\AppData\Roaming\MetaQuotes\Terminal\3773AE10556A00F3D812544D7EDDAB90\MQL4\Files\RSI_Advanced_Logs C:\Users\Administrator\AppData\Roaming\MetaQuotes\Terminal\2191F4A3D14D7B4B1EBB84F924777883\MQL4\Files\RSI_Advanced_Logs C:\Users\Administrator\AppData\Roaming\MetaQuotes\Terminal\6F841180CC7A5B4E481813CAFF4002B0\MQL4\Files\RSI_Advanced_Logs...
2026-07-08 20:08:43,359 [INFO]   train: ============================================================
2026-07-08 20:08:43,359 [INFO]   train: Training model: EURUSDc_H1
2026-07-08 20:08:43,359 [INFO]   train: ============================================================
2026-07-08 20:08:43,359 [INFO]   train: Loading CSVs from 5 director(ies)
2026-07-08 20:08:43,359 [INFO]   train: Filter: symbol=EURUSDc
2026-07-08 20:08:43,359 [INFO]   train: Filter: tf=H1
2026-07-08 20:08:43,359 [INFO]   train: Signals: 57 rows
2026-07-08 20:08:43,359 [INFO]   train: Scoring: 1 rows
2026-07-08 20:08:43,359 [INFO]   train: Outcomes: 107 rows
2026-07-08 20:08:43,359 [INFO]   train: Resolved outcomes: 47
2026-07-08 20:08:43,359 [INFO]   train: Merged (joined): 47 rows
2026-07-08 20:08:43,359 [INFO]   train: SKIP: Only 47 resolved signals for EURUSDc_H1. Need 150.
2026-07-08 20:08:43,359 [INFO]   train: {
2026-07-08 20:08:43,359 [INFO]   train: "symbol": "EURUSDc",
2026-07-08 20:08:43,359 [INFO]   train: "tf": "H1",
2026-07-08 20:08:43,359 [INFO]   train: "status": "skip",
2026-07-08 20:08:43,359 [INFO]   train: "signals": 47,
2026-07-08 20:08:43,359 [INFO]   train: "message": "Only 47 resolved signals for EURUSDc_H1. Need 150."
2026-07-08 20:08:43,359 [INFO]   train: }
2026-07-08 20:08:43,359 [INFO]   EURUSDc_H1: PASS Brier=?, AUC=?
2026-07-08 20:08:43,359 [INFO]   EURUSDc_H4: will train — forced
2026-07-08 20:08:43,359 [INFO] Training EURUSDc H4...
2026-07-08 20:08:43,359 [DEBUG] Command: C:\Users\Administrator\AppData\Local\Programs\Python\Python314\pythonw.exe D:\Thanh\Forex\RSI_Advanced\tools\rsi_xgboost_train.py --data-dir C:\Users\Administrator\AppData\Roaming\MetaQuotes\Terminal\3773AE10556A00F3D812544D7EDDAB90\MQL4\Files\RSI_Advanced_Logs C:\Users\Administrator\AppData\Roaming\MetaQuotes\Terminal\2191F4A3D14D7B4B1EBB84F924777883\MQL4\Files\RSI_Advanced_Logs C:\Users\Administrator\AppData\Roaming\MetaQuotes\Terminal\6F841180CC7A5B4E481813CAFF4002B0\MQL4\Files\RSI_Advanced_Logs...
2026-07-08 20:08:43,370 [INFO]   train: ============================================================
2026-07-08 20:08:43,370 [INFO]   train: Training model: EURUSDc_H1
2026-07-08 20:08:43,370 [INFO]   train: ============================================================
2026-07-08 20:08:43,370 [INFO]   train: Loading CSVs from 5 director(ies)
2026-07-08 20:08:43,370 [INFO]   train: Filter: symbol=EURUSDc
2026-07-08 20:08:43,370 [INFO]   train: Filter: tf=H1
2026-07-08 20:08:43,370 [INFO]   train: Signals: 57 rows
2026-07-08 20:08:43,370 [INFO]   train: Scoring: 1 rows
2026-07-08 20:08:43,370 [INFO]   train: Outcomes: 107 rows
2026-07-08 20:08:43,370 [INFO]   train: Resolved outcomes: 47
2026-07-08 20:08:43,370 [INFO]   train: Merged (joined): 47 rows
2026-07-08 20:08:43,370 [INFO]   train: SKIP: Only 47 resolved signals for EURUSDc_H1. Need 150.
2026-07-08 20:08:43,370 [INFO]   train: {
2026-07-08 20:08:43,370 [INFO]   train: "symbol": "EURUSDc",
2026-07-08 20:08:43,370 [INFO]   train: "tf": "H1",
2026-07-08 20:08:43,370 [INFO]   train: "status": "skip",
2026-07-08 20:08:43,370 [INFO]   train: "signals": 47,
2026-07-08 20:08:43,370 [INFO]   train: "message": "Only 47 resolved signals for EURUSDc_H1. Need 150."
2026-07-08 20:08:43,370 [INFO]   train: }
2026-07-08 20:08:43,370 [INFO]   EURUSDc_H1: PASS Brier=?, AUC=?
2026-07-08 20:08:43,370 [INFO]   EURUSDc_H4: will train — forced
2026-07-08 20:08:43,370 [INFO] Training EURUSDc H4...
2026-07-08 20:08:43,370 [DEBUG] Command: C:\Users\Administrator\AppData\Local\Programs\Python\Python314\pythonw.exe D:\Thanh\Forex\RSI_Advanced\tools\rsi_xgboost_train.py --data-dir C:\Users\Administrator\AppData\Roaming\MetaQuotes\Terminal\3773AE10556A00F3D812544D7EDDAB90\MQL4\Files\RSI_Advanced_Logs C:\Users\Administrator\AppData\Roaming\MetaQuotes\Terminal\2191F4A3D14D7B4B1EBB84F924777883\MQL4\Files\RSI_Advanced_Logs C:\Users\Administrator\AppData\Roaming\MetaQuotes\Terminal\6F841180CC7A5B4E481813CAFF4002B0\MQL4\Files\RSI_Advanced_Logs...
2026-07-08 20:08:45,117 [INFO]   train: ============================================================
2026-07-08 20:08:45,117 [INFO]   train: Training model: EURUSDc_H4
2026-07-08 20:08:45,117 [INFO]   train: ============================================================
2026-07-08 20:08:45,117 [INFO]   train: Loading CSVs from 5 director(ies)
2026-07-08 20:08:45,117 [INFO]   train: Filter: symbol=EURUSDc
2026-07-08 20:08:45,117 [INFO]   train: Filter: tf=H4
2026-07-08 20:08:45,117 [INFO]   train: Signals: 99 rows
2026-07-08 20:08:45,117 [INFO]   train: Scoring: 3 rows
2026-07-08 20:08:45,117 [INFO]   train: Outcomes: 196 rows
2026-07-08 20:08:45,117 [INFO]   train: Resolved outcomes: 97
2026-07-08 20:08:45,117 [INFO]   train: Merged (joined): 97 rows
2026-07-08 20:08:45,117 [INFO]   train: SKIP: Only 97 resolved signals for EURUSDc_H4. Need 150.
2026-07-08 20:08:45,117 [INFO]   train: {
2026-07-08 20:08:45,117 [INFO]   train: "symbol": "EURUSDc",
2026-07-08 20:08:45,117 [INFO]   train: "tf": "H4",
2026-07-08 20:08:45,117 [INFO]   train: "status": "skip",
2026-07-08 20:08:45,117 [INFO]   train: "signals": 97,
2026-07-08 20:08:45,117 [INFO]   train: "message": "Only 97 resolved signals for EURUSDc_H4. Need 150."
2026-07-08 20:08:45,117 [INFO]   train: }
2026-07-08 20:08:45,117 [INFO]   EURUSDc_H4: PASS Brier=?, AUC=?
2026-07-08 20:08:45,117 [INFO]   EURUSDc_M15: will train — forced
2026-07-08 20:08:45,117 [INFO] Training EURUSDc M15...
2026-07-08 20:08:45,117 [DEBUG] Command: C:\Users\Administrator\AppData\Local\Programs\Python\Python314\pythonw.exe D:\Thanh\Forex\RSI_Advanced\tools\rsi_xgboost_train.py --data-dir C:\Users\Administrator\AppData\Roaming\MetaQuotes\Terminal\3773AE10556A00F3D812544D7EDDAB90\MQL4\Files\RSI_Advanced_Logs C:\Users\Administrator\AppData\Roaming\MetaQuotes\Terminal\2191F4A3D14D7B4B1EBB84F924777883\MQL4\Files\RSI_Advanced_Logs C:\Users\Administrator\AppData\Roaming\MetaQuotes\Terminal\6F841180CC7A5B4E481813CAFF4002B0\MQL4\Files\RSI_Advanced_Logs...
2026-07-08 20:08:45,117 [INFO]   train: ============================================================
2026-07-08 20:08:45,117 [INFO]   train: Training model: EURUSDc_H4
2026-07-08 20:08:45,117 [INFO]   train: ============================================================
2026-07-08 20:08:45,118 [INFO]   train: Loading CSVs from 5 director(ies)
2026-07-08 20:08:45,118 [INFO]   train: Filter: symbol=EURUSDc
2026-07-08 20:08:45,118 [INFO]   train: Filter: tf=H4
2026-07-08 20:08:45,118 [INFO]   train: Signals: 99 rows
2026-07-08 20:08:45,118 [INFO]   train: Scoring: 3 rows
2026-07-08 20:08:45,118 [INFO]   train: Outcomes: 196 rows
2026-07-08 20:08:45,118 [INFO]   train: Resolved outcomes: 97
2026-07-08 20:08:45,118 [INFO]   train: Merged (joined): 97 rows
2026-07-08 20:08:45,118 [INFO]   train: SKIP: Only 97 resolved signals for EURUSDc_H4. Need 150.
2026-07-08 20:08:45,118 [INFO]   train: {
2026-07-08 20:08:45,118 [INFO]   train: "symbol": "EURUSDc",
2026-07-08 20:08:45,118 [INFO]   train: "tf": "H4",
2026-07-08 20:08:45,118 [INFO]   train: "status": "skip",
2026-07-08 20:08:45,118 [INFO]   train: "signals": 97,
2026-07-08 20:08:45,118 [INFO]   train: "message": "Only 97 resolved signals for EURUSDc_H4. Need 150."
2026-07-08 20:08:45,118 [INFO]   train: }
2026-07-08 20:08:45,118 [INFO]   EURUSDc_H4: PASS Brier=?, AUC=?
2026-07-08 20:08:45,118 [INFO]   EURUSDc_M15: will train — forced
2026-07-08 20:08:45,118 [INFO] Training EURUSDc M15...
2026-07-08 20:08:45,118 [DEBUG] Command: C:\Users\Administrator\AppData\Local\Programs\Python\Python314\pythonw.exe D:\Thanh\Forex\RSI_Advanced\tools\rsi_xgboost_train.py --data-dir C:\Users\Administrator\AppData\Roaming\MetaQuotes\Terminal\3773AE10556A00F3D812544D7EDDAB90\MQL4\Files\RSI_Advanced_Logs C:\Users\Administrator\AppData\Roaming\MetaQuotes\Terminal\2191F4A3D14D7B4B1EBB84F924777883\MQL4\Files\RSI_Advanced_Logs C:\Users\Administrator\AppData\Roaming\MetaQuotes\Terminal\6F841180CC7A5B4E481813CAFF4002B0\MQL4\Files\RSI_Advanced_Logs...
2026-07-08 20:08:46,823 [INFO]   train: ============================================================
2026-07-08 20:08:46,823 [INFO]   train: Training model: EURUSDc_M15
2026-07-08 20:08:46,823 [INFO]   train: ============================================================
2026-07-08 20:08:46,823 [INFO]   train: Loading CSVs from 5 director(ies)
2026-07-08 20:08:46,823 [INFO]   train: Filter: symbol=EURUSDc
2026-07-08 20:08:46,823 [INFO]   train: Filter: tf=M15
2026-07-08 20:08:46,823 [INFO]   train: Signals: 99 rows
2026-07-08 20:08:46,823 [INFO]   train: Scoring: 1 rows
2026-07-08 20:08:46,823 [INFO]   train: Outcomes: 99 rows
2026-07-08 20:08:46,823 [INFO]   train: Resolved outcomes: 0
2026-07-08 20:08:46,823 [INFO]   train: Merged (joined): 0 rows
2026-07-08 20:08:46,823 [INFO]   train: SKIP: Only 0 resolved signals for EURUSDc_M15. Need 150.
2026-07-08 20:08:46,823 [INFO]   train: {
2026-07-08 20:08:46,823 [INFO]   train: "symbol": "EURUSDc",
2026-07-08 20:08:46,823 [INFO]   train: "tf": "M15",
2026-07-08 20:08:46,823 [INFO]   train: "status": "skip",
2026-07-08 20:08:46,823 [INFO]   train: "signals": 0,
2026-07-08 20:08:46,823 [INFO]   train: "message": "Only 0 resolved signals for EURUSDc_M15. Need 150."
2026-07-08 20:08:46,823 [INFO]   train: }
2026-07-08 20:08:46,823 [INFO]   EURUSDc_M15: PASS Brier=?, AUC=?
2026-07-08 20:08:46,823 [INFO]   EURUSDc_M30: will train — forced
2026-07-08 20:08:46,823 [INFO] Training EURUSDc M30...
2026-07-08 20:08:46,823 [DEBUG] Command: C:\Users\Administrator\AppData\Local\Programs\Python\Python314\pythonw.exe D:\Thanh\Forex\RSI_Advanced\tools\rsi_xgboost_train.py --data-dir C:\Users\Administrator\AppData\Roaming\MetaQuotes\Terminal\3773AE10556A00F3D812544D7EDDAB90\MQL4\Files\RSI_Advanced_Logs C:\Users\Administrator\AppData\Roaming\MetaQuotes\Terminal\2191F4A3D14D7B4B1EBB84F924777883\MQL4\Files\RSI_Advanced_Logs C:\Users\Administrator\AppData\Roaming\MetaQuotes\Terminal\6F841180CC7A5B4E481813CAFF4002B0\MQL4\Files\RSI_Advanced_Logs...
2026-07-08 20:08:46,823 [INFO]   train: ============================================================
2026-07-08 20:08:46,823 [INFO]   train: Training model: EURUSDc_M15
2026-07-08 20:08:46,823 [INFO]   train: ============================================================
2026-07-08 20:08:46,823 [INFO]   train: Loading CSVs from 5 director(ies)
2026-07-08 20:08:46,823 [INFO]   train: Filter: symbol=EURUSDc
2026-07-08 20:08:46,823 [INFO]   train: Filter: tf=M15
2026-07-08 20:08:46,824 [INFO]   train: Signals: 99 rows
2026-07-08 20:08:46,824 [INFO]   train: Scoring: 1 rows
2026-07-08 20:08:46,824 [INFO]   train: Outcomes: 99 rows
2026-07-08 20:08:46,824 [INFO]   train: Resolved outcomes: 0
2026-07-08 20:08:46,824 [INFO]   train: Merged (joined): 0 rows
2026-07-08 20:08:46,824 [INFO]   train: SKIP: Only 0 resolved signals for EURUSDc_M15. Need 150.
2026-07-08 20:08:46,824 [INFO]   train: {
2026-07-08 20:08:46,824 [INFO]   train: "symbol": "EURUSDc",
2026-07-08 20:08:46,824 [INFO]   train: "tf": "M15",
2026-07-08 20:08:46,824 [INFO]   train: "status": "skip",
2026-07-08 20:08:46,824 [INFO]   train: "signals": 0,
2026-07-08 20:08:46,824 [INFO]   train: "message": "Only 0 resolved signals for EURUSDc_M15. Need 150."
2026-07-08 20:08:46,824 [INFO]   train: }
2026-07-08 20:08:46,824 [INFO]   EURUSDc_M15: PASS Brier=?, AUC=?
2026-07-08 20:08:46,824 [INFO]   EURUSDc_M30: will train — forced
2026-07-08 20:08:46,824 [INFO] Training EURUSDc M30...
2026-07-08 20:08:46,824 [DEBUG] Command: C:\Users\Administrator\AppData\Local\Programs\Python\Python314\pythonw.exe D:\Thanh\Forex\RSI_Advanced\tools\rsi_xgboost_train.py --data-dir C:\Users\Administrator\AppData\Roaming\MetaQuotes\Terminal\3773AE10556A00F3D812544D7EDDAB90\MQL4\Files\RSI_Advanced_Logs C:\Users\Administrator\AppData\Roaming\MetaQuotes\Terminal\2191F4A3D14D7B4B1EBB84F924777883\MQL4\Files\RSI_Advanced_Logs C:\Users\Administrator\AppData\Roaming\MetaQuotes\Terminal\6F841180CC7A5B4E481813CAFF4002B0\MQL4\Files\RSI_Advanced_Logs...
2026-07-08 20:08:48,507 [INFO]   train: ============================================================
2026-07-08 20:08:48,507 [INFO]   train: Training model: EURUSDc_M30
2026-07-08 20:08:48,507 [INFO]   train: ============================================================
2026-07-08 20:08:48,507 [INFO]   train: Loading CSVs from 5 director(ies)
2026-07-08 20:08:48,508 [INFO]   train: Filter: symbol=EURUSDc
2026-07-08 20:08:48,508 [INFO]   train: Filter: tf=M30
2026-07-08 20:08:48,508 [INFO]   train: Signals: 124 rows
2026-07-08 20:08:48,508 [INFO]   train: Scoring: 1 rows
2026-07-08 20:08:48,508 [INFO]   train: Outcomes: 124 rows
2026-07-08 20:08:48,508 [INFO]   train: Resolved outcomes: 0
2026-07-08 20:08:48,508 [INFO]   train: Merged (joined): 0 rows
2026-07-08 20:08:48,508 [INFO]   train: SKIP: Only 0 resolved signals for EURUSDc_M30. Need 150.
2026-07-08 20:08:48,508 [INFO]   train: {
2026-07-08 20:08:48,508 [INFO]   train: "symbol": "EURUSDc",
2026-07-08 20:08:48,508 [INFO]   train: "tf": "M30",
2026-07-08 20:08:48,508 [INFO]   train: "status": "skip",
2026-07-08 20:08:48,508 [INFO]   train: "signals": 0,
2026-07-08 20:08:48,508 [INFO]   train: "message": "Only 0 resolved signals for EURUSDc_M30. Need 150."
2026-07-08 20:08:48,508 [INFO]   train: }
2026-07-08 20:08:48,508 [INFO]   EURUSDc_M30: PASS Brier=?, AUC=?
2026-07-08 20:08:48,508 [INFO]   XAUUSD_D1: will train — forced
2026-07-08 20:08:48,508 [INFO] Training XAUUSD D1...
2026-07-08 20:08:48,508 [DEBUG] Command: C:\Users\Administrator\AppData\Local\Programs\Python\Python314\pythonw.exe D:\Thanh\Forex\RSI_Advanced\tools\rsi_xgboost_train.py --data-dir C:\Users\Administrator\AppData\Roaming\MetaQuotes\Terminal\3773AE10556A00F3D812544D7EDDAB90\MQL4\Files\RSI_Advanced_Logs C:\Users\Administrator\AppData\Roaming\MetaQuotes\Terminal\2191F4A3D14D7B4B1EBB84F924777883\MQL4\Files\RSI_Advanced_Logs C:\Users\Administrator\AppData\Roaming\MetaQuotes\Terminal\6F841180CC7A5B4E481813CAFF4002B0\MQL4\Files\RSI_Advanced_Logs...
2026-07-08 20:08:48,507 [INFO]   train: ============================================================
2026-07-08 20:08:48,508 [INFO]   train: Training model: EURUSDc_M30
2026-07-08 20:08:48,508 [INFO]   train: ============================================================
2026-07-08 20:08:48,508 [INFO]   train: Loading CSVs from 5 director(ies)
2026-07-08 20:08:48,508 [INFO]   train: Filter: symbol=EURUSDc
2026-07-08 20:08:48,508 [INFO]   train: Filter: tf=M30
2026-07-08 20:08:48,508 [INFO]   train: Signals: 124 rows
2026-07-08 20:08:48,508 [INFO]   train: Scoring: 1 rows
2026-07-08 20:08:48,508 [INFO]   train: Outcomes: 124 rows
2026-07-08 20:08:48,508 [INFO]   train: Resolved outcomes: 0
2026-07-08 20:08:48,508 [INFO]   train: Merged (joined): 0 rows
2026-07-08 20:08:48,508 [INFO]   train: SKIP: Only 0 resolved signals for EURUSDc_M30. Need 150.
2026-07-08 20:08:48,508 [INFO]   train: {
2026-07-08 20:08:48,508 [INFO]   train: "symbol": "EURUSDc",
2026-07-08 20:08:48,509 [INFO]   train: "tf": "M30",
2026-07-08 20:08:48,509 [INFO]   train: "status": "skip",
2026-07-08 20:08:48,509 [INFO]   train: "signals": 0,
2026-07-08 20:08:48,509 [INFO]   train: "message": "Only 0 resolved signals for EURUSDc_M30. Need 150."
2026-07-08 20:08:48,509 [INFO]   train: }
2026-07-08 20:08:48,509 [INFO]   EURUSDc_M30: PASS Brier=?, AUC=?
2026-07-08 20:08:48,509 [INFO]   XAUUSD_D1: will train — forced
2026-07-08 20:08:48,509 [INFO] Training XAUUSD D1...
2026-07-08 20:08:48,509 [DEBUG] Command: C:\Users\Administrator\AppData\Local\Programs\Python\Python314\pythonw.exe D:\Thanh\Forex\RSI_Advanced\tools\rsi_xgboost_train.py --data-dir C:\Users\Administrator\AppData\Roaming\MetaQuotes\Terminal\3773AE10556A00F3D812544D7EDDAB90\MQL4\Files\RSI_Advanced_Logs C:\Users\Administrator\AppData\Roaming\MetaQuotes\Terminal\2191F4A3D14D7B4B1EBB84F924777883\MQL4\Files\RSI_Advanced_Logs C:\Users\Administrator\AppData\Roaming\MetaQuotes\Terminal\6F841180CC7A5B4E481813CAFF4002B0\MQL4\Files\RSI_Advanced_Logs...
2026-07-08 20:08:50,224 [INFO]   train: ============================================================
2026-07-08 20:08:50,224 [INFO]   train: Training model: XAUUSD_D1
2026-07-08 20:08:50,224 [INFO]   train: ============================================================
2026-07-08 20:08:50,224 [INFO]   train: Loading CSVs from 5 director(ies)
2026-07-08 20:08:50,224 [INFO]   train: Filter: symbol=XAUUSD
2026-07-08 20:08:50,224 [INFO]   train: Filter: tf=D1
2026-07-08 20:08:50,224 [INFO]   train: Signals: 133 rows
2026-07-08 20:08:50,224 [INFO]   train: Scoring: 2 rows
2026-07-08 20:08:50,224 [INFO]   train: Outcomes: 177 rows
2026-07-08 20:08:50,224 [INFO]   train: Resolved outcomes: 41
2026-07-08 20:08:50,224 [INFO]   train: Merged (joined): 41 rows
2026-07-08 20:08:50,224 [INFO]   train: SKIP: Only 41 resolved signals for XAUUSD_D1. Need 150.
2026-07-08 20:08:50,224 [INFO]   train: {
2026-07-08 20:08:50,224 [INFO]   train: "symbol": "XAUUSD",
2026-07-08 20:08:50,224 [INFO]   train: "tf": "D1",
2026-07-08 20:08:50,224 [INFO]   train: "status": "skip",
2026-07-08 20:08:50,224 [INFO]   train: "signals": 41,
2026-07-08 20:08:50,224 [INFO]   train: "message": "Only 41 resolved signals for XAUUSD_D1. Need 150."
2026-07-08 20:08:50,224 [INFO]   train: }
2026-07-08 20:08:50,224 [INFO]   XAUUSD_D1: PASS Brier=?, AUC=?
2026-07-08 20:08:50,224 [INFO]   XAUUSD_H1: will train — forced
2026-07-08 20:08:50,224 [INFO] Training XAUUSD H1...
2026-07-08 20:08:50,224 [DEBUG] Command: C:\Users\Administrator\AppData\Local\Programs\Python\Python314\pythonw.exe D:\Thanh\Forex\RSI_Advanced\tools\rsi_xgboost_train.py --data-dir C:\Users\Administrator\AppData\Roaming\MetaQuotes\Terminal\3773AE10556A00F3D812544D7EDDAB90\MQL4\Files\RSI_Advanced_Logs C:\Users\Administrator\AppData\Roaming\MetaQuotes\Terminal\2191F4A3D14D7B4B1EBB84F924777883\MQL4\Files\RSI_Advanced_Logs C:\Users\Administrator\AppData\Roaming\MetaQuotes\Terminal\6F841180CC7A5B4E481813CAFF4002B0\MQL4\Files\RSI_Advanced_Logs...
2026-07-08 20:08:50,224 [INFO]   train: ============================================================
2026-07-08 20:08:50,224 [INFO]   train: Training model: XAUUSD_D1
2026-07-08 20:08:50,224 [INFO]   train: ============================================================
2026-07-08 20:08:50,224 [INFO]   train: Loading CSVs from 5 director(ies)
2026-07-08 20:08:50,224 [INFO]   train: Filter: symbol=XAUUSD
2026-07-08 20:08:50,224 [INFO]   train: Filter: tf=D1
2026-07-08 20:08:50,224 [INFO]   train: Signals: 133 rows
2026-07-08 20:08:50,225 [INFO]   train: Scoring: 2 rows
2026-07-08 20:08:50,225 [INFO]   train: Outcomes: 177 rows
2026-07-08 20:08:50,225 [INFO]   train: Resolved outcomes: 41
2026-07-08 20:08:50,225 [INFO]   train: Merged (joined): 41 rows
2026-07-08 20:08:50,225 [INFO]   train: SKIP: Only 41 resolved signals for XAUUSD_D1. Need 150.
2026-07-08 20:08:50,225 [INFO]   train: {
2026-07-08 20:08:50,225 [INFO]   train: "symbol": "XAUUSD",
2026-07-08 20:08:50,225 [INFO]   train: "tf": "D1",
2026-07-08 20:08:50,225 [INFO]   train: "status": "skip",
2026-07-08 20:08:50,225 [INFO]   train: "signals": 41,
2026-07-08 20:08:50,225 [INFO]   train: "message": "Only 41 resolved signals for XAUUSD_D1. Need 150."
2026-07-08 20:08:50,225 [INFO]   train: }
2026-07-08 20:08:50,225 [INFO]   XAUUSD_D1: PASS Brier=?, AUC=?
2026-07-08 20:08:50,225 [INFO]   XAUUSD_H1: will train — forced
2026-07-08 20:08:50,225 [INFO] Training XAUUSD H1...
2026-07-08 20:08:50,225 [DEBUG] Command: C:\Users\Administrator\AppData\Local\Programs\Python\Python314\pythonw.exe D:\Thanh\Forex\RSI_Advanced\tools\rsi_xgboost_train.py --data-dir C:\Users\Administrator\AppData\Roaming\MetaQuotes\Terminal\3773AE10556A00F3D812544D7EDDAB90\MQL4\Files\RSI_Advanced_Logs C:\Users\Administrator\AppData\Roaming\MetaQuotes\Terminal\2191F4A3D14D7B4B1EBB84F924777883\MQL4\Files\RSI_Advanced_Logs C:\Users\Administrator\AppData\Roaming\MetaQuotes\Terminal\6F841180CC7A5B4E481813CAFF4002B0\MQL4\Files\RSI_Advanced_Logs...
2026-07-08 20:08:51,977 [INFO]   train: ============================================================
2026-07-08 20:08:51,977 [INFO]   train: Training model: XAUUSD_H1
2026-07-08 20:08:51,977 [INFO]   train: ============================================================
2026-07-08 20:08:51,977 [INFO]   train: Loading CSVs from 5 director(ies)
2026-07-08 20:08:51,977 [INFO]   train: Filter: symbol=XAUUSD
2026-07-08 20:08:51,977 [INFO]   train: Filter: tf=H1
2026-07-08 20:08:51,977 [INFO]   train: Signals: 358 rows
2026-07-08 20:08:51,977 [INFO]   train: Scoring: 16 rows
2026-07-08 20:08:51,977 [INFO]   train: Outcomes: 372 rows
2026-07-08 20:08:51,977 [INFO]   train: Resolved outcomes: 6
2026-07-08 20:08:51,978 [INFO]   train: Merged (joined): 6 rows
2026-07-08 20:08:51,978 [INFO]   train: SKIP: Only 6 resolved signals for XAUUSD_H1. Need 150.
2026-07-08 20:08:51,978 [INFO]   train: {
2026-07-08 20:08:51,978 [INFO]   train: "symbol": "XAUUSD",
2026-07-08 20:08:51,978 [INFO]   train: "tf": "H1",
2026-07-08 20:08:51,978 [INFO]   train: "status": "skip",
2026-07-08 20:08:51,978 [INFO]   train: "signals": 6,
2026-07-08 20:08:51,978 [INFO]   train: "message": "Only 6 resolved signals for XAUUSD_H1. Need 150."
2026-07-08 20:08:51,978 [INFO]   train: }
2026-07-08 20:08:51,978 [INFO]   XAUUSD_H1: PASS Brier=?, AUC=?
2026-07-08 20:08:51,978 [INFO]   XAUUSD_H4: will train — forced
2026-07-08 20:08:51,978 [INFO] Training XAUUSD H4...
2026-07-08 20:08:51,978 [DEBUG] Command: C:\Users\Administrator\AppData\Local\Programs\Python\Python314\pythonw.exe D:\Thanh\Forex\RSI_Advanced\tools\rsi_xgboost_train.py --data-dir C:\Users\Administrator\AppData\Roaming\MetaQuotes\Terminal\3773AE10556A00F3D812544D7EDDAB90\MQL4\Files\RSI_Advanced_Logs C:\Users\Administrator\AppData\Roaming\MetaQuotes\Terminal\2191F4A3D14D7B4B1EBB84F924777883\MQL4\Files\RSI_Advanced_Logs C:\Users\Administrator\AppData\Roaming\MetaQuotes\Terminal\6F841180CC7A5B4E481813CAFF4002B0\MQL4\Files\RSI_Advanced_Logs...
2026-07-08 20:08:51,977 [INFO]   train: ============================================================
2026-07-08 20:08:51,978 [INFO]   train: Training model: XAUUSD_H1
2026-07-08 20:08:51,978 [INFO]   train: ============================================================
2026-07-08 20:08:51,978 [INFO]   train: Loading CSVs from 5 director(ies)
2026-07-08 20:08:51,978 [INFO]   train: Filter: symbol=XAUUSD
2026-07-08 20:08:51,978 [INFO]   train: Filter: tf=H1
2026-07-08 20:08:51,978 [INFO]   train: Signals: 358 rows
2026-07-08 20:08:51,978 [INFO]   train: Scoring: 16 rows
2026-07-08 20:08:51,978 [INFO]   train: Outcomes: 372 rows
2026-07-08 20:08:51,978 [INFO]   train: Resolved outcomes: 6
2026-07-08 20:08:51,978 [INFO]   train: Merged (joined): 6 rows
2026-07-08 20:08:51,978 [INFO]   train: SKIP: Only 6 resolved signals for XAUUSD_H1. Need 150.
2026-07-08 20:08:51,978 [INFO]   train: {
2026-07-08 20:08:51,978 [INFO]   train: "symbol": "XAUUSD",
2026-07-08 20:08:51,978 [INFO]   train: "tf": "H1",
2026-07-08 20:08:51,978 [INFO]   train: "status": "skip",
2026-07-08 20:08:51,978 [INFO]   train: "signals": 6,
2026-07-08 20:08:51,978 [INFO]   train: "message": "Only 6 resolved signals for XAUUSD_H1. Need 150."
2026-07-08 20:08:51,978 [INFO]   train: }
2026-07-08 20:08:51,978 [INFO]   XAUUSD_H1: PASS Brier=?, AUC=?
2026-07-08 20:08:51,978 [INFO]   XAUUSD_H4: will train — forced
2026-07-08 20:08:51,978 [INFO] Training XAUUSD H4...
2026-07-08 20:08:51,978 [DEBUG] Command: C:\Users\Administrator\AppData\Local\Programs\Python\Python314\pythonw.exe D:\Thanh\Forex\RSI_Advanced\tools\rsi_xgboost_train.py --data-dir C:\Users\Administrator\AppData\Roaming\MetaQuotes\Terminal\3773AE10556A00F3D812544D7EDDAB90\MQL4\Files\RSI_Advanced_Logs C:\Users\Administrator\AppData\Roaming\MetaQuotes\Terminal\2191F4A3D14D7B4B1EBB84F924777883\MQL4\Files\RSI_Advanced_Logs C:\Users\Administrator\AppData\Roaming\MetaQuotes\Terminal\6F841180CC7A5B4E481813CAFF4002B0\MQL4\Files\RSI_Advanced_Logs...
2026-07-08 20:08:53,621 [INFO]   train: ============================================================
2026-07-08 20:08:53,621 [INFO]   train: Training model: XAUUSD_H4
2026-07-08 20:08:53,621 [INFO]   train: ============================================================
2026-07-08 20:08:53,621 [INFO]   train: Loading CSVs from 5 director(ies)
2026-07-08 20:08:53,621 [INFO]   train: Filter: symbol=XAUUSD
2026-07-08 20:08:53,621 [INFO]   train: Filter: tf=H4
2026-07-08 20:08:53,621 [INFO]   train: Signals: 80 rows
2026-07-08 20:08:53,621 [INFO]   train: Scoring: 16 rows
2026-07-08 20:08:53,621 [INFO]   train: Outcomes: 154 rows
2026-07-08 20:08:53,621 [INFO]   train: Resolved outcomes: 74
2026-07-08 20:08:53,621 [INFO]   train: Merged (joined): 74 rows
2026-07-08 20:08:53,621 [INFO]   train: SKIP: Only 74 resolved signals for XAUUSD_H4. Need 150.
2026-07-08 20:08:53,621 [INFO]   train: {
2026-07-08 20:08:53,621 [INFO]   train: "symbol": "XAUUSD",
2026-07-08 20:08:53,621 [INFO]   train: "tf": "H4",
2026-07-08 20:08:53,621 [INFO]   train: "status": "skip",
2026-07-08 20:08:53,621 [INFO]   train: "signals": 74,
2026-07-08 20:08:53,621 [INFO]   train: "message": "Only 74 resolved signals for XAUUSD_H4. Need 150."
2026-07-08 20:08:53,621 [INFO]   train: }
2026-07-08 20:08:53,621 [INFO]   XAUUSD_H4: PASS Brier=?, AUC=?
2026-07-08 20:08:53,621 [INFO]   XAUUSD_M15: will train — forced
2026-07-08 20:08:53,621 [INFO] Training XAUUSD M15...
2026-07-08 20:08:53,621 [DEBUG] Command: C:\Users\Administrator\AppData\Local\Programs\Python\Python314\pythonw.exe D:\Thanh\Forex\RSI_Advanced\tools\rsi_xgboost_train.py --data-dir C:\Users\Administrator\AppData\Roaming\MetaQuotes\Terminal\3773AE10556A00F3D812544D7EDDAB90\MQL4\Files\RSI_Advanced_Logs C:\Users\Administrator\AppData\Roaming\MetaQuotes\Terminal\2191F4A3D14D7B4B1EBB84F924777883\MQL4\Files\RSI_Advanced_Logs C:\Users\Administrator\AppData\Roaming\MetaQuotes\Terminal\6F841180CC7A5B4E481813CAFF4002B0\MQL4\Files\RSI_Advanced_Logs...
2026-07-08 20:08:53,623 [INFO]   train: ============================================================
2026-07-08 20:08:53,623 [INFO]   train: Training model: XAUUSD_H4
2026-07-08 20:08:53,623 [INFO]   train: ============================================================
2026-07-08 20:08:53,623 [INFO]   train: Loading CSVs from 5 director(ies)
2026-07-08 20:08:53,623 [INFO]   train: Filter: symbol=XAUUSD
2026-07-08 20:08:53,623 [INFO]   train: Filter: tf=H4
2026-07-08 20:08:53,623 [INFO]   train: Signals: 80 rows
2026-07-08 20:08:53,623 [INFO]   train: Scoring: 16 rows
2026-07-08 20:08:53,623 [INFO]   train: Outcomes: 154 rows
2026-07-08 20:08:53,623 [INFO]   train: Resolved outcomes: 74
2026-07-08 20:08:53,623 [INFO]   train: Merged (joined): 74 rows
2026-07-08 20:08:53,623 [INFO]   train: SKIP: Only 74 resolved signals for XAUUSD_H4. Need 150.
2026-07-08 20:08:53,623 [INFO]   train: {
2026-07-08 20:08:53,623 [INFO]   train: "symbol": "XAUUSD",
2026-07-08 20:08:53,623 [INFO]   train: "tf": "H4",
2026-07-08 20:08:53,623 [INFO]   train: "status": "skip",
2026-07-08 20:08:53,623 [INFO]   train: "signals": 74,
2026-07-08 20:08:53,623 [INFO]   train: "message": "Only 74 resolved signals for XAUUSD_H4. Need 150."
2026-07-08 20:08:53,623 [INFO]   train: }
2026-07-08 20:08:53,623 [INFO]   XAUUSD_H4: PASS Brier=?, AUC=?
2026-07-08 20:08:53,623 [INFO]   XAUUSD_M15: will train — forced
2026-07-08 20:08:53,623 [INFO] Training XAUUSD M15...
2026-07-08 20:08:53,623 [DEBUG] Command: C:\Users\Administrator\AppData\Local\Programs\Python\Python314\pythonw.exe D:\Thanh\Forex\RSI_Advanced\tools\rsi_xgboost_train.py --data-dir C:\Users\Administrator\AppData\Roaming\MetaQuotes\Terminal\3773AE10556A00F3D812544D7EDDAB90\MQL4\Files\RSI_Advanced_Logs C:\Users\Administrator\AppData\Roaming\MetaQuotes\Terminal\2191F4A3D14D7B4B1EBB84F924777883\MQL4\Files\RSI_Advanced_Logs C:\Users\Administrator\AppData\Roaming\MetaQuotes\Terminal\6F841180CC7A5B4E481813CAFF4002B0\MQL4\Files\RSI_Advanced_Logs...
2026-07-08 20:08:55,305 [INFO]   train: ============================================================
2026-07-08 20:08:55,305 [INFO]   train: Training model: XAUUSD_M15
2026-07-08 20:08:55,305 [INFO]   train: ============================================================
2026-07-08 20:08:55,305 [INFO]   train: Loading CSVs from 5 director(ies)
2026-07-08 20:08:55,305 [INFO]   train: Filter: symbol=XAUUSD
2026-07-08 20:08:55,305 [INFO]   train: Filter: tf=M15
2026-07-08 20:08:55,305 [INFO]   train: Signals: 267 rows
2026-07-08 20:08:55,305 [INFO]   train: Scoring: 19 rows
2026-07-08 20:08:55,305 [INFO]   train: Outcomes: 375 rows
2026-07-08 20:08:55,305 [INFO]   train: Resolved outcomes: 100
2026-07-08 20:08:55,305 [INFO]   train: Merged (joined): 100 rows
2026-07-08 20:08:55,305 [INFO]   train: SKIP: Only 100 resolved signals for XAUUSD_M15. Need 150.
2026-07-08 20:08:55,305 [INFO]   train: {
2026-07-08 20:08:55,305 [INFO]   train: "symbol": "XAUUSD",
2026-07-08 20:08:55,305 [INFO]   train: "tf": "M15",
2026-07-08 20:08:55,305 [INFO]   train: "status": "skip",
2026-07-08 20:08:55,305 [INFO]   train: "signals": 100,
2026-07-08 20:08:55,305 [INFO]   train: "message": "Only 100 resolved signals for XAUUSD_M15. Need 150."
2026-07-08 20:08:55,305 [INFO]   train: }
2026-07-08 20:08:55,305 [INFO]   XAUUSD_M15: PASS Brier=?, AUC=?
2026-07-08 20:08:55,305 [INFO]   XAUUSD_M30: will train — forced
2026-07-08 20:08:55,305 [INFO] Training XAUUSD M30...
2026-07-08 20:08:55,305 [DEBUG] Command: C:\Users\Administrator\AppData\Local\Programs\Python\Python314\pythonw.exe D:\Thanh\Forex\RSI_Advanced\tools\rsi_xgboost_train.py --data-dir C:\Users\Administrator\AppData\Roaming\MetaQuotes\Terminal\3773AE10556A00F3D812544D7EDDAB90\MQL4\Files\RSI_Advanced_Logs C:\Users\Administrator\AppData\Roaming\MetaQuotes\Terminal\2191F4A3D14D7B4B1EBB84F924777883\MQL4\Files\RSI_Advanced_Logs C:\Users\Administrator\AppData\Roaming\MetaQuotes\Terminal\6F841180CC7A5B4E481813CAFF4002B0\MQL4\Files\RSI_Advanced_Logs...
2026-07-08 20:08:55,305 [INFO]   train: ============================================================
2026-07-08 20:08:55,305 [INFO]   train: Training model: XAUUSD_M15
2026-07-08 20:08:55,305 [INFO]   train: ============================================================
2026-07-08 20:08:55,305 [INFO]   train: Loading CSVs from 5 director(ies)
2026-07-08 20:08:55,306 [INFO]   train: Filter: symbol=XAUUSD
2026-07-08 20:08:55,306 [INFO]   train: Filter: tf=M15
2026-07-08 20:08:55,306 [INFO]   train: Signals: 267 rows
2026-07-08 20:08:55,306 [INFO]   train: Scoring: 19 rows
2026-07-08 20:08:55,306 [INFO]   train: Outcomes: 375 rows
2026-07-08 20:08:55,306 [INFO]   train: Resolved outcomes: 100
2026-07-08 20:08:55,306 [INFO]   train: Merged (joined): 100 rows
2026-07-08 20:08:55,306 [INFO]   train: SKIP: Only 100 resolved signals for XAUUSD_M15. Need 150.
2026-07-08 20:08:55,306 [INFO]   train: {
2026-07-08 20:08:55,306 [INFO]   train: "symbol": "XAUUSD",
2026-07-08 20:08:55,306 [INFO]   train: "tf": "M15",
2026-07-08 20:08:55,306 [INFO]   train: "status": "skip",
2026-07-08 20:08:55,306 [INFO]   train: "signals": 100,
2026-07-08 20:08:55,306 [INFO]   train: "message": "Only 100 resolved signals for XAUUSD_M15. Need 150."
2026-07-08 20:08:55,306 [INFO]   train: }
2026-07-08 20:08:55,306 [INFO]   XAUUSD_M15: PASS Brier=?, AUC=?
2026-07-08 20:08:55,306 [INFO]   XAUUSD_M30: will train — forced
2026-07-08 20:08:55,306 [INFO] Training XAUUSD M30...
2026-07-08 20:08:55,306 [DEBUG] Command: C:\Users\Administrator\AppData\Local\Programs\Python\Python314\pythonw.exe D:\Thanh\Forex\RSI_Advanced\tools\rsi_xgboost_train.py --data-dir C:\Users\Administrator\AppData\Roaming\MetaQuotes\Terminal\3773AE10556A00F3D812544D7EDDAB90\MQL4\Files\RSI_Advanced_Logs C:\Users\Administrator\AppData\Roaming\MetaQuotes\Terminal\2191F4A3D14D7B4B1EBB84F924777883\MQL4\Files\RSI_Advanced_Logs C:\Users\Administrator\AppData\Roaming\MetaQuotes\Terminal\6F841180CC7A5B4E481813CAFF4002B0\MQL4\Files\RSI_Advanced_Logs...
2026-07-08 20:08:56,995 [INFO]   train: ============================================================
2026-07-08 20:08:56,995 [INFO]   train: Training model: XAUUSD_M30
2026-07-08 20:08:56,995 [INFO]   train: ============================================================
2026-07-08 20:08:56,995 [INFO]   train: Loading CSVs from 5 director(ies)
2026-07-08 20:08:56,995 [INFO]   train: Filter: symbol=XAUUSD
2026-07-08 20:08:56,995 [INFO]   train: Filter: tf=M30
2026-07-08 20:08:56,995 [INFO]   train: Signals: 230 rows
2026-07-08 20:08:56,995 [INFO]   train: Scoring: 5 rows
2026-07-08 20:08:56,995 [INFO]   train: Outcomes: 299 rows
2026-07-08 20:08:56,995 [INFO]   train: Resolved outcomes: 69
2026-07-08 20:08:56,995 [INFO]   train: Merged (joined): 69 rows
2026-07-08 20:08:56,995 [INFO]   train: SKIP: Only 69 resolved signals for XAUUSD_M30. Need 150.
2026-07-08 20:08:56,995 [INFO]   train: {
2026-07-08 20:08:56,995 [INFO]   train: "symbol": "XAUUSD",
2026-07-08 20:08:56,995 [INFO]   train: "tf": "M30",
2026-07-08 20:08:56,995 [INFO]   train: "status": "skip",
2026-07-08 20:08:56,995 [INFO]   train: "signals": 69,
2026-07-08 20:08:56,995 [INFO]   train: "message": "Only 69 resolved signals for XAUUSD_M30. Need 150."
2026-07-08 20:08:56,995 [INFO]   train: }
2026-07-08 20:08:56,996 [INFO]   XAUUSD_M30: PASS Brier=?, AUC=?
2026-07-08 20:08:56,996 [INFO]   XAUUSD_M5: will train — forced
2026-07-08 20:08:56,996 [INFO] Training XAUUSD M5...
2026-07-08 20:08:56,996 [DEBUG] Command: C:\Users\Administrator\AppData\Local\Programs\Python\Python314\pythonw.exe D:\Thanh\Forex\RSI_Advanced\tools\rsi_xgboost_train.py --data-dir C:\Users\Administrator\AppData\Roaming\MetaQuotes\Terminal\3773AE10556A00F3D812544D7EDDAB90\MQL4\Files\RSI_Advanced_Logs C:\Users\Administrator\AppData\Roaming\MetaQuotes\Terminal\2191F4A3D14D7B4B1EBB84F924777883\MQL4\Files\RSI_Advanced_Logs C:\Users\Administrator\AppData\Roaming\MetaQuotes\Terminal\6F841180CC7A5B4E481813CAFF4002B0\MQL4\Files\RSI_Advanced_Logs...
2026-07-08 20:08:56,996 [INFO]   train: ============================================================
2026-07-08 20:08:56,996 [INFO]   train: Training model: XAUUSD_M30
2026-07-08 20:08:56,996 [INFO]   train: ============================================================
2026-07-08 20:08:56,996 [INFO]   train: Loading CSVs from 5 director(ies)
2026-07-08 20:08:56,996 [INFO]   train: Filter: symbol=XAUUSD
2026-07-08 20:08:56,996 [INFO]   train: Filter: tf=M30
2026-07-08 20:08:56,996 [INFO]   train: Signals: 230 rows
2026-07-08 20:08:56,996 [INFO]   train: Scoring: 5 rows
2026-07-08 20:08:56,996 [INFO]   train: Outcomes: 299 rows
2026-07-08 20:08:56,996 [INFO]   train: Resolved outcomes: 69
2026-07-08 20:08:56,996 [INFO]   train: Merged (joined): 69 rows
2026-07-08 20:08:56,996 [INFO]   train: SKIP: Only 69 resolved signals for XAUUSD_M30. Need 150.
2026-07-08 20:08:56,996 [INFO]   train: {
2026-07-08 20:08:56,996 [INFO]   train: "symbol": "XAUUSD",
2026-07-08 20:08:56,996 [INFO]   train: "tf": "M30",
2026-07-08 20:08:56,996 [INFO]   train: "status": "skip",
2026-07-08 20:08:56,996 [INFO]   train: "signals": 69,
2026-07-08 20:08:56,996 [INFO]   train: "message": "Only 69 resolved signals for XAUUSD_M30. Need 150."
2026-07-08 20:08:56,996 [INFO]   train: }
2026-07-08 20:08:56,996 [INFO]   XAUUSD_M30: PASS Brier=?, AUC=?
2026-07-08 20:08:56,997 [INFO]   XAUUSD_M5: will train — forced
2026-07-08 20:08:56,997 [INFO] Training XAUUSD M5...
2026-07-08 20:08:56,997 [DEBUG] Command: C:\Users\Administrator\AppData\Local\Programs\Python\Python314\pythonw.exe D:\Thanh\Forex\RSI_Advanced\tools\rsi_xgboost_train.py --data-dir C:\Users\Administrator\AppData\Roaming\MetaQuotes\Terminal\3773AE10556A00F3D812544D7EDDAB90\MQL4\Files\RSI_Advanced_Logs C:\Users\Administrator\AppData\Roaming\MetaQuotes\Terminal\2191F4A3D14D7B4B1EBB84F924777883\MQL4\Files\RSI_Advanced_Logs C:\Users\Administrator\AppData\Roaming\MetaQuotes\Terminal\6F841180CC7A5B4E481813CAFF4002B0\MQL4\Files\RSI_Advanced_Logs...
2026-07-08 20:08:58,727 [INFO]   train: ============================================================
2026-07-08 20:08:58,727 [INFO]   train: Training model: XAUUSD_M5
2026-07-08 20:08:58,727 [INFO]   train: ============================================================
2026-07-08 20:08:58,727 [INFO]   train: Loading CSVs from 5 director(ies)
2026-07-08 20:08:58,727 [INFO]   train: Filter: symbol=XAUUSD
2026-07-08 20:08:58,727 [INFO]   train: Filter: tf=M5
2026-07-08 20:08:58,727 [INFO]   train: Signals: 165 rows
2026-07-08 20:08:58,727 [INFO]   train: Scoring: 14 rows
2026-07-08 20:08:58,727 [INFO]   train: Outcomes: 252 rows
2026-07-08 20:08:58,727 [INFO]   train: Resolved outcomes: 59
2026-07-08 20:08:58,727 [INFO]   train: Merged (joined): 59 rows
2026-07-08 20:08:58,727 [INFO]   train: SKIP: Only 59 resolved signals for XAUUSD_M5. Need 150.
2026-07-08 20:08:58,727 [INFO]   train: {
2026-07-08 20:08:58,727 [INFO]   train: "symbol": "XAUUSD",
2026-07-08 20:08:58,728 [INFO]   train: "tf": "M5",
2026-07-08 20:08:58,728 [INFO]   train: "status": "skip",
2026-07-08 20:08:58,728 [INFO]   train: "signals": 59,
2026-07-08 20:08:58,728 [INFO]   train: "message": "Only 59 resolved signals for XAUUSD_M5. Need 150."
2026-07-08 20:08:58,728 [INFO]   train: }
2026-07-08 20:08:58,728 [INFO]   XAUUSD_M5: PASS Brier=?, AUC=?
2026-07-08 20:08:58,728 [INFO]   XAUUSDc_D1: will train — forced
2026-07-08 20:08:58,728 [INFO] Training XAUUSDc D1...
2026-07-08 20:08:58,728 [DEBUG] Command: C:\Users\Administrator\AppData\Local\Programs\Python\Python314\pythonw.exe D:\Thanh\Forex\RSI_Advanced\tools\rsi_xgboost_train.py --data-dir C:\Users\Administrator\AppData\Roaming\MetaQuotes\Terminal\3773AE10556A00F3D812544D7EDDAB90\MQL4\Files\RSI_Advanced_Logs C:\Users\Administrator\AppData\Roaming\MetaQuotes\Terminal\2191F4A3D14D7B4B1EBB84F924777883\MQL4\Files\RSI_Advanced_Logs C:\Users\Administrator\AppData\Roaming\MetaQuotes\Terminal\6F841180CC7A5B4E481813CAFF4002B0\MQL4\Files\RSI_Advanced_Logs...
2026-07-08 20:08:58,727 [INFO]   train: ============================================================
2026-07-08 20:08:58,728 [INFO]   train: Training model: XAUUSD_M5
2026-07-08 20:08:58,728 [INFO]   train: ============================================================
2026-07-08 20:08:58,728 [INFO]   train: Loading CSVs from 5 director(ies)
2026-07-08 20:08:58,728 [INFO]   train: Filter: symbol=XAUUSD
2026-07-08 20:08:58,728 [INFO]   train: Filter: tf=M5
2026-07-08 20:08:58,728 [INFO]   train: Signals: 165 rows
2026-07-08 20:08:58,728 [INFO]   train: Scoring: 14 rows
2026-07-08 20:08:58,728 [INFO]   train: Outcomes: 252 rows
2026-07-08 20:08:58,728 [INFO]   train: Resolved outcomes: 59
2026-07-08 20:08:58,728 [INFO]   train: Merged (joined): 59 rows
2026-07-08 20:08:58,728 [INFO]   train: SKIP: Only 59 resolved signals for XAUUSD_M5. Need 150.
2026-07-08 20:08:58,728 [INFO]   train: {
2026-07-08 20:08:58,728 [INFO]   train: "symbol": "XAUUSD",
2026-07-08 20:08:58,728 [INFO]   train: "tf": "M5",
2026-07-08 20:08:58,728 [INFO]   train: "status": "skip",
2026-07-08 20:08:58,728 [INFO]   train: "signals": 59,
2026-07-08 20:08:58,728 [INFO]   train: "message": "Only 59 resolved signals for XAUUSD_M5. Need 150."
2026-07-08 20:08:58,728 [INFO]   train: }
2026-07-08 20:08:58,728 [INFO]   XAUUSD_M5: PASS Brier=?, AUC=?
2026-07-08 20:08:58,728 [INFO]   XAUUSDc_D1: will train — forced
2026-07-08 20:08:58,728 [INFO] Training XAUUSDc D1...
2026-07-08 20:08:58,728 [DEBUG] Command: C:\Users\Administrator\AppData\Local\Programs\Python\Python314\pythonw.exe D:\Thanh\Forex\RSI_Advanced\tools\rsi_xgboost_train.py --data-dir C:\Users\Administrator\AppData\Roaming\MetaQuotes\Terminal\3773AE10556A00F3D812544D7EDDAB90\MQL4\Files\RSI_Advanced_Logs C:\Users\Administrator\AppData\Roaming\MetaQuotes\Terminal\2191F4A3D14D7B4B1EBB84F924777883\MQL4\Files\RSI_Advanced_Logs C:\Users\Administrator\AppData\Roaming\MetaQuotes\Terminal\6F841180CC7A5B4E481813CAFF4002B0\MQL4\Files\RSI_Advanced_Logs...
2026-07-08 20:09:00,453 [INFO]   train: ============================================================
2026-07-08 20:09:00,453 [INFO]   train: Training model: XAUUSDc_D1
2026-07-08 20:09:00,453 [INFO]   train: ============================================================
2026-07-08 20:09:00,453 [INFO]   train: Loading CSVs from 5 director(ies)
2026-07-08 20:09:00,453 [INFO]   train: Filter: symbol=XAUUSDc
2026-07-08 20:09:00,453 [INFO]   train: Filter: tf=D1
2026-07-08 20:09:00,453 [INFO]   train: Signals: 75 rows
2026-07-08 20:09:00,453 [INFO]   train: Scoring: 15 rows
2026-07-08 20:09:00,453 [INFO]   train: Outcomes: 134 rows
2026-07-08 20:09:00,453 [INFO]   train: Resolved outcomes: 59
2026-07-08 20:09:00,453 [INFO]   train: Merged (joined): 59 rows
2026-07-08 20:09:00,453 [INFO]   train: SKIP: Only 59 resolved signals for XAUUSDc_D1. Need 150.
2026-07-08 20:09:00,453 [INFO]   train: {
2026-07-08 20:09:00,454 [INFO]   train: "symbol": "XAUUSDc",
2026-07-08 20:09:00,454 [INFO]   train: "tf": "D1",
2026-07-08 20:09:00,454 [INFO]   train: "status": "skip",
2026-07-08 20:09:00,454 [INFO]   train: "signals": 59,
2026-07-08 20:09:00,454 [INFO]   train: "message": "Only 59 resolved signals for XAUUSDc_D1. Need 150."
2026-07-08 20:09:00,454 [INFO]   train: }
2026-07-08 20:09:00,454 [INFO]   XAUUSDc_D1: PASS Brier=?, AUC=?
2026-07-08 20:09:00,454 [INFO]   XAUUSDc_H1: will train — forced
2026-07-08 20:09:00,454 [INFO] Training XAUUSDc H1...
2026-07-08 20:09:00,454 [DEBUG] Command: C:\Users\Administrator\AppData\Local\Programs\Python\Python314\pythonw.exe D:\Thanh\Forex\RSI_Advanced\tools\rsi_xgboost_train.py --data-dir C:\Users\Administrator\AppData\Roaming\MetaQuotes\Terminal\3773AE10556A00F3D812544D7EDDAB90\MQL4\Files\RSI_Advanced_Logs C:\Users\Administrator\AppData\Roaming\MetaQuotes\Terminal\2191F4A3D14D7B4B1EBB84F924777883\MQL4\Files\RSI_Advanced_Logs C:\Users\Administrator\AppData\Roaming\MetaQuotes\Terminal\6F841180CC7A5B4E481813CAFF4002B0\MQL4\Files\RSI_Advanced_Logs...
2026-07-08 20:09:00,454 [INFO]   train: ============================================================
2026-07-08 20:09:00,454 [INFO]   train: Training model: XAUUSDc_D1
2026-07-08 20:09:00,454 [INFO]   train: ============================================================
2026-07-08 20:09:00,454 [INFO]   train: Loading CSVs from 5 director(ies)
2026-07-08 20:09:00,454 [INFO]   train: Filter: symbol=XAUUSDc
2026-07-08 20:09:00,454 [INFO]   train: Filter: tf=D1
2026-07-08 20:09:00,454 [INFO]   train: Signals: 75 rows
2026-07-08 20:09:00,454 [INFO]   train: Scoring: 15 rows
2026-07-08 20:09:00,454 [INFO]   train: Outcomes: 134 rows
2026-07-08 20:09:00,454 [INFO]   train: Resolved outcomes: 59
2026-07-08 20:09:00,454 [INFO]   train: Merged (joined): 59 rows
2026-07-08 20:09:00,454 [INFO]   train: SKIP: Only 59 resolved signals for XAUUSDc_D1. Need 150.
2026-07-08 20:09:00,454 [INFO]   train: {
2026-07-08 20:09:00,454 [INFO]   train: "symbol": "XAUUSDc",
2026-07-08 20:09:00,454 [INFO]   train: "tf": "D1",
2026-07-08 20:09:00,454 [INFO]   train: "status": "skip",
2026-07-08 20:09:00,454 [INFO]   train: "signals": 59,
2026-07-08 20:09:00,454 [INFO]   train: "message": "Only 59 resolved signals for XAUUSDc_D1. Need 150."
2026-07-08 20:09:00,454 [INFO]   train: }
2026-07-08 20:09:00,454 [INFO]   XAUUSDc_D1: PASS Brier=?, AUC=?
2026-07-08 20:09:00,454 [INFO]   XAUUSDc_H1: will train — forced
2026-07-08 20:09:00,454 [INFO] Training XAUUSDc H1...
2026-07-08 20:09:00,454 [DEBUG] Command: C:\Users\Administrator\AppData\Local\Programs\Python\Python314\pythonw.exe D:\Thanh\Forex\RSI_Advanced\tools\rsi_xgboost_train.py --data-dir C:\Users\Administrator\AppData\Roaming\MetaQuotes\Terminal\3773AE10556A00F3D812544D7EDDAB90\MQL4\Files\RSI_Advanced_Logs C:\Users\Administrator\AppData\Roaming\MetaQuotes\Terminal\2191F4A3D14D7B4B1EBB84F924777883\MQL4\Files\RSI_Advanced_Logs C:\Users\Administrator\AppData\Roaming\MetaQuotes\Terminal\6F841180CC7A5B4E481813CAFF4002B0\MQL4\Files\RSI_Advanced_Logs...
2026-07-08 20:09:02,118 [INFO]   train: ============================================================
2026-07-08 20:09:02,118 [INFO]   train: Training model: XAUUSDc_H1
2026-07-08 20:09:02,118 [INFO]   train: ============================================================
2026-07-08 20:09:02,118 [INFO]   train: Loading CSVs from 5 director(ies)
2026-07-08 20:09:02,118 [INFO]   train: Filter: symbol=XAUUSDc
2026-07-08 20:09:02,118 [INFO]   train: Filter: tf=H1
2026-07-08 20:09:02,118 [INFO]   train: Signals: 167 rows
2026-07-08 20:09:02,118 [INFO]   train: Scoring: 160 rows
2026-07-08 20:09:02,118 [INFO]   train: Outcomes: 243 rows
2026-07-08 20:09:02,118 [INFO]   train: Resolved outcomes: 76
2026-07-08 20:09:02,118 [INFO]   train: Merged (joined): 76 rows
2026-07-08 20:09:02,118 [INFO]   train: SKIP: Only 76 resolved signals for XAUUSDc_H1. Need 150.
2026-07-08 20:09:02,118 [INFO]   train: {
2026-07-08 20:09:02,118 [INFO]   train: "symbol": "XAUUSDc",
2026-07-08 20:09:02,118 [INFO]   train: "tf": "H1",
2026-07-08 20:09:02,118 [INFO]   train: "status": "skip",
2026-07-08 20:09:02,118 [INFO]   train: "signals": 76,
2026-07-08 20:09:02,118 [INFO]   train: "message": "Only 76 resolved signals for XAUUSDc_H1. Need 150."
2026-07-08 20:09:02,118 [INFO]   train: }
2026-07-08 20:09:02,118 [INFO]   XAUUSDc_H1: PASS Brier=?, AUC=?
2026-07-08 20:09:02,118 [INFO]   XAUUSDc_H4: will train — forced
2026-07-08 20:09:02,118 [INFO] Training XAUUSDc H4...
2026-07-08 20:09:02,118 [DEBUG] Command: C:\Users\Administrator\AppData\Local\Programs\Python\Python314\pythonw.exe D:\Thanh\Forex\RSI_Advanced\tools\rsi_xgboost_train.py --data-dir C:\Users\Administrator\AppData\Roaming\MetaQuotes\Terminal\3773AE10556A00F3D812544D7EDDAB90\MQL4\Files\RSI_Advanced_Logs C:\Users\Administrator\AppData\Roaming\MetaQuotes\Terminal\2191F4A3D14D7B4B1EBB84F924777883\MQL4\Files\RSI_Advanced_Logs C:\Users\Administrator\AppData\Roaming\MetaQuotes\Terminal\6F841180CC7A5B4E481813CAFF4002B0\MQL4\Files\RSI_Advanced_Logs...
2026-07-08 20:09:02,118 [INFO]   train: ============================================================
2026-07-08 20:09:02,118 [INFO]   train: Training model: XAUUSDc_H1
2026-07-08 20:09:02,119 [INFO]   train: ============================================================
2026-07-08 20:09:02,119 [INFO]   train: Loading CSVs from 5 director(ies)
2026-07-08 20:09:02,119 [INFO]   train: Filter: symbol=XAUUSDc
2026-07-08 20:09:02,119 [INFO]   train: Filter: tf=H1
2026-07-08 20:09:02,119 [INFO]   train: Signals: 167 rows
2026-07-08 20:09:02,119 [INFO]   train: Scoring: 160 rows
2026-07-08 20:09:02,119 [INFO]   train: Outcomes: 243 rows
2026-07-08 20:09:02,119 [INFO]   train: Resolved outcomes: 76
2026-07-08 20:09:02,119 [INFO]   train: Merged (joined): 76 rows
2026-07-08 20:09:02,119 [INFO]   train: SKIP: Only 76 resolved signals for XAUUSDc_H1. Need 150.
2026-07-08 20:09:02,119 [INFO]   train: {
2026-07-08 20:09:02,119 [INFO]   train: "symbol": "XAUUSDc",
2026-07-08 20:09:02,119 [INFO]   train: "tf": "H1",
2026-07-08 20:09:02,119 [INFO]   train: "status": "skip",
2026-07-08 20:09:02,119 [INFO]   train: "signals": 76,
2026-07-08 20:09:02,119 [INFO]   train: "message": "Only 76 resolved signals for XAUUSDc_H1. Need 150."
2026-07-08 20:09:02,119 [INFO]   train: }
2026-07-08 20:09:02,119 [INFO]   XAUUSDc_H1: PASS Brier=?, AUC=?
2026-07-08 20:09:02,119 [INFO]   XAUUSDc_H4: will train — forced
2026-07-08 20:09:02,119 [INFO] Training XAUUSDc H4...
2026-07-08 20:09:02,119 [DEBUG] Command: C:\Users\Administrator\AppData\Local\Programs\Python\Python314\pythonw.exe D:\Thanh\Forex\RSI_Advanced\tools\rsi_xgboost_train.py --data-dir C:\Users\Administrator\AppData\Roaming\MetaQuotes\Terminal\3773AE10556A00F3D812544D7EDDAB90\MQL4\Files\RSI_Advanced_Logs C:\Users\Administrator\AppData\Roaming\MetaQuotes\Terminal\2191F4A3D14D7B4B1EBB84F924777883\MQL4\Files\RSI_Advanced_Logs C:\Users\Administrator\AppData\Roaming\MetaQuotes\Terminal\6F841180CC7A5B4E481813CAFF4002B0\MQL4\Files\RSI_Advanced_Logs...
2026-07-08 20:09:03,829 [INFO]   train: ============================================================
2026-07-08 20:09:03,829 [INFO]   train: Training model: XAUUSDc_H4
2026-07-08 20:09:03,829 [INFO]   train: ============================================================
2026-07-08 20:09:03,829 [INFO]   train: Loading CSVs from 5 director(ies)
2026-07-08 20:09:03,829 [INFO]   train: Filter: symbol=XAUUSDc
2026-07-08 20:09:03,829 [INFO]   train: Filter: tf=H4
2026-07-08 20:09:03,829 [INFO]   train: Signals: 117 rows
2026-07-08 20:09:03,829 [INFO]   train: Scoring: 56 rows
2026-07-08 20:09:03,829 [INFO]   train: Outcomes: 196 rows
2026-07-08 20:09:03,829 [INFO]   train: Resolved outcomes: 79
2026-07-08 20:09:03,829 [INFO]   train: Merged (joined): 79 rows
2026-07-08 20:09:03,829 [INFO]   train: SKIP: Only 79 resolved signals for XAUUSDc_H4. Need 150.
2026-07-08 20:09:03,829 [INFO]   train: {
2026-07-08 20:09:03,829 [INFO]   train: "symbol": "XAUUSDc",
2026-07-08 20:09:03,829 [INFO]   train: "tf": "H4",
2026-07-08 20:09:03,829 [INFO]   train: "status": "skip",
2026-07-08 20:09:03,829 [INFO]   train: "signals": 79,
2026-07-08 20:09:03,829 [INFO]   train: "message": "Only 79 resolved signals for XAUUSDc_H4. Need 150."
2026-07-08 20:09:03,829 [INFO]   train: }
2026-07-08 20:09:03,829 [INFO]   XAUUSDc_H4: PASS Brier=?, AUC=?
2026-07-08 20:09:03,829 [INFO]   XAUUSDc_M15: will train — forced
2026-07-08 20:09:03,829 [INFO] Training XAUUSDc M15...
2026-07-08 20:09:03,829 [DEBUG] Command: C:\Users\Administrator\AppData\Local\Programs\Python\Python314\pythonw.exe D:\Thanh\Forex\RSI_Advanced\tools\rsi_xgboost_train.py --data-dir C:\Users\Administrator\AppData\Roaming\MetaQuotes\Terminal\3773AE10556A00F3D812544D7EDDAB90\MQL4\Files\RSI_Advanced_Logs C:\Users\Administrator\AppData\Roaming\MetaQuotes\Terminal\2191F4A3D14D7B4B1EBB84F924777883\MQL4\Files\RSI_Advanced_Logs C:\Users\Administrator\AppData\Roaming\MetaQuotes\Terminal\6F841180CC7A5B4E481813CAFF4002B0\MQL4\Files\RSI_Advanced_Logs...
2026-07-08 20:09:03,832 [INFO]   train: ============================================================
2026-07-08 20:09:03,833 [INFO]   train: Training model: XAUUSDc_H4
2026-07-08 20:09:03,833 [INFO]   train: ============================================================
2026-07-08 20:09:03,833 [INFO]   train: Loading CSVs from 5 director(ies)
2026-07-08 20:09:03,833 [INFO]   train: Filter: symbol=XAUUSDc
2026-07-08 20:09:03,833 [INFO]   train: Filter: tf=H4
2026-07-08 20:09:03,833 [INFO]   train: Signals: 117 rows
2026-07-08 20:09:03,833 [INFO]   train: Scoring: 56 rows
2026-07-08 20:09:03,833 [INFO]   train: Outcomes: 196 rows
2026-07-08 20:09:03,833 [INFO]   train: Resolved outcomes: 79
2026-07-08 20:09:03,833 [INFO]   train: Merged (joined): 79 rows
2026-07-08 20:09:03,833 [INFO]   train: SKIP: Only 79 resolved signals for XAUUSDc_H4. Need 150.
2026-07-08 20:09:03,833 [INFO]   train: {
2026-07-08 20:09:03,833 [INFO]   train: "symbol": "XAUUSDc",
2026-07-08 20:09:03,833 [INFO]   train: "tf": "H4",
2026-07-08 20:09:03,833 [INFO]   train: "status": "skip",
2026-07-08 20:09:03,833 [INFO]   train: "signals": 79,
2026-07-08 20:09:03,833 [INFO]   train: "message": "Only 79 resolved signals for XAUUSDc_H4. Need 150."
2026-07-08 20:09:03,833 [INFO]   train: }
2026-07-08 20:09:03,833 [INFO]   XAUUSDc_H4: PASS Brier=?, AUC=?
2026-07-08 20:09:03,833 [INFO]   XAUUSDc_M15: will train — forced
2026-07-08 20:09:03,833 [INFO] Training XAUUSDc M15...
2026-07-08 20:09:03,833 [DEBUG] Command: C:\Users\Administrator\AppData\Local\Programs\Python\Python314\pythonw.exe D:\Thanh\Forex\RSI_Advanced\tools\rsi_xgboost_train.py --data-dir C:\Users\Administrator\AppData\Roaming\MetaQuotes\Terminal\3773AE10556A00F3D812544D7EDDAB90\MQL4\Files\RSI_Advanced_Logs C:\Users\Administrator\AppData\Roaming\MetaQuotes\Terminal\2191F4A3D14D7B4B1EBB84F924777883\MQL4\Files\RSI_Advanced_Logs C:\Users\Administrator\AppData\Roaming\MetaQuotes\Terminal\6F841180CC7A5B4E481813CAFF4002B0\MQL4\Files\RSI_Advanced_Logs...
2026-07-08 20:09:05,482 [INFO]   train: ============================================================
2026-07-08 20:09:05,482 [INFO]   train: Training model: XAUUSDc_M15
2026-07-08 20:09:05,482 [INFO]   train: ============================================================
2026-07-08 20:09:05,482 [INFO]   train: Loading CSVs from 5 director(ies)
2026-07-08 20:09:05,482 [INFO]   train: Filter: symbol=XAUUSDc
2026-07-08 20:09:05,483 [INFO]   train: Filter: tf=M15
2026-07-08 20:09:05,483 [INFO]   train: Signals: 161 rows
2026-07-08 20:09:05,483 [INFO]   train: Scoring: 611 rows
2026-07-08 20:09:05,483 [INFO]   train: Outcomes: 188 rows
2026-07-08 20:09:05,483 [INFO]   train: Resolved outcomes: 14
2026-07-08 20:09:05,483 [INFO]   train: Merged (joined): 14 rows
2026-07-08 20:09:05,483 [INFO]   train: SKIP: Only 14 resolved signals for XAUUSDc_M15. Need 150.
2026-07-08 20:09:05,483 [INFO]   train: {
2026-07-08 20:09:05,483 [INFO]   train: "symbol": "XAUUSDc",
2026-07-08 20:09:05,483 [INFO]   train: "tf": "M15",
2026-07-08 20:09:05,483 [INFO]   train: "status": "skip",
2026-07-08 20:09:05,483 [INFO]   train: "signals": 14,
2026-07-08 20:09:05,483 [INFO]   train: "message": "Only 14 resolved signals for XAUUSDc_M15. Need 150."
2026-07-08 20:09:05,483 [INFO]   train: }
2026-07-08 20:09:05,483 [INFO]   XAUUSDc_M15: PASS Brier=?, AUC=?
2026-07-08 20:09:05,483 [INFO]   XAUUSDc_M30: will train — forced
2026-07-08 20:09:05,483 [INFO] Training XAUUSDc M30...
2026-07-08 20:09:05,483 [DEBUG] Command: C:\Users\Administrator\AppData\Local\Programs\Python\Python314\pythonw.exe D:\Thanh\Forex\RSI_Advanced\tools\rsi_xgboost_train.py --data-dir C:\Users\Administrator\AppData\Roaming\MetaQuotes\Terminal\3773AE10556A00F3D812544D7EDDAB90\MQL4\Files\RSI_Advanced_Logs C:\Users\Administrator\AppData\Roaming\MetaQuotes\Terminal\2191F4A3D14D7B4B1EBB84F924777883\MQL4\Files\RSI_Advanced_Logs C:\Users\Administrator\AppData\Roaming\MetaQuotes\Terminal\6F841180CC7A5B4E481813CAFF4002B0\MQL4\Files\RSI_Advanced_Logs...
2026-07-08 20:09:05,483 [INFO]   train: ============================================================
2026-07-08 20:09:05,483 [INFO]   train: Training model: XAUUSDc_M15
2026-07-08 20:09:05,483 [INFO]   train: ============================================================
2026-07-08 20:09:05,483 [INFO]   train: Loading CSVs from 5 director(ies)
2026-07-08 20:09:05,483 [INFO]   train: Filter: symbol=XAUUSDc
2026-07-08 20:09:05,483 [INFO]   train: Filter: tf=M15
2026-07-08 20:09:05,483 [INFO]   train: Signals: 161 rows
2026-07-08 20:09:05,483 [INFO]   train: Scoring: 611 rows
2026-07-08 20:09:05,483 [INFO]   train: Outcomes: 188 rows
2026-07-08 20:09:05,483 [INFO]   train: Resolved outcomes: 14
2026-07-08 20:09:05,483 [INFO]   train: Merged (joined): 14 rows
2026-07-08 20:09:05,483 [INFO]   train: SKIP: Only 14 resolved signals for XAUUSDc_M15. Need 150.
2026-07-08 20:09:05,483 [INFO]   train: {
2026-07-08 20:09:05,483 [INFO]   train: "symbol": "XAUUSDc",
2026-07-08 20:09:05,483 [INFO]   train: "tf": "M15",
2026-07-08 20:09:05,483 [INFO]   train: "status": "skip",
2026-07-08 20:09:05,483 [INFO]   train: "signals": 14,
2026-07-08 20:09:05,483 [INFO]   train: "message": "Only 14 resolved signals for XAUUSDc_M15. Need 150."
2026-07-08 20:09:05,483 [INFO]   train: }
2026-07-08 20:09:05,483 [INFO]   XAUUSDc_M15: PASS Brier=?, AUC=?
2026-07-08 20:09:05,483 [INFO]   XAUUSDc_M30: will train — forced
2026-07-08 20:09:05,483 [INFO] Training XAUUSDc M30...
2026-07-08 20:09:05,483 [DEBUG] Command: C:\Users\Administrator\AppData\Local\Programs\Python\Python314\pythonw.exe D:\Thanh\Forex\RSI_Advanced\tools\rsi_xgboost_train.py --data-dir C:\Users\Administrator\AppData\Roaming\MetaQuotes\Terminal\3773AE10556A00F3D812544D7EDDAB90\MQL4\Files\RSI_Advanced_Logs C:\Users\Administrator\AppData\Roaming\MetaQuotes\Terminal\2191F4A3D14D7B4B1EBB84F924777883\MQL4\Files\RSI_Advanced_Logs C:\Users\Administrator\AppData\Roaming\MetaQuotes\Terminal\6F841180CC7A5B4E481813CAFF4002B0\MQL4\Files\RSI_Advanced_Logs...
2026-07-08 20:09:07,140 [INFO]   train: ============================================================
2026-07-08 20:09:07,140 [INFO]   train: Training model: XAUUSDc_M30
2026-07-08 20:09:07,140 [INFO]   train: ============================================================
2026-07-08 20:09:07,140 [INFO]   train: Loading CSVs from 5 director(ies)
2026-07-08 20:09:07,140 [INFO]   train: Filter: symbol=XAUUSDc
2026-07-08 20:09:07,140 [INFO]   train: Filter: tf=M30
2026-07-08 20:09:07,140 [INFO]   train: Signals: 136 rows
2026-07-08 20:09:07,140 [INFO]   train: Scoring: 132 rows
2026-07-08 20:09:07,140 [INFO]   train: Outcomes: 205 rows
2026-07-08 20:09:07,140 [INFO]   train: Resolved outcomes: 69
2026-07-08 20:09:07,140 [INFO]   train: Merged (joined): 69 rows
2026-07-08 20:09:07,140 [INFO]   train: SKIP: Only 69 resolved signals for XAUUSDc_M30. Need 150.
2026-07-08 20:09:07,140 [INFO]   train: {
2026-07-08 20:09:07,140 [INFO]   train: "symbol": "XAUUSDc",
2026-07-08 20:09:07,140 [INFO]   train: "tf": "M30",
2026-07-08 20:09:07,140 [INFO]   train: "status": "skip",
2026-07-08 20:09:07,140 [INFO]   train: "signals": 69,
2026-07-08 20:09:07,140 [INFO]   train: "message": "Only 69 resolved signals for XAUUSDc_M30. Need 150."
2026-07-08 20:09:07,140 [INFO]   train: }
2026-07-08 20:09:07,140 [INFO]   XAUUSDc_M30: PASS Brier=?, AUC=?
2026-07-08 20:09:07,140 [INFO]   XAUUSDc_M5: will train — forced
2026-07-08 20:09:07,140 [INFO] Training XAUUSDc M5...
2026-07-08 20:09:07,141 [DEBUG] Command: C:\Users\Administrator\AppData\Local\Programs\Python\Python314\pythonw.exe D:\Thanh\Forex\RSI_Advanced\tools\rsi_xgboost_train.py --data-dir C:\Users\Administrator\AppData\Roaming\MetaQuotes\Terminal\3773AE10556A00F3D812544D7EDDAB90\MQL4\Files\RSI_Advanced_Logs C:\Users\Administrator\AppData\Roaming\MetaQuotes\Terminal\2191F4A3D14D7B4B1EBB84F924777883\MQL4\Files\RSI_Advanced_Logs C:\Users\Administrator\AppData\Roaming\MetaQuotes\Terminal\6F841180CC7A5B4E481813CAFF4002B0\MQL4\Files\RSI_Advanced_Logs...
2026-07-08 20:09:07,140 [INFO]   train: ============================================================
2026-07-08 20:09:07,141 [INFO]   train: Training model: XAUUSDc_M30
2026-07-08 20:09:07,141 [INFO]   train: ============================================================
2026-07-08 20:09:07,141 [INFO]   train: Loading CSVs from 5 director(ies)
2026-07-08 20:09:07,141 [INFO]   train: Filter: symbol=XAUUSDc
2026-07-08 20:09:07,141 [INFO]   train: Filter: tf=M30
2026-07-08 20:09:07,141 [INFO]   train: Signals: 136 rows
2026-07-08 20:09:07,141 [INFO]   train: Scoring: 132 rows
2026-07-08 20:09:07,141 [INFO]   train: Outcomes: 205 rows
2026-07-08 20:09:07,141 [INFO]   train: Resolved outcomes: 69
2026-07-08 20:09:07,141 [INFO]   train: Merged (joined): 69 rows
2026-07-08 20:09:07,141 [INFO]   train: SKIP: Only 69 resolved signals for XAUUSDc_M30. Need 150.
2026-07-08 20:09:07,141 [INFO]   train: {
2026-07-08 20:09:07,141 [INFO]   train: "symbol": "XAUUSDc",
2026-07-08 20:09:07,141 [INFO]   train: "tf": "M30",
2026-07-08 20:09:07,141 [INFO]   train: "status": "skip",
2026-07-08 20:09:07,141 [INFO]   train: "signals": 69,
2026-07-08 20:09:07,141 [INFO]   train: "message": "Only 69 resolved signals for XAUUSDc_M30. Need 150."
2026-07-08 20:09:07,141 [INFO]   train: }
2026-07-08 20:09:07,141 [INFO]   XAUUSDc_M30: PASS Brier=?, AUC=?
2026-07-08 20:09:07,141 [INFO]   XAUUSDc_M5: will train — forced
2026-07-08 20:09:07,141 [INFO] Training XAUUSDc M5...
2026-07-08 20:09:07,141 [DEBUG] Command: C:\Users\Administrator\AppData\Local\Programs\Python\Python314\pythonw.exe D:\Thanh\Forex\RSI_Advanced\tools\rsi_xgboost_train.py --data-dir C:\Users\Administrator\AppData\Roaming\MetaQuotes\Terminal\3773AE10556A00F3D812544D7EDDAB90\MQL4\Files\RSI_Advanced_Logs C:\Users\Administrator\AppData\Roaming\MetaQuotes\Terminal\2191F4A3D14D7B4B1EBB84F924777883\MQL4\Files\RSI_Advanced_Logs C:\Users\Administrator\AppData\Roaming\MetaQuotes\Terminal\6F841180CC7A5B4E481813CAFF4002B0\MQL4\Files\RSI_Advanced_Logs...
2026-07-08 20:09:08,798 [INFO]   train: ============================================================
2026-07-08 20:09:08,798 [INFO]   train: Training model: XAUUSDc_M5
2026-07-08 20:09:08,798 [INFO]   train: ============================================================
2026-07-08 20:09:08,798 [INFO]   train: Loading CSVs from 5 director(ies)
2026-07-08 20:09:08,798 [INFO]   train: Filter: symbol=XAUUSDc
2026-07-08 20:09:08,798 [INFO]   train: Filter: tf=M5
2026-07-08 20:09:08,798 [INFO]   train: Signals: 52 rows
2026-07-08 20:09:08,798 [INFO]   train: Scoring: 247 rows
2026-07-08 20:09:08,798 [INFO]   train: Outcomes: 76 rows
2026-07-08 20:09:08,799 [INFO]   train: Resolved outcomes: 16
2026-07-08 20:09:08,799 [INFO]   train: Merged (joined): 16 rows
2026-07-08 20:09:08,799 [INFO]   train: SKIP: Only 16 resolved signals for XAUUSDc_M5. Need 150.
2026-07-08 20:09:08,799 [INFO]   train: {
2026-07-08 20:09:08,799 [INFO]   train: "symbol": "XAUUSDc",
2026-07-08 20:09:08,799 [INFO]   train: "tf": "M5",
2026-07-08 20:09:08,799 [INFO]   train: "status": "skip",
2026-07-08 20:09:08,799 [INFO]   train: "signals": 16,
2026-07-08 20:09:08,799 [INFO]   train: "message": "Only 16 resolved signals for XAUUSDc_M5. Need 150."
2026-07-08 20:09:08,799 [INFO]   train: }
2026-07-08 20:09:08,799 [INFO]   XAUUSDc_M5: PASS Brier=?, AUC=?
2026-07-08 20:09:08,798 [INFO]   train: ============================================================
2026-07-08 20:09:08,799 [INFO]   train: Training model: XAUUSDc_M5
2026-07-08 20:09:08,799 [INFO]   train: ============================================================
2026-07-08 20:09:08,799 [INFO]   train: Loading CSVs from 5 director(ies)
2026-07-08 20:09:08,800 [INFO]   train: Filter: symbol=XAUUSDc
2026-07-08 20:09:08,800 [INFO]   train: Filter: tf=M5
2026-07-08 20:09:08,800 [INFO]   train: Signals: 52 rows
2026-07-08 20:09:08,800 [INFO]   train: Scoring: 247 rows
2026-07-08 20:09:08,800 [INFO]   train: Outcomes: 76 rows
2026-07-08 20:09:08,800 [INFO]   train: Resolved outcomes: 16
2026-07-08 20:09:08,800 [INFO]   train: Merged (joined): 16 rows
2026-07-08 20:09:08,800 [INFO]   train: SKIP: Only 16 resolved signals for XAUUSDc_M5. Need 150.
2026-07-08 20:09:08,800 [INFO]   train: {
2026-07-08 20:09:08,800 [INFO]   train: "symbol": "XAUUSDc",
2026-07-08 20:09:08,800 [INFO]   train: "tf": "M5",
2026-07-08 20:09:08,800 [INFO]   train: "status": "skip",
2026-07-08 20:09:08,800 [INFO]   train: "signals": 16,
2026-07-08 20:09:08,800 [INFO]   train: "message": "Only 16 resolved signals for XAUUSDc_M5. Need 150."
2026-07-08 20:09:08,800 [INFO]   train: }
2026-07-08 20:09:08,800 [INFO]   XAUUSDc_M5: PASS Brier=?, AUC=?
2026-07-08 20:09:08,800 [INFO] Assembling 22 models into binary: C:\Users\Administrator\AppData\Roaming\MetaQuotes\Terminal\Common\Files\RSI_Advanced\XGBModels.bin
2026-07-08 20:09:08,808 [INFO] Assembling 22 models into binary: C:\Users\Administrator\AppData\Roaming\MetaQuotes\Terminal\Common\Files\RSI_Advanced\XGBModels.bin
2026-07-08 20:09:09,627 [WARNING] No models assembled — all re-training failed
2026-07-08 20:09:09,627 [INFO] XGBModels.bin updated with 22 models
2026-07-08 20:09:09,627 [INFO] NOTIFY: XGB: 22 model(s) updated — BTCUSD D1 Brier=?, BTCUSD H1 Brier=?, BTCUSD H4 Brier=?, BTCUSD M30 Brier=?, BTCUSD M5 Brier=?, EURUSDc D1 Brier=?, EURUSDc H1 Brier=?, EURUSDc H4 Brier=?, EURUSDc M15 Brier=?, EURUSDc M30 Brier=?, XAUUSD D1 Brier=?, XAUUSD H1 Brier=?, XAUUSD H4 Brier=?, XAUUSD M15 Brier=?, XAUUSD M30 Brier=?, XAUUSD M5 Brier=?, XAUUSDc D1 Brier=?, XAUUSDc H1 Brier=?, XAUUSDc H4 Brier=?, XAUUSDc M15 Brier=?, XAUUSDc M30 Brier=?, XAUUSDc M5 Brier=?
Models auto-loaded, no recompile needed.
2026-07-08 20:09:09,633 [WARNING] No models assembled — all re-training failed
2026-07-08 20:09:09,633 [INFO] XGBModels.bin updated with 22 models
2026-07-08 20:09:09,633 [INFO] NOTIFY: XGB: 22 model(s) updated — BTCUSD D1 Brier=?, BTCUSD H1 Brier=?, BTCUSD H4 Brier=?, BTCUSD M30 Brier=?, BTCUSD M5 Brier=?, EURUSDc D1 Brier=?, EURUSDc H1 Brier=?, EURUSDc H4 Brier=?, EURUSDc M15 Brier=?, EURUSDc M30 Brier=?, XAUUSD D1 Brier=?, XAUUSD H1 Brier=?, XAUUSD H4 Brier=?, XAUUSD M15 Brier=?, XAUUSD M30 Brier=?, XAUUSD M5 Brier=?, XAUUSDc D1 Brier=?, XAUUSDc H1 Brier=?, XAUUSDc H4 Brier=?, XAUUSDc M15 Brier=?, XAUUSDc M30 Brier=?, XAUUSDc M5 Brier=?
Models auto-loaded, no recompile needed.
2026-07-08 20:19:35,006 [INFO] Scanning 5 directories for TFs: ['M5', 'M15', 'M30', 'H1', 'H4', 'D1']
2026-07-08 20:19:35,064 [INFO] Found 22 symbol+TF pairs with data
2026-07-08 20:19:35,064 [INFO]   BTCUSD_D1: 0 resolved signals
2026-07-08 20:19:35,064 [INFO]   BTCUSD_H1: 99 resolved signals
2026-07-08 20:19:35,064 [INFO]   BTCUSD_H4: 0 resolved signals
2026-07-08 20:19:35,064 [INFO]   BTCUSD_M30: 52 resolved signals
2026-07-08 20:19:35,064 [INFO]   BTCUSD_M5: 98 resolved signals
2026-07-08 20:19:35,064 [INFO]   EURUSDc_D1: 43 resolved signals
2026-07-08 20:19:35,064 [INFO]   EURUSDc_H1: 50 resolved signals
2026-07-08 20:19:35,064 [INFO]   EURUSDc_H4: 97 resolved signals
2026-07-08 20:19:35,064 [INFO]   EURUSDc_M15: 0 resolved signals
2026-07-08 20:19:35,064 [INFO]   EURUSDc_M30: 0 resolved signals
2026-07-08 20:19:35,064 [INFO]   XAUUSD_D1: 44 resolved signals
2026-07-08 20:19:35,064 [INFO]   XAUUSD_H1: 14 resolved signals
2026-07-08 20:19:35,064 [INFO]   XAUUSD_H4: 74 resolved signals
2026-07-08 20:19:35,064 [INFO]   XAUUSD_M15: 108 resolved signals
2026-07-08 20:19:35,064 [INFO]   XAUUSD_M30: 69 resolved signals
2026-07-08 20:19:35,064 [INFO]   XAUUSD_M5: 87 resolved signals
2026-07-08 20:19:35,064 [INFO]   XAUUSDc_D1: 59 resolved signals
2026-07-08 20:19:35,064 [INFO]   XAUUSDc_H1: 76 resolved signals
2026-07-08 20:19:35,064 [INFO]   XAUUSDc_H4: 79 resolved signals
2026-07-08 20:19:35,065 [INFO]   XAUUSDc_M15: 27 resolved signals
2026-07-08 20:19:35,065 [INFO]   XAUUSDc_M30: 69 resolved signals
2026-07-08 20:19:35,065 [INFO]   XAUUSDc_M5: 24 resolved signals
2026-07-08 20:19:35,065 [DEBUG]   BTCUSD_D1: skip — only 0/150 signals
2026-07-08 20:19:35,065 [DEBUG]   BTCUSD_H1: skip — only 99/150 signals
2026-07-08 20:19:35,065 [DEBUG]   BTCUSD_H4: skip — only 0/150 signals
2026-07-08 20:19:35,065 [DEBUG]   BTCUSD_M30: skip — only 52/150 signals
2026-07-08 20:19:35,065 [DEBUG]   BTCUSD_M5: skip — only 98/150 signals
2026-07-08 20:19:35,065 [DEBUG]   EURUSDc_D1: skip — only 43/150 signals
2026-07-08 20:19:35,065 [DEBUG]   EURUSDc_H1: skip — only 50/150 signals
2026-07-08 20:19:35,065 [DEBUG]   EURUSDc_H4: skip — only 97/150 signals
2026-07-08 20:19:35,065 [DEBUG]   EURUSDc_M15: skip — only 0/150 signals
2026-07-08 20:19:35,065 [DEBUG]   EURUSDc_M30: skip — only 0/150 signals
2026-07-08 20:19:35,065 [DEBUG]   XAUUSD_D1: skip — only 44/150 signals
2026-07-08 20:19:35,065 [DEBUG]   XAUUSD_H1: skip — only 14/150 signals
2026-07-08 20:19:35,065 [DEBUG]   XAUUSD_H4: skip — only 74/150 signals
2026-07-08 20:19:35,065 [DEBUG]   XAUUSD_M15: skip — only 108/150 signals
2026-07-08 20:19:35,065 [DEBUG]   XAUUSD_M30: skip — only 69/150 signals
2026-07-08 20:19:35,065 [DEBUG]   XAUUSD_M5: skip — only 87/150 signals
2026-07-08 20:19:35,065 [DEBUG]   XAUUSDc_D1: skip — only 59/150 signals
2026-07-08 20:19:35,065 [DEBUG]   XAUUSDc_H1: skip — only 76/150 signals
2026-07-08 20:19:35,065 [DEBUG]   XAUUSDc_H4: skip — only 79/150 signals
2026-07-08 20:19:35,065 [DEBUG]   XAUUSDc_M15: skip — only 27/150 signals
2026-07-08 20:19:35,065 [DEBUG]   XAUUSDc_M30: skip — only 69/150 signals
2026-07-08 20:19:35,065 [DEBUG]   XAUUSDc_M5: skip — only 24/150 signals
2026-07-08 20:49:35,526 [INFO] Scanning 5 directories for TFs: ['M5', 'M15', 'M30', 'H1', 'H4', 'D1']
2026-07-08 20:49:35,669 [INFO] Found 22 symbol+TF pairs with data
2026-07-08 20:49:35,669 [INFO]   BTCUSD_D1: 0 resolved signals
2026-07-08 20:49:35,669 [INFO]   BTCUSD_H1: 99 resolved signals
2026-07-08 20:49:35,669 [INFO]   BTCUSD_H4: 0 resolved signals
2026-07-08 20:49:35,669 [INFO]   BTCUSD_M30: 52 resolved signals
2026-07-08 20:49:35,669 [INFO]   BTCUSD_M5: 99 resolved signals
2026-07-08 20:49:35,669 [INFO]   EURUSDc_D1: 43 resolved signals
2026-07-08 20:49:35,669 [INFO]   EURUSDc_H1: 50 resolved signals
2026-07-08 20:49:35,669 [INFO]   EURUSDc_H4: 97 resolved signals
2026-07-08 20:49:35,669 [INFO]   EURUSDc_M15: 0 resolved signals
2026-07-08 20:49:35,669 [INFO]   EURUSDc_M30: 0 resolved signals
2026-07-08 20:49:35,669 [INFO]   XAUUSD_D1: 44 resolved signals
2026-07-08 20:49:35,669 [INFO]   XAUUSD_H1: 14 resolved signals
2026-07-08 20:49:35,669 [INFO]   XAUUSD_H4: 74 resolved signals
2026-07-08 20:49:35,669 [INFO]   XAUUSD_M15: 111 resolved signals
2026-07-08 20:49:35,669 [INFO]   XAUUSD_M30: 69 resolved signals
2026-07-08 20:49:35,669 [INFO]   XAUUSD_M5: 90 resolved signals
2026-07-08 20:49:35,669 [INFO]   XAUUSDc_D1: 59 resolved signals
2026-07-08 20:49:35,669 [INFO]   XAUUSDc_H1: 76 resolved signals
2026-07-08 20:49:35,669 [INFO]   XAUUSDc_H4: 79 resolved signals
2026-07-08 20:49:35,669 [INFO]   XAUUSDc_M15: 30 resolved signals
2026-07-08 20:49:35,669 [INFO]   XAUUSDc_M30: 69 resolved signals
2026-07-08 20:49:35,669 [INFO]   XAUUSDc_M5: 25 resolved signals
2026-07-08 20:49:35,669 [DEBUG]   BTCUSD_D1: skip — only 0/150 signals
2026-07-08 20:49:35,669 [DEBUG]   BTCUSD_H1: skip — only 99/150 signals
2026-07-08 20:49:35,669 [DEBUG]   BTCUSD_H4: skip — only 0/150 signals
2026-07-08 20:49:35,669 [DEBUG]   BTCUSD_M30: skip — only 52/150 signals
2026-07-08 20:49:35,669 [DEBUG]   BTCUSD_M5: skip — only 99/150 signals
2026-07-08 20:49:35,669 [DEBUG]   EURUSDc_D1: skip — only 43/150 signals
2026-07-08 20:49:35,669 [DEBUG]   EURUSDc_H1: skip — only 50/150 signals
2026-07-08 20:49:35,669 [DEBUG]   EURUSDc_H4: skip — only 97/150 signals
2026-07-08 20:49:35,669 [DEBUG]   EURUSDc_M15: skip — only 0/150 signals
2026-07-08 20:49:35,669 [DEBUG]   EURUSDc_M30: skip — only 0/150 signals
2026-07-08 20:49:35,669 [DEBUG]   XAUUSD_D1: skip — only 44/150 signals
2026-07-08 20:49:35,669 [DEBUG]   XAUUSD_H1: skip — only 14/150 signals
2026-07-08 20:49:35,669 [DEBUG]   XAUUSD_H4: skip — only 74/150 signals
2026-07-08 20:49:35,669 [DEBUG]   XAUUSD_M15: skip — only 111/150 signals
2026-07-08 20:49:35,669 [DEBUG]   XAUUSD_M30: skip — only 69/150 signals
2026-07-08 20:49:35,669 [DEBUG]   XAUUSD_M5: skip — only 90/150 signals
2026-07-08 20:49:35,669 [DEBUG]   XAUUSDc_D1: skip — only 59/150 signals
2026-07-08 20:49:35,669 [DEBUG]   XAUUSDc_H1: skip — only 76/150 signals
2026-07-08 20:49:35,669 [DEBUG]   XAUUSDc_H4: skip — only 79/150 signals
2026-07-08 20:49:35,669 [DEBUG]   XAUUSDc_M15: skip — only 30/150 signals
2026-07-08 20:49:35,669 [DEBUG]   XAUUSDc_M30: skip — only 69/150 signals
2026-07-08 20:49:35,669 [DEBUG]   XAUUSDc_M5: skip — only 25/150 signals
2026-07-08 21:19:36,156 [INFO] Scanning 5 directories for TFs: ['M5', 'M15', 'M30', 'H1', 'H4', 'D1']
2026-07-08 21:19:36,276 [INFO] Found 22 symbol+TF pairs with data
2026-07-08 21:19:36,276 [INFO]   BTCUSD_D1: 0 resolved signals
2026-07-08 21:19:36,276 [INFO]   BTCUSD_H1: 101 resolved signals
2026-07-08 21:19:36,276 [INFO]   BTCUSD_H4: 0 resolved signals
2026-07-08 21:19:36,276 [INFO]   BTCUSD_M30: 52 resolved signals
2026-07-08 21:19:36,276 [INFO]   BTCUSD_M5: 101 resolved signals
2026-07-08 21:19:36,276 [INFO]   EURUSDc_D1: 43 resolved signals
2026-07-08 21:19:36,276 [INFO]   EURUSDc_H1: 50 resolved signals
2026-07-08 21:19:36,276 [INFO]   EURUSDc_H4: 97 resolved signals
2026-07-08 21:19:36,276 [INFO]   EURUSDc_M15: 0 resolved signals
2026-07-08 21:19:36,276 [INFO]   EURUSDc_M30: 0 resolved signals
2026-07-08 21:19:36,276 [INFO]   XAUUSD_D1: 44 resolved signals
2026-07-08 21:19:36,276 [INFO]   XAUUSD_H1: 14 resolved signals
2026-07-08 21:19:36,276 [INFO]   XAUUSD_H4: 74 resolved signals
2026-07-08 21:19:36,276 [INFO]   XAUUSD_M15: 111 resolved signals
2026-07-08 21:19:36,276 [INFO]   XAUUSD_M30: 69 resolved signals
2026-07-08 21:19:36,276 [INFO]   XAUUSD_M5: 93 resolved signals
2026-07-08 21:19:36,276 [INFO]   XAUUSDc_D1: 59 resolved signals
2026-07-08 21:19:36,276 [INFO]   XAUUSDc_H1: 76 resolved signals
2026-07-08 21:19:36,276 [INFO]   XAUUSDc_H4: 79 resolved signals
2026-07-08 21:19:36,276 [INFO]   XAUUSDc_M15: 30 resolved signals
2026-07-08 21:19:36,276 [INFO]   XAUUSDc_M30: 69 resolved signals
2026-07-08 21:19:36,276 [INFO]   XAUUSDc_M5: 27 resolved signals
2026-07-08 21:19:36,276 [DEBUG]   BTCUSD_D1: skip — only 0/150 signals
2026-07-08 21:19:36,276 [DEBUG]   BTCUSD_H1: skip — only 101/150 signals
2026-07-08 21:19:36,276 [DEBUG]   BTCUSD_H4: skip — only 0/150 signals
2026-07-08 21:19:36,276 [DEBUG]   BTCUSD_M30: skip — only 52/150 signals
2026-07-08 21:19:36,276 [DEBUG]   BTCUSD_M5: skip — only 101/150 signals
2026-07-08 21:19:36,276 [DEBUG]   EURUSDc_D1: skip — only 43/150 signals
2026-07-08 21:19:36,276 [DEBUG]   EURUSDc_H1: skip — only 50/150 signals
2026-07-08 21:19:36,276 [DEBUG]   EURUSDc_H4: skip — only 97/150 signals
2026-07-08 21:19:36,276 [DEBUG]   EURUSDc_M15: skip — only 0/150 signals
2026-07-08 21:19:36,276 [DEBUG]   EURUSDc_M30: skip — only 0/150 signals
2026-07-08 21:19:36,276 [DEBUG]   XAUUSD_D1: skip — only 44/150 signals
2026-07-08 21:19:36,276 [DEBUG]   XAUUSD_H1: skip — only 14/150 signals
2026-07-08 21:19:36,276 [DEBUG]   XAUUSD_H4: skip — only 74/150 signals
2026-07-08 21:19:36,276 [DEBUG]   XAUUSD_M15: skip — only 111/150 signals
2026-07-08 21:19:36,276 [DEBUG]   XAUUSD_M30: skip — only 69/150 signals
2026-07-08 21:19:36,276 [DEBUG]   XAUUSD_M5: skip — only 93/150 signals
2026-07-08 21:19:36,276 [DEBUG]   XAUUSDc_D1: skip — only 59/150 signals
2026-07-08 21:19:36,276 [DEBUG]   XAUUSDc_H1: skip — only 76/150 signals
2026-07-08 21:19:36,276 [DEBUG]   XAUUSDc_H4: skip — only 79/150 signals
2026-07-08 21:19:36,276 [DEBUG]   XAUUSDc_M15: skip — only 30/150 signals
2026-07-08 21:19:36,276 [DEBUG]   XAUUSDc_M30: skip — only 69/150 signals
2026-07-08 21:19:36,276 [DEBUG]   XAUUSDc_M5: skip — only 27/150 signals
2026-07-08 21:49:36,708 [INFO] Scanning 5 directories for TFs: ['M5', 'M15', 'M30', 'H1', 'H4', 'D1']
2026-07-08 21:49:36,827 [INFO] Found 22 symbol+TF pairs with data
2026-07-08 21:49:36,827 [INFO]   BTCUSD_D1: 0 resolved signals
2026-07-08 21:49:36,827 [INFO]   BTCUSD_H1: 101 resolved signals
2026-07-08 21:49:36,827 [INFO]   BTCUSD_H4: 0 resolved signals
2026-07-08 21:49:36,827 [INFO]   BTCUSD_M30: 52 resolved signals
2026-07-08 21:49:36,827 [INFO]   BTCUSD_M5: 104 resolved signals
2026-07-08 21:49:36,827 [INFO]   EURUSDc_D1: 43 resolved signals
2026-07-08 21:49:36,827 [INFO]   EURUSDc_H1: 50 resolved signals
2026-07-08 21:49:36,827 [INFO]   EURUSDc_H4: 97 resolved signals
2026-07-08 21:49:36,827 [INFO]   EURUSDc_M15: 0 resolved signals
2026-07-08 21:49:36,827 [INFO]   EURUSDc_M30: 0 resolved signals
2026-07-08 21:49:36,827 [INFO]   XAUUSD_D1: 44 resolved signals
2026-07-08 21:49:36,827 [INFO]   XAUUSD_H1: 15 resolved signals
2026-07-08 21:49:36,827 [INFO]   XAUUSD_H4: 74 resolved signals
2026-07-08 21:49:36,827 [INFO]   XAUUSD_M15: 112 resolved signals
2026-07-08 21:49:36,827 [INFO]   XAUUSD_M30: 69 resolved signals
2026-07-08 21:49:36,827 [INFO]   XAUUSD_M5: 96 resolved signals
2026-07-08 21:49:36,827 [INFO]   XAUUSDc_D1: 59 resolved signals
2026-07-08 21:49:36,827 [INFO]   XAUUSDc_H1: 76 resolved signals
2026-07-08 21:49:36,827 [INFO]   XAUUSDc_H4: 79 resolved signals
2026-07-08 21:49:36,827 [INFO]   XAUUSDc_M15: 31 resolved signals
2026-07-08 21:49:36,827 [INFO]   XAUUSDc_M30: 69 resolved signals
2026-07-08 21:49:36,828 [INFO]   XAUUSDc_M5: 28 resolved signals
2026-07-08 21:49:36,828 [DEBUG]   BTCUSD_D1: skip — only 0/150 signals
2026-07-08 21:49:36,828 [DEBUG]   BTCUSD_H1: skip — only 101/150 signals
2026-07-08 21:49:36,828 [DEBUG]   BTCUSD_H4: skip — only 0/150 signals
2026-07-08 21:49:36,828 [DEBUG]   BTCUSD_M30: skip — only 52/150 signals
2026-07-08 21:49:36,828 [DEBUG]   BTCUSD_M5: skip — only 104/150 signals
2026-07-08 21:49:36,828 [DEBUG]   EURUSDc_D1: skip — only 43/150 signals
2026-07-08 21:49:36,828 [DEBUG]   EURUSDc_H1: skip — only 50/150 signals
2026-07-08 21:49:36,828 [DEBUG]   EURUSDc_H4: skip — only 97/150 signals
2026-07-08 21:49:36,828 [DEBUG]   EURUSDc_M15: skip — only 0/150 signals
2026-07-08 21:49:36,828 [DEBUG]   EURUSDc_M30: skip — only 0/150 signals
2026-07-08 21:49:36,828 [DEBUG]   XAUUSD_D1: skip — only 44/150 signals
2026-07-08 21:49:36,828 [DEBUG]   XAUUSD_H1: skip — only 15/150 signals
2026-07-08 21:49:36,828 [DEBUG]   XAUUSD_H4: skip — only 74/150 signals
2026-07-08 21:49:36,828 [DEBUG]   XAUUSD_M15: skip — only 112/150 signals
2026-07-08 21:49:36,828 [DEBUG]   XAUUSD_M30: skip — only 69/150 signals
2026-07-08 21:49:36,828 [DEBUG]   XAUUSD_M5: skip — only 96/150 signals
2026-07-08 21:49:36,828 [DEBUG]   XAUUSDc_D1: skip — only 59/150 signals
2026-07-08 21:49:36,828 [DEBUG]   XAUUSDc_H1: skip — only 76/150 signals
2026-07-08 21:49:36,828 [DEBUG]   XAUUSDc_H4: skip — only 79/150 signals
2026-07-08 21:49:36,828 [DEBUG]   XAUUSDc_M15: skip — only 31/150 signals
2026-07-08 21:49:36,828 [DEBUG]   XAUUSDc_M30: skip — only 69/150 signals
2026-07-08 21:49:36,828 [DEBUG]   XAUUSDc_M5: skip — only 28/150 signals
2026-07-08 22:19:37,296 [INFO] Scanning 5 directories for TFs: ['M5', 'M15', 'M30', 'H1', 'H4', 'D1']
2026-07-08 22:19:37,401 [INFO] Found 22 symbol+TF pairs with data
2026-07-08 22:19:37,401 [INFO]   BTCUSD_D1: 0 resolved signals
2026-07-08 22:19:37,401 [INFO]   BTCUSD_H1: 101 resolved signals
2026-07-08 22:19:37,401 [INFO]   BTCUSD_H4: 0 resolved signals
2026-07-08 22:19:37,401 [INFO]   BTCUSD_M30: 52 resolved signals
2026-07-08 22:19:37,401 [INFO]   BTCUSD_M5: 107 resolved signals
2026-07-08 22:19:37,401 [INFO]   EURUSDc_D1: 43 resolved signals
2026-07-08 22:19:37,401 [INFO]   EURUSDc_H1: 50 resolved signals
2026-07-08 22:19:37,401 [INFO]   EURUSDc_H4: 97 resolved signals
2026-07-08 22:19:37,401 [INFO]   EURUSDc_M15: 0 resolved signals
2026-07-08 22:19:37,401 [INFO]   EURUSDc_M30: 0 resolved signals
2026-07-08 22:19:37,401 [INFO]   XAUUSD_D1: 44 resolved signals
2026-07-08 22:19:37,401 [INFO]   XAUUSD_H1: 18 resolved signals
2026-07-08 22:19:37,401 [INFO]   XAUUSD_H4: 74 resolved signals
2026-07-08 22:19:37,401 [INFO]   XAUUSD_M15: 112 resolved signals
2026-07-08 22:19:37,401 [INFO]   XAUUSD_M30: 69 resolved signals
2026-07-08 22:19:37,401 [INFO]   XAUUSD_M5: 96 resolved signals
2026-07-08 22:19:37,401 [INFO]   XAUUSDc_D1: 59 resolved signals
2026-07-08 22:19:37,401 [INFO]   XAUUSDc_H1: 76 resolved signals
2026-07-08 22:19:37,401 [INFO]   XAUUSDc_H4: 79 resolved signals
2026-07-08 22:19:37,401 [INFO]   XAUUSDc_M15: 31 resolved signals
2026-07-08 22:19:37,401 [INFO]   XAUUSDc_M30: 69 resolved signals
2026-07-08 22:19:37,401 [INFO]   XAUUSDc_M5: 28 resolved signals
2026-07-08 22:19:37,402 [DEBUG]   BTCUSD_D1: skip — only 0/150 signals
2026-07-08 22:19:37,402 [DEBUG]   BTCUSD_H1: skip — only 101/150 signals
2026-07-08 22:19:37,402 [DEBUG]   BTCUSD_H4: skip — only 0/150 signals
2026-07-08 22:19:37,402 [DEBUG]   BTCUSD_M30: skip — only 52/150 signals
2026-07-08 22:19:37,402 [DEBUG]   BTCUSD_M5: skip — only 107/150 signals
2026-07-08 22:19:37,402 [DEBUG]   EURUSDc_D1: skip — only 43/150 signals
2026-07-08 22:19:37,402 [DEBUG]   EURUSDc_H1: skip — only 50/150 signals
2026-07-08 22:19:37,402 [DEBUG]   EURUSDc_H4: skip — only 97/150 signals
2026-07-08 22:19:37,402 [DEBUG]   EURUSDc_M15: skip — only 0/150 signals
2026-07-08 22:19:37,402 [DEBUG]   EURUSDc_M30: skip — only 0/150 signals
2026-07-08 22:19:37,402 [DEBUG]   XAUUSD_D1: skip — only 44/150 signals
2026-07-08 22:19:37,402 [DEBUG]   XAUUSD_H1: skip — only 18/150 signals
2026-07-08 22:19:37,402 [DEBUG]   XAUUSD_H4: skip — only 74/150 signals
2026-07-08 22:19:37,402 [DEBUG]   XAUUSD_M15: skip — only 112/150 signals
2026-07-08 22:19:37,402 [DEBUG]   XAUUSD_M30: skip — only 69/150 signals
2026-07-08 22:19:37,402 [DEBUG]   XAUUSD_M5: skip — only 96/150 signals
2026-07-08 22:19:37,402 [DEBUG]   XAUUSDc_D1: skip — only 59/150 signals
2026-07-08 22:19:37,402 [DEBUG]   XAUUSDc_H1: skip — only 76/150 signals
2026-07-08 22:19:37,402 [DEBUG]   XAUUSDc_H4: skip — only 79/150 signals
2026-07-08 22:19:37,402 [DEBUG]   XAUUSDc_M15: skip — only 31/150 signals
2026-07-08 22:19:37,402 [DEBUG]   XAUUSDc_M30: skip — only 69/150 signals
2026-07-08 22:19:37,402 [DEBUG]   XAUUSDc_M5: skip — only 28/150 signals
2026-07-08 22:49:37,874 [INFO] Scanning 5 directories for TFs: ['M5', 'M15', 'M30', 'H1', 'H4', 'D1']
2026-07-08 22:49:37,969 [INFO] Found 22 symbol+TF pairs with data
2026-07-08 22:49:37,969 [INFO]   BTCUSD_D1: 0 resolved signals
2026-07-08 22:49:37,969 [INFO]   BTCUSD_H1: 101 resolved signals
2026-07-08 22:49:37,969 [INFO]   BTCUSD_H4: 0 resolved signals
2026-07-08 22:49:37,969 [INFO]   BTCUSD_M30: 52 resolved signals
2026-07-08 22:49:37,969 [INFO]   BTCUSD_M5: 110 resolved signals
2026-07-08 22:49:37,969 [INFO]   EURUSDc_D1: 43 resolved signals
2026-07-08 22:49:37,969 [INFO]   EURUSDc_H1: 50 resolved signals
2026-07-08 22:49:37,969 [INFO]   EURUSDc_H4: 97 resolved signals
2026-07-08 22:49:37,969 [INFO]   EURUSDc_M15: 0 resolved signals
2026-07-08 22:49:37,969 [INFO]   EURUSDc_M30: 0 resolved signals
2026-07-08 22:49:37,969 [INFO]   XAUUSD_D1: 44 resolved signals
2026-07-08 22:49:37,969 [INFO]   XAUUSD_H1: 18 resolved signals
2026-07-08 22:49:37,969 [INFO]   XAUUSD_H4: 74 resolved signals
2026-07-08 22:49:37,969 [INFO]   XAUUSD_M15: 112 resolved signals
2026-07-08 22:49:37,969 [INFO]   XAUUSD_M30: 69 resolved signals
2026-07-08 22:49:37,969 [INFO]   XAUUSD_M5: 96 resolved signals
2026-07-08 22:49:37,969 [INFO]   XAUUSDc_D1: 59 resolved signals
2026-07-08 22:49:37,969 [INFO]   XAUUSDc_H1: 76 resolved signals
2026-07-08 22:49:37,969 [INFO]   XAUUSDc_H4: 79 resolved signals
2026-07-08 22:49:37,969 [INFO]   XAUUSDc_M15: 31 resolved signals
2026-07-08 22:49:37,969 [INFO]   XAUUSDc_M30: 69 resolved signals
2026-07-08 22:49:37,969 [INFO]   XAUUSDc_M5: 28 resolved signals
2026-07-08 22:49:37,969 [DEBUG]   BTCUSD_D1: skip — only 0/150 signals
2026-07-08 22:49:37,969 [DEBUG]   BTCUSD_H1: skip — only 101/150 signals
2026-07-08 22:49:37,969 [DEBUG]   BTCUSD_H4: skip — only 0/150 signals
2026-07-08 22:49:37,969 [DEBUG]   BTCUSD_M30: skip — only 52/150 signals
2026-07-08 22:49:37,969 [DEBUG]   BTCUSD_M5: skip — only 110/150 signals
2026-07-08 22:49:37,969 [DEBUG]   EURUSDc_D1: skip — only 43/150 signals
2026-07-08 22:49:37,969 [DEBUG]   EURUSDc_H1: skip — only 50/150 signals
2026-07-08 22:49:37,969 [DEBUG]   EURUSDc_H4: skip — only 97/150 signals
2026-07-08 22:49:37,969 [DEBUG]   EURUSDc_M15: skip — only 0/150 signals
2026-07-08 22:49:37,969 [DEBUG]   EURUSDc_M30: skip — only 0/150 signals
2026-07-08 22:49:37,969 [DEBUG]   XAUUSD_D1: skip — only 44/150 signals
2026-07-08 22:49:37,969 [DEBUG]   XAUUSD_H1: skip — only 18/150 signals
2026-07-08 22:49:37,969 [DEBUG]   XAUUSD_H4: skip — only 74/150 signals
2026-07-08 22:49:37,969 [DEBUG]   XAUUSD_M15: skip — only 112/150 signals
2026-07-08 22:49:37,969 [DEBUG]   XAUUSD_M30: skip — only 69/150 signals
2026-07-08 22:49:37,969 [DEBUG]   XAUUSD_M5: skip — only 96/150 signals
2026-07-08 22:49:37,969 [DEBUG]   XAUUSDc_D1: skip — only 59/150 signals
2026-07-08 22:49:37,969 [DEBUG]   XAUUSDc_H1: skip — only 76/150 signals
2026-07-08 22:49:37,969 [DEBUG]   XAUUSDc_H4: skip — only 79/150 signals
2026-07-08 22:49:37,969 [DEBUG]   XAUUSDc_M15: skip — only 31/150 signals
2026-07-08 22:49:37,969 [DEBUG]   XAUUSDc_M30: skip — only 69/150 signals
2026-07-08 22:49:37,969 [DEBUG]   XAUUSDc_M5: skip — only 28/150 signals
2026-07-08 23:19:38,412 [INFO] Scanning 5 directories for TFs: ['M5', 'M15', 'M30', 'H1', 'H4', 'D1']
2026-07-08 23:19:38,540 [INFO] Found 22 symbol+TF pairs with data
2026-07-08 23:19:38,540 [INFO]   BTCUSD_D1: 0 resolved signals
2026-07-08 23:19:38,540 [INFO]   BTCUSD_H1: 101 resolved signals
2026-07-08 23:19:38,540 [INFO]   BTCUSD_H4: 0 resolved signals
2026-07-08 23:19:38,540 [INFO]   BTCUSD_M30: 52 resolved signals
2026-07-08 23:19:38,540 [INFO]   BTCUSD_M5: 112 resolved signals
2026-07-08 23:19:38,540 [INFO]   EURUSDc_D1: 43 resolved signals
2026-07-08 23:19:38,540 [INFO]   EURUSDc_H1: 50 resolved signals
2026-07-08 23:19:38,540 [INFO]   EURUSDc_H4: 97 resolved signals
2026-07-08 23:19:38,540 [INFO]   EURUSDc_M15: 0 resolved signals
2026-07-08 23:19:38,540 [INFO]   EURUSDc_M30: 0 resolved signals
2026-07-08 23:19:38,540 [INFO]   XAUUSD_D1: 44 resolved signals
2026-07-08 23:19:38,540 [INFO]   XAUUSD_H1: 18 resolved signals
2026-07-08 23:19:38,541 [INFO]   XAUUSD_H4: 74 resolved signals
2026-07-08 23:19:38,541 [INFO]   XAUUSD_M15: 112 resolved signals
2026-07-08 23:19:38,541 [INFO]   XAUUSD_M30: 69 resolved signals
2026-07-08 23:19:38,541 [INFO]   XAUUSD_M5: 96 resolved signals
2026-07-08 23:19:38,541 [INFO]   XAUUSDc_D1: 59 resolved signals
2026-07-08 23:19:38,541 [INFO]   XAUUSDc_H1: 76 resolved signals
2026-07-08 23:19:38,541 [INFO]   XAUUSDc_H4: 79 resolved signals
2026-07-08 23:19:38,541 [INFO]   XAUUSDc_M15: 31 resolved signals
2026-07-08 23:19:38,541 [INFO]   XAUUSDc_M30: 69 resolved signals
2026-07-08 23:19:38,541 [INFO]   XAUUSDc_M5: 28 resolved signals
2026-07-08 23:19:38,541 [DEBUG]   BTCUSD_D1: skip — only 0/150 signals
2026-07-08 23:19:38,541 [DEBUG]   BTCUSD_H1: skip — only 101/150 signals
2026-07-08 23:19:38,541 [DEBUG]   BTCUSD_H4: skip — only 0/150 signals
2026-07-08 23:19:38,541 [DEBUG]   BTCUSD_M30: skip — only 52/150 signals
2026-07-08 23:19:38,541 [DEBUG]   BTCUSD_M5: skip — only 112/150 signals
2026-07-08 23:19:38,541 [DEBUG]   EURUSDc_D1: skip — only 43/150 signals
2026-07-08 23:19:38,541 [DEBUG]   EURUSDc_H1: skip — only 50/150 signals
2026-07-08 23:19:38,541 [DEBUG]   EURUSDc_H4: skip — only 97/150 signals
2026-07-08 23:19:38,541 [DEBUG]   EURUSDc_M15: skip — only 0/150 signals
2026-07-08 23:19:38,541 [DEBUG]   EURUSDc_M30: skip — only 0/150 signals
2026-07-08 23:19:38,541 [DEBUG]   XAUUSD_D1: skip — only 44/150 signals
2026-07-08 23:19:38,541 [DEBUG]   XAUUSD_H1: skip — only 18/150 signals
2026-07-08 23:19:38,541 [DEBUG]   XAUUSD_H4: skip — only 74/150 signals
2026-07-08 23:19:38,541 [DEBUG]   XAUUSD_M15: skip — only 112/150 signals
2026-07-08 23:19:38,541 [DEBUG]   XAUUSD_M30: skip — only 69/150 signals
2026-07-08 23:19:38,541 [DEBUG]   XAUUSD_M5: skip — only 96/150 signals
2026-07-08 23:19:38,541 [DEBUG]   XAUUSDc_D1: skip — only 59/150 signals
2026-07-08 23:19:38,541 [DEBUG]   XAUUSDc_H1: skip — only 76/150 signals
2026-07-08 23:19:38,541 [DEBUG]   XAUUSDc_H4: skip — only 79/150 signals
2026-07-08 23:19:38,541 [DEBUG]   XAUUSDc_M15: skip — only 31/150 signals
2026-07-08 23:19:38,541 [DEBUG]   XAUUSDc_M30: skip — only 69/150 signals
2026-07-08 23:19:38,541 [DEBUG]   XAUUSDc_M5: skip — only 28/150 signals
2026-07-08 23:49:39,017 [INFO] Scanning 5 directories for TFs: ['M5', 'M15', 'M30', 'H1', 'H4', 'D1']
2026-07-08 23:49:39,091 [INFO] Found 22 symbol+TF pairs with data
2026-07-08 23:49:39,091 [INFO]   BTCUSD_D1: 0 resolved signals
2026-07-08 23:49:39,091 [INFO]   BTCUSD_H1: 101 resolved signals
2026-07-08 23:49:39,091 [INFO]   BTCUSD_H4: 0 resolved signals
2026-07-08 23:49:39,091 [INFO]   BTCUSD_M30: 52 resolved signals
2026-07-08 23:49:39,091 [INFO]   BTCUSD_M5: 112 resolved signals
2026-07-08 23:49:39,091 [INFO]   EURUSDc_D1: 43 resolved signals
2026-07-08 23:49:39,091 [INFO]   EURUSDc_H1: 50 resolved signals
2026-07-08 23:49:39,091 [INFO]   EURUSDc_H4: 97 resolved signals
2026-07-08 23:49:39,091 [INFO]   EURUSDc_M15: 0 resolved signals
2026-07-08 23:49:39,091 [INFO]   EURUSDc_M30: 0 resolved signals
2026-07-08 23:49:39,091 [INFO]   XAUUSD_D1: 44 resolved signals
2026-07-08 23:49:39,091 [INFO]   XAUUSD_H1: 18 resolved signals
2026-07-08 23:49:39,091 [INFO]   XAUUSD_H4: 74 resolved signals
2026-07-08 23:49:39,091 [INFO]   XAUUSD_M15: 113 resolved signals
2026-07-08 23:49:39,091 [INFO]   XAUUSD_M30: 69 resolved signals
2026-07-08 23:49:39,091 [INFO]   XAUUSD_M5: 96 resolved signals
2026-07-08 23:49:39,091 [INFO]   XAUUSDc_D1: 59 resolved signals
2026-07-08 23:49:39,091 [INFO]   XAUUSDc_H1: 76 resolved signals
2026-07-08 23:49:39,091 [INFO]   XAUUSDc_H4: 79 resolved signals
2026-07-08 23:49:39,091 [INFO]   XAUUSDc_M15: 31 resolved signals
2026-07-08 23:49:39,091 [INFO]   XAUUSDc_M30: 69 resolved signals
2026-07-08 23:49:39,091 [INFO]   XAUUSDc_M5: 28 resolved signals
2026-07-08 23:49:39,091 [DEBUG]   BTCUSD_D1: skip — only 0/150 signals
2026-07-08 23:49:39,092 [DEBUG]   BTCUSD_H1: skip — only 101/150 signals
2026-07-08 23:49:39,092 [DEBUG]   BTCUSD_H4: skip — only 0/150 signals
2026-07-08 23:49:39,092 [DEBUG]   BTCUSD_M30: skip — only 52/150 signals
2026-07-08 23:49:39,092 [DEBUG]   BTCUSD_M5: skip — only 112/150 signals
2026-07-08 23:49:39,092 [DEBUG]   EURUSDc_D1: skip — only 43/150 signals
2026-07-08 23:49:39,092 [DEBUG]   EURUSDc_H1: skip — only 50/150 signals
2026-07-08 23:49:39,092 [DEBUG]   EURUSDc_H4: skip — only 97/150 signals
2026-07-08 23:49:39,092 [DEBUG]   EURUSDc_M15: skip — only 0/150 signals
2026-07-08 23:49:39,092 [DEBUG]   EURUSDc_M30: skip — only 0/150 signals
2026-07-08 23:49:39,092 [DEBUG]   XAUUSD_D1: skip — only 44/150 signals
2026-07-08 23:49:39,092 [DEBUG]   XAUUSD_H1: skip — only 18/150 signals
2026-07-08 23:49:39,092 [DEBUG]   XAUUSD_H4: skip — only 74/150 signals
2026-07-08 23:49:39,092 [DEBUG]   XAUUSD_M15: skip — only 113/150 signals
2026-07-08 23:49:39,092 [DEBUG]   XAUUSD_M30: skip — only 69/150 signals
2026-07-08 23:49:39,092 [DEBUG]   XAUUSD_M5: skip — only 96/150 signals
2026-07-08 23:49:39,092 [DEBUG]   XAUUSDc_D1: skip — only 59/150 signals
2026-07-08 23:49:39,092 [DEBUG]   XAUUSDc_H1: skip — only 76/150 signals
2026-07-08 23:49:39,092 [DEBUG]   XAUUSDc_H4: skip — only 79/150 signals
2026-07-08 23:49:39,092 [DEBUG]   XAUUSDc_M15: skip — only 31/150 signals
2026-07-08 23:49:39,092 [DEBUG]   XAUUSDc_M30: skip — only 69/150 signals
2026-07-08 23:49:39,092 [DEBUG]   XAUUSDc_M5: skip — only 28/150 signals
2026-07-08 23:52:13,441 [INFO] Status:
Key                   Signals    Brier   Status Last Train          
----------------------------------------------------------------------
BTCUSD_D1                   0        ?     pass 2026-07-08T20:08    
BTCUSD_H1                  99        ?     pass 2026-07-08T20:08    
BTCUSD_H4                   0        ?     pass 2026-07-08T20:08    
BTCUSD_M30                 52        ?     pass 2026-07-08T20:08    
BTCUSD_M5                  98        ?     pass 2026-07-08T20:08    
EURUSDc_D1                 43        ?     pass 2026-07-08T20:08    
EURUSDc_H1                 50        ?     pass 2026-07-08T20:08    
EURUSDc_H4                 97        ?     pass 2026-07-08T20:08    
EURUSDc_M15                 0        ?     pass 2026-07-08T20:08    
EURUSDc_M30                 0        ?     pass 2026-07-08T20:08    
XAUUSD_D1                  44        ?     pass 2026-07-08T20:08    
XAUUSD_H1                  14        ?     pass 2026-07-08T20:08    
XAUUSD_H4                  74        ?     pass 2026-07-08T20:08    
XAUUSD_M15                108        ?     pass 2026-07-08T20:08    
XAUUSD_M30                 69        ?     pass 2026-07-08T20:08    
XAUUSD_M5                  87        ?     pass 2026-07-08T20:08    
XAUUSDc_D1                 59        ?     pass 2026-07-08T20:09    
XAUUSDc_H1                 76        ?     pass 2026-07-08T20:09    
XAUUSDc_H4                 79        ?     pass 2026-07-08T20:09    
XAUUSDc_M15                27        ?     pass 2026-07-08T20:09    
XAUUSDc_M30                69        ?     pass 2026-07-08T20:09    
XAUUSDc_M5                 24        ?     pass 2026-07-08T20:09    

Last scan: 2026-07-08T23:49:39.092341
2026-07-08 23:52:13,441 [INFO] NOTIFY: XGB Service Status — Key                   Signals    Brier   Status Last Train          
----------------------------------------------------------------------
BTCUSD_D1                   0        ?     pass 2026-07-08T20:08    
BTCUSD_H1                  99        ?   
2026-07-08 23:52:55,046 [INFO] Manual train triggered
2026-07-08 23:52:55,046 [INFO] Scanning 5 directories for TFs: ['M5', 'M15', 'M30', 'H1', 'H4', 'D1']
2026-07-08 23:52:55,113 [INFO] Found 22 symbol+TF pairs with data
2026-07-08 23:52:55,113 [INFO]   BTCUSD_D1: 0 resolved signals
2026-07-08 23:52:55,113 [INFO]   BTCUSD_H1: 101 resolved signals
2026-07-08 23:52:55,113 [INFO]   BTCUSD_H4: 0 resolved signals
2026-07-08 23:52:55,113 [INFO]   BTCUSD_M30: 52 resolved signals
2026-07-08 23:52:55,114 [INFO]   BTCUSD_M5: 112 resolved signals
2026-07-08 23:52:55,114 [INFO]   EURUSDc_D1: 43 resolved signals
2026-07-08 23:52:55,114 [INFO]   EURUSDc_H1: 50 resolved signals
2026-07-08 23:52:55,114 [INFO]   EURUSDc_H4: 97 resolved signals
2026-07-08 23:52:55,114 [INFO]   EURUSDc_M15: 0 resolved signals
2026-07-08 23:52:55,114 [INFO]   EURUSDc_M30: 0 resolved signals
2026-07-08 23:52:55,114 [INFO]   XAUUSD_D1: 44 resolved signals
2026-07-08 23:52:55,114 [INFO]   XAUUSD_H1: 18 resolved signals
2026-07-08 23:52:55,114 [INFO]   XAUUSD_H4: 74 resolved signals
2026-07-08 23:52:55,114 [INFO]   XAUUSD_M15: 113 resolved signals
2026-07-08 23:52:55,114 [INFO]   XAUUSD_M30: 69 resolved signals
2026-07-08 23:52:55,114 [INFO]   XAUUSD_M5: 96 resolved signals
2026-07-08 23:52:55,114 [INFO]   XAUUSDc_D1: 59 resolved signals
2026-07-08 23:52:55,114 [INFO]   XAUUSDc_H1: 76 resolved signals
2026-07-08 23:52:55,114 [INFO]   XAUUSDc_H4: 79 resolved signals
2026-07-08 23:52:55,114 [INFO]   XAUUSDc_M15: 31 resolved signals
2026-07-08 23:52:55,114 [INFO]   XAUUSDc_M30: 69 resolved signals
2026-07-08 23:52:55,114 [INFO]   XAUUSDc_M5: 28 resolved signals
2026-07-08 23:52:55,114 [INFO]   BTCUSD_D1: will train — forced
2026-07-08 23:52:55,114 [INFO] Training BTCUSD D1...
2026-07-08 23:52:55,114 [DEBUG] Command: C:\Users\Administrator\AppData\Local\Programs\Python\Python314\pythonw.exe D:\Thanh\Forex\RSI_Advanced\tools\rsi_xgboost_train.py --data-dir C:\Users\Administrator\AppData\Roaming\MetaQuotes\Terminal\3773AE10556A00F3D812544D7EDDAB90\MQL4\Files\RSI_Advanced_Logs C:\Users\Administrator\AppData\Roaming\MetaQuotes\Terminal\2191F4A3D14D7B4B1EBB84F924777883\MQL4\Files\RSI_Advanced_Logs C:\Users\Administrator\AppData\Roaming\MetaQuotes\Terminal\6F841180CC7A5B4E481813CAFF4002B0\MQL4\Files\RSI_Advanced_Logs...
2026-07-08 23:52:56,722 [INFO]   train: ============================================================
2026-07-08 23:52:56,722 [INFO]   train: Training model: BTCUSD_D1
2026-07-08 23:52:56,722 [INFO]   train: ============================================================
2026-07-08 23:52:56,722 [INFO]   train: Loading CSVs from 5 director(ies)
2026-07-08 23:52:56,722 [INFO]   train: Filter: symbol=BTCUSD
2026-07-08 23:52:56,722 [INFO]   train: Filter: tf=D1
2026-07-08 23:52:56,722 [INFO]   train: Signals: 62 rows
2026-07-08 23:52:56,722 [INFO]   train: Scoring: 1 rows
2026-07-08 23:52:56,722 [INFO]   train: Outcomes: 62 rows
2026-07-08 23:52:56,722 [INFO]   train: Resolved outcomes: 0
2026-07-08 23:52:56,722 [INFO]   train: Merged (joined): 0 rows
2026-07-08 23:52:56,722 [INFO]   train: SKIP: Only 0 resolved signals for BTCUSD_D1. Need 150.
2026-07-08 23:52:56,722 [INFO]   train: {
2026-07-08 23:52:56,722 [INFO]   train: "symbol": "BTCUSD",
2026-07-08 23:52:56,722 [INFO]   train: "tf": "D1",
2026-07-08 23:52:56,722 [INFO]   train: "status": "skip",
2026-07-08 23:52:56,722 [INFO]   train: "signals": 0,
2026-07-08 23:52:56,722 [INFO]   train: "message": "Only 0 resolved signals for BTCUSD_D1. Need 150."
2026-07-08 23:52:56,722 [INFO]   train: }
2026-07-08 23:52:56,722 [INFO]   BTCUSD_D1: PASS Brier=?, AUC=?
2026-07-08 23:52:56,722 [INFO]   BTCUSD_H1: will train — forced
2026-07-08 23:52:56,722 [INFO] Training BTCUSD H1...
2026-07-08 23:52:56,722 [DEBUG] Command: C:\Users\Administrator\AppData\Local\Programs\Python\Python314\pythonw.exe D:\Thanh\Forex\RSI_Advanced\tools\rsi_xgboost_train.py --data-dir C:\Users\Administrator\AppData\Roaming\MetaQuotes\Terminal\3773AE10556A00F3D812544D7EDDAB90\MQL4\Files\RSI_Advanced_Logs C:\Users\Administrator\AppData\Roaming\MetaQuotes\Terminal\2191F4A3D14D7B4B1EBB84F924777883\MQL4\Files\RSI_Advanced_Logs C:\Users\Administrator\AppData\Roaming\MetaQuotes\Terminal\6F841180CC7A5B4E481813CAFF4002B0\MQL4\Files\RSI_Advanced_Logs...
2026-07-08 23:52:58,250 [INFO]   train: ============================================================
2026-07-08 23:52:58,250 [INFO]   train: Training model: BTCUSD_H1
2026-07-08 23:52:58,250 [INFO]   train: ============================================================
2026-07-08 23:52:58,250 [INFO]   train: Loading CSVs from 5 director(ies)
2026-07-08 23:52:58,250 [INFO]   train: Filter: symbol=BTCUSD
2026-07-08 23:52:58,250 [INFO]   train: Filter: tf=H1
2026-07-08 23:52:58,251 [INFO]   train: Signals: 270 rows
2026-07-08 23:52:58,251 [INFO]   train: Scoring: 11 rows
2026-07-08 23:52:58,251 [INFO]   train: Outcomes: 371 rows
2026-07-08 23:52:58,251 [INFO]   train: Resolved outcomes: 38
2026-07-08 23:52:58,251 [INFO]   train: Merged (joined): 38 rows
2026-07-08 23:52:58,251 [INFO]   train: SKIP: Only 38 resolved signals for BTCUSD_H1. Need 150.
2026-07-08 23:52:58,251 [INFO]   train: {
2026-07-08 23:52:58,251 [INFO]   train: "symbol": "BTCUSD",
2026-07-08 23:52:58,251 [INFO]   train: "tf": "H1",
2026-07-08 23:52:58,251 [INFO]   train: "status": "skip",
2026-07-08 23:52:58,251 [INFO]   train: "signals": 38,
2026-07-08 23:52:58,251 [INFO]   train: "message": "Only 38 resolved signals for BTCUSD_H1. Need 150."
2026-07-08 23:52:58,251 [INFO]   train: }
2026-07-08 23:52:58,251 [INFO]   BTCUSD_H1: PASS Brier=?, AUC=?
2026-07-08 23:52:58,251 [INFO]   BTCUSD_H4: will train — forced
2026-07-08 23:52:58,251 [INFO] Training BTCUSD H4...
2026-07-08 23:52:58,251 [DEBUG] Command: C:\Users\Administrator\AppData\Local\Programs\Python\Python314\pythonw.exe D:\Thanh\Forex\RSI_Advanced\tools\rsi_xgboost_train.py --data-dir C:\Users\Administrator\AppData\Roaming\MetaQuotes\Terminal\3773AE10556A00F3D812544D7EDDAB90\MQL4\Files\RSI_Advanced_Logs C:\Users\Administrator\AppData\Roaming\MetaQuotes\Terminal\2191F4A3D14D7B4B1EBB84F924777883\MQL4\Files\RSI_Advanced_Logs C:\Users\Administrator\AppData\Roaming\MetaQuotes\Terminal\6F841180CC7A5B4E481813CAFF4002B0\MQL4\Files\RSI_Advanced_Logs...
2026-07-08 23:52:59,760 [INFO]   train: ============================================================
2026-07-08 23:52:59,760 [INFO]   train: Training model: BTCUSD_H4
2026-07-08 23:52:59,760 [INFO]   train: ============================================================
2026-07-08 23:52:59,760 [INFO]   train: Loading CSVs from 5 director(ies)
2026-07-08 23:52:59,760 [INFO]   train: Filter: symbol=BTCUSD
2026-07-08 23:52:59,760 [INFO]   train: Filter: tf=H4
2026-07-08 23:52:59,760 [INFO]   train: Signals: 81 rows
2026-07-08 23:52:59,760 [INFO]   train: Scoring: 1 rows
2026-07-08 23:52:59,760 [INFO]   train: Outcomes: 81 rows
2026-07-08 23:52:59,760 [INFO]   train: Resolved outcomes: 0
2026-07-08 23:52:59,760 [INFO]   train: Merged (joined): 0 rows
2026-07-08 23:52:59,760 [INFO]   train: SKIP: Only 0 resolved signals for BTCUSD_H4. Need 150.
2026-07-08 23:52:59,760 [INFO]   train: {
2026-07-08 23:52:59,760 [INFO]   train: "symbol": "BTCUSD",
2026-07-08 23:52:59,760 [INFO]   train: "tf": "H4",
2026-07-08 23:52:59,760 [INFO]   train: "status": "skip",
2026-07-08 23:52:59,760 [INFO]   train: "signals": 0,
2026-07-08 23:52:59,760 [INFO]   train: "message": "Only 0 resolved signals for BTCUSD_H4. Need 150."
2026-07-08 23:52:59,760 [INFO]   train: }
2026-07-08 23:52:59,760 [INFO]   BTCUSD_H4: PASS Brier=?, AUC=?
2026-07-08 23:52:59,760 [INFO]   BTCUSD_M30: will train — forced
2026-07-08 23:52:59,760 [INFO] Training BTCUSD M30...
2026-07-08 23:52:59,760 [DEBUG] Command: C:\Users\Administrator\AppData\Local\Programs\Python\Python314\pythonw.exe D:\Thanh\Forex\RSI_Advanced\tools\rsi_xgboost_train.py --data-dir C:\Users\Administrator\AppData\Roaming\MetaQuotes\Terminal\3773AE10556A00F3D812544D7EDDAB90\MQL4\Files\RSI_Advanced_Logs C:\Users\Administrator\AppData\Roaming\MetaQuotes\Terminal\2191F4A3D14D7B4B1EBB84F924777883\MQL4\Files\RSI_Advanced_Logs C:\Users\Administrator\AppData\Roaming\MetaQuotes\Terminal\6F841180CC7A5B4E481813CAFF4002B0\MQL4\Files\RSI_Advanced_Logs...
2026-07-08 23:53:01,303 [INFO]   train: ============================================================
2026-07-08 23:53:01,303 [INFO]   train: Training model: BTCUSD_M30
2026-07-08 23:53:01,303 [INFO]   train: ============================================================
2026-07-08 23:53:01,303 [INFO]   train: Loading CSVs from 5 director(ies)
2026-07-08 23:53:01,303 [INFO]   train: Filter: symbol=BTCUSD
2026-07-08 23:53:01,303 [INFO]   train: Filter: tf=M30
2026-07-08 23:53:01,303 [INFO]   train: Signals: 9590 rows
2026-07-08 23:53:01,303 [INFO]   train: Scoring: 1 rows
2026-07-08 23:53:01,303 [INFO]   train: Outcomes: 9642 rows
2026-07-08 23:53:01,303 [INFO]   train: Resolved outcomes: 50
2026-07-08 23:53:01,303 [INFO]   train: Merged (joined): 50 rows
2026-07-08 23:53:01,303 [INFO]   train: SKIP: Only 50 resolved signals for BTCUSD_M30. Need 150.
2026-07-08 23:53:01,303 [INFO]   train: {
2026-07-08 23:53:01,303 [INFO]   train: "symbol": "BTCUSD",
2026-07-08 23:53:01,303 [INFO]   train: "tf": "M30",
2026-07-08 23:53:01,303 [INFO]   train: "status": "skip",
2026-07-08 23:53:01,303 [INFO]   train: "signals": 50,
2026-07-08 23:53:01,303 [INFO]   train: "message": "Only 50 resolved signals for BTCUSD_M30. Need 150."
2026-07-08 23:53:01,303 [INFO]   train: }
2026-07-08 23:53:01,303 [INFO]   BTCUSD_M30: PASS Brier=?, AUC=?
2026-07-08 23:53:01,303 [INFO]   BTCUSD_M5: will train — forced
2026-07-08 23:53:01,303 [INFO] Training BTCUSD M5...
2026-07-08 23:53:01,304 [DEBUG] Command: C:\Users\Administrator\AppData\Local\Programs\Python\Python314\pythonw.exe D:\Thanh\Forex\RSI_Advanced\tools\rsi_xgboost_train.py --data-dir C:\Users\Administrator\AppData\Roaming\MetaQuotes\Terminal\3773AE10556A00F3D812544D7EDDAB90\MQL4\Files\RSI_Advanced_Logs C:\Users\Administrator\AppData\Roaming\MetaQuotes\Terminal\2191F4A3D14D7B4B1EBB84F924777883\MQL4\Files\RSI_Advanced_Logs C:\Users\Administrator\AppData\Roaming\MetaQuotes\Terminal\6F841180CC7A5B4E481813CAFF4002B0\MQL4\Files\RSI_Advanced_Logs...
2026-07-08 23:53:02,869 [INFO]   train: ============================================================
2026-07-08 23:53:02,869 [INFO]   train: Training model: BTCUSD_M5
2026-07-08 23:53:02,869 [INFO]   train: ============================================================
2026-07-08 23:53:02,869 [INFO]   train: Loading CSVs from 5 director(ies)
2026-07-08 23:53:02,869 [INFO]   train: Filter: symbol=BTCUSD
2026-07-08 23:53:02,869 [INFO]   train: Filter: tf=M5
2026-07-08 23:53:02,869 [INFO]   train: Signals: 190 rows
2026-07-08 23:53:02,869 [INFO]   train: Scoring: 45 rows
2026-07-08 23:53:02,869 [INFO]   train: Outcomes: 302 rows
2026-07-08 23:53:02,869 [INFO]   train: Resolved outcomes: 82
2026-07-08 23:53:02,869 [INFO]   train: Merged (joined): 82 rows
2026-07-08 23:53:02,869 [INFO]   train: SKIP: Only 82 resolved signals for BTCUSD_M5. Need 150.
2026-07-08 23:53:02,869 [INFO]   train: {
2026-07-08 23:53:02,869 [INFO]   train: "symbol": "BTCUSD",
2026-07-08 23:53:02,869 [INFO]   train: "tf": "M5",
2026-07-08 23:53:02,869 [INFO]   train: "status": "skip",
2026-07-08 23:53:02,869 [INFO]   train: "signals": 82,
2026-07-08 23:53:02,869 [INFO]   train: "message": "Only 82 resolved signals for BTCUSD_M5. Need 150."
2026-07-08 23:53:02,869 [INFO]   train: }
2026-07-08 23:53:02,870 [INFO]   BTCUSD_M5: PASS Brier=?, AUC=?
2026-07-08 23:53:02,870 [INFO]   EURUSDc_D1: will train — forced
2026-07-08 23:53:02,870 [INFO] Training EURUSDc D1...
2026-07-08 23:53:02,870 [DEBUG] Command: C:\Users\Administrator\AppData\Local\Programs\Python\Python314\pythonw.exe D:\Thanh\Forex\RSI_Advanced\tools\rsi_xgboost_train.py --data-dir C:\Users\Administrator\AppData\Roaming\MetaQuotes\Terminal\3773AE10556A00F3D812544D7EDDAB90\MQL4\Files\RSI_Advanced_Logs C:\Users\Administrator\AppData\Roaming\MetaQuotes\Terminal\2191F4A3D14D7B4B1EBB84F924777883\MQL4\Files\RSI_Advanced_Logs C:\Users\Administrator\AppData\Roaming\MetaQuotes\Terminal\6F841180CC7A5B4E481813CAFF4002B0\MQL4\Files\RSI_Advanced_Logs...
2026-07-08 23:53:04,354 [INFO]   train: ============================================================
2026-07-08 23:53:04,354 [INFO]   train: Training model: EURUSDc_D1
2026-07-08 23:53:04,354 [INFO]   train: ============================================================
2026-07-08 23:53:04,354 [INFO]   train: Loading CSVs from 5 director(ies)
2026-07-08 23:53:04,354 [INFO]   train: Filter: symbol=EURUSDc
2026-07-08 23:53:04,354 [INFO]   train: Filter: tf=D1
2026-07-08 23:53:04,354 [INFO]   train: Signals: 65 rows
2026-07-08 23:53:04,354 [INFO]   train: Scoring: 1 rows
2026-07-08 23:53:04,354 [INFO]   train: Outcomes: 108 rows
2026-07-08 23:53:04,354 [INFO]   train: Resolved outcomes: 41
2026-07-08 23:53:04,354 [INFO]   train: Merged (joined): 41 rows
2026-07-08 23:53:04,354 [INFO]   train: SKIP: Only 41 resolved signals for EURUSDc_D1. Need 150.
2026-07-08 23:53:04,354 [INFO]   train: {
2026-07-08 23:53:04,354 [INFO]   train: "symbol": "EURUSDc",
2026-07-08 23:53:04,354 [INFO]   train: "tf": "D1",
2026-07-08 23:53:04,354 [INFO]   train: "status": "skip",
2026-07-08 23:53:04,354 [INFO]   train: "signals": 41,
2026-07-08 23:53:04,354 [INFO]   train: "message": "Only 41 resolved signals for EURUSDc_D1. Need 150."
2026-07-08 23:53:04,354 [INFO]   train: }
2026-07-08 23:53:04,354 [INFO]   EURUSDc_D1: PASS Brier=?, AUC=?
2026-07-08 23:53:04,354 [INFO]   EURUSDc_H1: will train — forced
2026-07-08 23:53:04,354 [INFO] Training EURUSDc H1...
2026-07-08 23:53:04,354 [DEBUG] Command: C:\Users\Administrator\AppData\Local\Programs\Python\Python314\pythonw.exe D:\Thanh\Forex\RSI_Advanced\tools\rsi_xgboost_train.py --data-dir C:\Users\Administrator\AppData\Roaming\MetaQuotes\Terminal\3773AE10556A00F3D812544D7EDDAB90\MQL4\Files\RSI_Advanced_Logs C:\Users\Administrator\AppData\Roaming\MetaQuotes\Terminal\2191F4A3D14D7B4B1EBB84F924777883\MQL4\Files\RSI_Advanced_Logs C:\Users\Administrator\AppData\Roaming\MetaQuotes\Terminal\6F841180CC7A5B4E481813CAFF4002B0\MQL4\Files\RSI_Advanced_Logs...
2026-07-08 23:53:05,815 [INFO]   train: ============================================================
2026-07-08 23:53:05,815 [INFO]   train: Training model: EURUSDc_H1
2026-07-08 23:53:05,815 [INFO]   train: ============================================================
2026-07-08 23:53:05,815 [INFO]   train: Loading CSVs from 5 director(ies)
2026-07-08 23:53:05,815 [INFO]   train: Filter: symbol=EURUSDc
2026-07-08 23:53:05,815 [INFO]   train: Filter: tf=H1
2026-07-08 23:53:05,815 [INFO]   train: Signals: 57 rows
2026-07-08 23:53:05,815 [INFO]   train: Scoring: 1 rows
2026-07-08 23:53:05,815 [INFO]   train: Outcomes: 107 rows
2026-07-08 23:53:05,815 [INFO]   train: Resolved outcomes: 47
2026-07-08 23:53:05,815 [INFO]   train: Merged (joined): 47 rows
2026-07-08 23:53:05,815 [INFO]   train: SKIP: Only 47 resolved signals for EURUSDc_H1. Need 150.
2026-07-08 23:53:05,815 [INFO]   train: {
2026-07-08 23:53:05,815 [INFO]   train: "symbol": "EURUSDc",
2026-07-08 23:53:05,815 [INFO]   train: "tf": "H1",
2026-07-08 23:53:05,815 [INFO]   train: "status": "skip",
2026-07-08 23:53:05,815 [INFO]   train: "signals": 47,
2026-07-08 23:53:05,816 [INFO]   train: "message": "Only 47 resolved signals for EURUSDc_H1. Need 150."
2026-07-08 23:53:05,816 [INFO]   train: }
2026-07-08 23:53:05,816 [INFO]   EURUSDc_H1: PASS Brier=?, AUC=?
2026-07-08 23:53:05,816 [INFO]   EURUSDc_H4: will train — forced
2026-07-08 23:53:05,816 [INFO] Training EURUSDc H4...
2026-07-08 23:53:05,816 [DEBUG] Command: C:\Users\Administrator\AppData\Local\Programs\Python\Python314\pythonw.exe D:\Thanh\Forex\RSI_Advanced\tools\rsi_xgboost_train.py --data-dir C:\Users\Administrator\AppData\Roaming\MetaQuotes\Terminal\3773AE10556A00F3D812544D7EDDAB90\MQL4\Files\RSI_Advanced_Logs C:\Users\Administrator\AppData\Roaming\MetaQuotes\Terminal\2191F4A3D14D7B4B1EBB84F924777883\MQL4\Files\RSI_Advanced_Logs C:\Users\Administrator\AppData\Roaming\MetaQuotes\Terminal\6F841180CC7A5B4E481813CAFF4002B0\MQL4\Files\RSI_Advanced_Logs...
2026-07-08 23:53:07,308 [INFO]   train: ============================================================
2026-07-08 23:53:07,308 [INFO]   train: Training model: EURUSDc_H4
2026-07-08 23:53:07,308 [INFO]   train: ============================================================
2026-07-08 23:53:07,308 [INFO]   train: Loading CSVs from 5 director(ies)
2026-07-08 23:53:07,308 [INFO]   train: Filter: symbol=EURUSDc
2026-07-08 23:53:07,309 [INFO]   train: Filter: tf=H4
2026-07-08 23:53:07,309 [INFO]   train: Signals: 99 rows
2026-07-08 23:53:07,309 [INFO]   train: Scoring: 3 rows
2026-07-08 23:53:07,309 [INFO]   train: Outcomes: 196 rows
2026-07-08 23:53:07,309 [INFO]   train: Resolved outcomes: 97
2026-07-08 23:53:07,309 [INFO]   train: Merged (joined): 97 rows
2026-07-08 23:53:07,309 [INFO]   train: SKIP: Only 97 resolved signals for EURUSDc_H4. Need 150.
2026-07-08 23:53:07,309 [INFO]   train: {
2026-07-08 23:53:07,309 [INFO]   train: "symbol": "EURUSDc",
2026-07-08 23:53:07,309 [INFO]   train: "tf": "H4",
2026-07-08 23:53:07,309 [INFO]   train: "status": "skip",
2026-07-08 23:53:07,309 [INFO]   train: "signals": 97,
2026-07-08 23:53:07,309 [INFO]   train: "message": "Only 97 resolved signals for EURUSDc_H4. Need 150."
2026-07-08 23:53:07,309 [INFO]   train: }
2026-07-08 23:53:07,309 [INFO]   EURUSDc_H4: PASS Brier=?, AUC=?
2026-07-08 23:53:07,309 [INFO]   EURUSDc_M15: will train — forced
2026-07-08 23:53:07,309 [INFO] Training EURUSDc M15...
2026-07-08 23:53:07,309 [DEBUG] Command: C:\Users\Administrator\AppData\Local\Programs\Python\Python314\pythonw.exe D:\Thanh\Forex\RSI_Advanced\tools\rsi_xgboost_train.py --data-dir C:\Users\Administrator\AppData\Roaming\MetaQuotes\Terminal\3773AE10556A00F3D812544D7EDDAB90\MQL4\Files\RSI_Advanced_Logs C:\Users\Administrator\AppData\Roaming\MetaQuotes\Terminal\2191F4A3D14D7B4B1EBB84F924777883\MQL4\Files\RSI_Advanced_Logs C:\Users\Administrator\AppData\Roaming\MetaQuotes\Terminal\6F841180CC7A5B4E481813CAFF4002B0\MQL4\Files\RSI_Advanced_Logs...
2026-07-08 23:53:08,828 [INFO]   train: ============================================================
2026-07-08 23:53:08,828 [INFO]   train: Training model: EURUSDc_M15
2026-07-08 23:53:08,828 [INFO]   train: ============================================================
2026-07-08 23:53:08,828 [INFO]   train: Loading CSVs from 5 director(ies)
2026-07-08 23:53:08,828 [INFO]   train: Filter: symbol=EURUSDc
2026-07-08 23:53:08,828 [INFO]   train: Filter: tf=M15
2026-07-08 23:53:08,828 [INFO]   train: Signals: 99 rows
2026-07-08 23:53:08,828 [INFO]   train: Scoring: 1 rows
2026-07-08 23:53:08,828 [INFO]   train: Outcomes: 99 rows
2026-07-08 23:53:08,828 [INFO]   train: Resolved outcomes: 0
2026-07-08 23:53:08,828 [INFO]   train: Merged (joined): 0 rows
2026-07-08 23:53:08,828 [INFO]   train: SKIP: Only 0 resolved signals for EURUSDc_M15. Need 150.
2026-07-08 23:53:08,828 [INFO]   train: {
2026-07-08 23:53:08,828 [INFO]   train: "symbol": "EURUSDc",
2026-07-08 23:53:08,828 [INFO]   train: "tf": "M15",
2026-07-08 23:53:08,828 [INFO]   train: "status": "skip",
2026-07-08 23:53:08,828 [INFO]   train: "signals": 0,
2026-07-08 23:53:08,828 [INFO]   train: "message": "Only 0 resolved signals for EURUSDc_M15. Need 150."
2026-07-08 23:53:08,828 [INFO]   train: }
2026-07-08 23:53:08,828 [INFO]   EURUSDc_M15: PASS Brier=?, AUC=?
2026-07-08 23:53:08,829 [INFO]   EURUSDc_M30: will train — forced
2026-07-08 23:53:08,829 [INFO] Training EURUSDc M30...
2026-07-08 23:53:08,829 [DEBUG] Command: C:\Users\Administrator\AppData\Local\Programs\Python\Python314\pythonw.exe D:\Thanh\Forex\RSI_Advanced\tools\rsi_xgboost_train.py --data-dir C:\Users\Administrator\AppData\Roaming\MetaQuotes\Terminal\3773AE10556A00F3D812544D7EDDAB90\MQL4\Files\RSI_Advanced_Logs C:\Users\Administrator\AppData\Roaming\MetaQuotes\Terminal\2191F4A3D14D7B4B1EBB84F924777883\MQL4\Files\RSI_Advanced_Logs C:\Users\Administrator\AppData\Roaming\MetaQuotes\Terminal\6F841180CC7A5B4E481813CAFF4002B0\MQL4\Files\RSI_Advanced_Logs...
2026-07-08 23:53:10,350 [INFO]   train: ============================================================
2026-07-08 23:53:10,350 [INFO]   train: Training model: EURUSDc_M30
2026-07-08 23:53:10,350 [INFO]   train: ============================================================
2026-07-08 23:53:10,350 [INFO]   train: Loading CSVs from 5 director(ies)
2026-07-08 23:53:10,350 [INFO]   train: Filter: symbol=EURUSDc
2026-07-08 23:53:10,350 [INFO]   train: Filter: tf=M30
2026-07-08 23:53:10,350 [INFO]   train: Signals: 124 rows
2026-07-08 23:53:10,350 [INFO]   train: Scoring: 1 rows
2026-07-08 23:53:10,350 [INFO]   train: Outcomes: 124 rows
2026-07-08 23:53:10,351 [INFO]   train: Resolved outcomes: 0
2026-07-08 23:53:10,351 [INFO]   train: Merged (joined): 0 rows
2026-07-08 23:53:10,351 [INFO]   train: SKIP: Only 0 resolved signals for EURUSDc_M30. Need 150.
2026-07-08 23:53:10,351 [INFO]   train: {
2026-07-08 23:53:10,351 [INFO]   train: "symbol": "EURUSDc",
2026-07-08 23:53:10,351 [INFO]   train: "tf": "M30",
2026-07-08 23:53:10,351 [INFO]   train: "status": "skip",
2026-07-08 23:53:10,351 [INFO]   train: "signals": 0,
2026-07-08 23:53:10,351 [INFO]   train: "message": "Only 0 resolved signals for EURUSDc_M30. Need 150."
2026-07-08 23:53:10,351 [INFO]   train: }
2026-07-08 23:53:10,351 [INFO]   EURUSDc_M30: PASS Brier=?, AUC=?
2026-07-08 23:53:10,351 [INFO]   XAUUSD_D1: will train — forced
2026-07-08 23:53:10,351 [INFO] Training XAUUSD D1...
2026-07-08 23:53:10,351 [DEBUG] Command: C:\Users\Administrator\AppData\Local\Programs\Python\Python314\pythonw.exe D:\Thanh\Forex\RSI_Advanced\tools\rsi_xgboost_train.py --data-dir C:\Users\Administrator\AppData\Roaming\MetaQuotes\Terminal\3773AE10556A00F3D812544D7EDDAB90\MQL4\Files\RSI_Advanced_Logs C:\Users\Administrator\AppData\Roaming\MetaQuotes\Terminal\2191F4A3D14D7B4B1EBB84F924777883\MQL4\Files\RSI_Advanced_Logs C:\Users\Administrator\AppData\Roaming\MetaQuotes\Terminal\6F841180CC7A5B4E481813CAFF4002B0\MQL4\Files\RSI_Advanced_Logs...
2026-07-08 23:53:11,902 [INFO]   train: ============================================================
2026-07-08 23:53:11,902 [INFO]   train: Training model: XAUUSD_D1
2026-07-08 23:53:11,902 [INFO]   train: ============================================================
2026-07-08 23:53:11,902 [INFO]   train: Loading CSVs from 5 director(ies)
2026-07-08 23:53:11,902 [INFO]   train: Filter: symbol=XAUUSD
2026-07-08 23:53:11,903 [INFO]   train: Filter: tf=D1
2026-07-08 23:53:11,903 [INFO]   train: Signals: 133 rows
2026-07-08 23:53:11,903 [INFO]   train: Scoring: 2 rows
2026-07-08 23:53:11,903 [INFO]   train: Outcomes: 177 rows
2026-07-08 23:53:11,903 [INFO]   train: Resolved outcomes: 41
2026-07-08 23:53:11,903 [INFO]   train: Merged (joined): 41 rows
2026-07-08 23:53:11,903 [INFO]   train: SKIP: Only 41 resolved signals for XAUUSD_D1. Need 150.
2026-07-08 23:53:11,903 [INFO]   train: {
2026-07-08 23:53:11,903 [INFO]   train: "symbol": "XAUUSD",
2026-07-08 23:53:11,903 [INFO]   train: "tf": "D1",
2026-07-08 23:53:11,903 [INFO]   train: "status": "skip",
2026-07-08 23:53:11,903 [INFO]   train: "signals": 41,
2026-07-08 23:53:11,903 [INFO]   train: "message": "Only 41 resolved signals for XAUUSD_D1. Need 150."
2026-07-08 23:53:11,903 [INFO]   train: }
2026-07-08 23:53:11,903 [INFO]   XAUUSD_D1: PASS Brier=?, AUC=?
2026-07-08 23:53:11,903 [INFO]   XAUUSD_H1: will train — forced
2026-07-08 23:53:11,903 [INFO] Training XAUUSD H1...
2026-07-08 23:53:11,903 [DEBUG] Command: C:\Users\Administrator\AppData\Local\Programs\Python\Python314\pythonw.exe D:\Thanh\Forex\RSI_Advanced\tools\rsi_xgboost_train.py --data-dir C:\Users\Administrator\AppData\Roaming\MetaQuotes\Terminal\3773AE10556A00F3D812544D7EDDAB90\MQL4\Files\RSI_Advanced_Logs C:\Users\Administrator\AppData\Roaming\MetaQuotes\Terminal\2191F4A3D14D7B4B1EBB84F924777883\MQL4\Files\RSI_Advanced_Logs C:\Users\Administrator\AppData\Roaming\MetaQuotes\Terminal\6F841180CC7A5B4E481813CAFF4002B0\MQL4\Files\RSI_Advanced_Logs...
2026-07-08 23:53:13,412 [INFO]   train: ============================================================
2026-07-08 23:53:13,412 [INFO]   train: Training model: XAUUSD_H1
2026-07-08 23:53:13,412 [INFO]   train: ============================================================
2026-07-08 23:53:13,413 [INFO]   train: Loading CSVs from 5 director(ies)
2026-07-08 23:53:13,413 [INFO]   train: Filter: symbol=XAUUSD
2026-07-08 23:53:13,413 [INFO]   train: Filter: tf=H1
2026-07-08 23:53:13,413 [INFO]   train: Signals: 367 rows
2026-07-08 23:53:13,413 [INFO]   train: Scoring: 102 rows
2026-07-08 23:53:13,413 [INFO]   train: Outcomes: 385 rows
2026-07-08 23:53:13,413 [INFO]   train: Resolved outcomes: 8
2026-07-08 23:53:13,413 [INFO]   train: Merged (joined): 8 rows
2026-07-08 23:53:13,413 [INFO]   train: SKIP: Only 8 resolved signals for XAUUSD_H1. Need 150.
2026-07-08 23:53:13,413 [INFO]   train: {
2026-07-08 23:53:13,413 [INFO]   train: "symbol": "XAUUSD",
2026-07-08 23:53:13,413 [INFO]   train: "tf": "H1",
2026-07-08 23:53:13,413 [INFO]   train: "status": "skip",
2026-07-08 23:53:13,413 [INFO]   train: "signals": 8,
2026-07-08 23:53:13,413 [INFO]   train: "message": "Only 8 resolved signals for XAUUSD_H1. Need 150."
2026-07-08 23:53:13,413 [INFO]   train: }
2026-07-08 23:53:13,413 [INFO]   XAUUSD_H1: PASS Brier=?, AUC=?
2026-07-08 23:53:13,413 [INFO]   XAUUSD_H4: will train — forced
2026-07-08 23:53:13,413 [INFO] Training XAUUSD H4...
2026-07-08 23:53:13,413 [DEBUG] Command: C:\Users\Administrator\AppData\Local\Programs\Python\Python314\pythonw.exe D:\Thanh\Forex\RSI_Advanced\tools\rsi_xgboost_train.py --data-dir C:\Users\Administrator\AppData\Roaming\MetaQuotes\Terminal\3773AE10556A00F3D812544D7EDDAB90\MQL4\Files\RSI_Advanced_Logs C:\Users\Administrator\AppData\Roaming\MetaQuotes\Terminal\2191F4A3D14D7B4B1EBB84F924777883\MQL4\Files\RSI_Advanced_Logs C:\Users\Administrator\AppData\Roaming\MetaQuotes\Terminal\6F841180CC7A5B4E481813CAFF4002B0\MQL4\Files\RSI_Advanced_Logs...
2026-07-08 23:53:14,915 [INFO]   train: ============================================================
2026-07-08 23:53:14,915 [INFO]   train: Training model: XAUUSD_H4
2026-07-08 23:53:14,915 [INFO]   train: ============================================================
2026-07-08 23:53:14,915 [INFO]   train: Loading CSVs from 5 director(ies)
2026-07-08 23:53:14,915 [INFO]   train: Filter: symbol=XAUUSD
2026-07-08 23:53:14,915 [INFO]   train: Filter: tf=H4
2026-07-08 23:53:14,915 [INFO]   train: Signals: 80 rows
2026-07-08 23:53:14,915 [INFO]   train: Scoring: 16 rows
2026-07-08 23:53:14,915 [INFO]   train: Outcomes: 154 rows
2026-07-08 23:53:14,915 [INFO]   train: Resolved outcomes: 74
2026-07-08 23:53:14,915 [INFO]   train: Merged (joined): 74 rows
2026-07-08 23:53:14,915 [INFO]   train: SKIP: Only 74 resolved signals for XAUUSD_H4. Need 150.
2026-07-08 23:53:14,915 [INFO]   train: {
2026-07-08 23:53:14,915 [INFO]   train: "symbol": "XAUUSD",
2026-07-08 23:53:14,915 [INFO]   train: "tf": "H4",
2026-07-08 23:53:14,915 [INFO]   train: "status": "skip",
2026-07-08 23:53:14,915 [INFO]   train: "signals": 74,
2026-07-08 23:53:14,915 [INFO]   train: "message": "Only 74 resolved signals for XAUUSD_H4. Need 150."
2026-07-08 23:53:14,915 [INFO]   train: }
2026-07-08 23:53:14,915 [INFO]   XAUUSD_H4: PASS Brier=?, AUC=?
2026-07-08 23:53:14,915 [INFO]   XAUUSD_M15: will train — forced
2026-07-08 23:53:14,915 [INFO] Training XAUUSD M15...
2026-07-08 23:53:14,915 [DEBUG] Command: C:\Users\Administrator\AppData\Local\Programs\Python\Python314\pythonw.exe D:\Thanh\Forex\RSI_Advanced\tools\rsi_xgboost_train.py --data-dir C:\Users\Administrator\AppData\Roaming\MetaQuotes\Terminal\3773AE10556A00F3D812544D7EDDAB90\MQL4\Files\RSI_Advanced_Logs C:\Users\Administrator\AppData\Roaming\MetaQuotes\Terminal\2191F4A3D14D7B4B1EBB84F924777883\MQL4\Files\RSI_Advanced_Logs C:\Users\Administrator\AppData\Roaming\MetaQuotes\Terminal\6F841180CC7A5B4E481813CAFF4002B0\MQL4\Files\RSI_Advanced_Logs...
2026-07-08 23:53:16,420 [INFO]   train: ============================================================
2026-07-08 23:53:16,420 [INFO]   train: Training model: XAUUSD_M15
2026-07-08 23:53:16,420 [INFO]   train: ============================================================
2026-07-08 23:53:16,420 [INFO]   train: Loading CSVs from 5 director(ies)
2026-07-08 23:53:16,420 [INFO]   train: Filter: symbol=XAUUSD
2026-07-08 23:53:16,420 [INFO]   train: Filter: tf=M15
2026-07-08 23:53:16,420 [INFO]   train: Signals: 272 rows
2026-07-08 23:53:16,420 [INFO]   train: Scoring: 22 rows
2026-07-08 23:53:16,420 [INFO]   train: Outcomes: 385 rows
2026-07-08 23:53:16,420 [INFO]   train: Resolved outcomes: 104
2026-07-08 23:53:16,420 [INFO]   train: Merged (joined): 104 rows
2026-07-08 23:53:16,420 [INFO]   train: SKIP: Only 104 resolved signals for XAUUSD_M15. Need 150.
2026-07-08 23:53:16,420 [INFO]   train: {
2026-07-08 23:53:16,420 [INFO]   train: "symbol": "XAUUSD",
2026-07-08 23:53:16,420 [INFO]   train: "tf": "M15",
2026-07-08 23:53:16,420 [INFO]   train: "status": "skip",
2026-07-08 23:53:16,420 [INFO]   train: "signals": 104,
2026-07-08 23:53:16,420 [INFO]   train: "message": "Only 104 resolved signals for XAUUSD_M15. Need 150."
2026-07-08 23:53:16,420 [INFO]   train: }
2026-07-08 23:53:16,420 [INFO]   XAUUSD_M15: PASS Brier=?, AUC=?
2026-07-08 23:53:16,420 [INFO]   XAUUSD_M30: will train — forced
2026-07-08 23:53:16,420 [INFO] Training XAUUSD M30...
2026-07-08 23:53:16,420 [DEBUG] Command: C:\Users\Administrator\AppData\Local\Programs\Python\Python314\pythonw.exe D:\Thanh\Forex\RSI_Advanced\tools\rsi_xgboost_train.py --data-dir C:\Users\Administrator\AppData\Roaming\MetaQuotes\Terminal\3773AE10556A00F3D812544D7EDDAB90\MQL4\Files\RSI_Advanced_Logs C:\Users\Administrator\AppData\Roaming\MetaQuotes\Terminal\2191F4A3D14D7B4B1EBB84F924777883\MQL4\Files\RSI_Advanced_Logs C:\Users\Administrator\AppData\Roaming\MetaQuotes\Terminal\6F841180CC7A5B4E481813CAFF4002B0\MQL4\Files\RSI_Advanced_Logs...
2026-07-08 23:53:17,965 [INFO]   train: ============================================================
2026-07-08 23:53:17,965 [INFO]   train: Training model: XAUUSD_M30
2026-07-08 23:53:17,965 [INFO]   train: ============================================================
2026-07-08 23:53:17,965 [INFO]   train: Loading CSVs from 5 director(ies)
2026-07-08 23:53:17,965 [INFO]   train: Filter: symbol=XAUUSD
2026-07-08 23:53:17,965 [INFO]   train: Filter: tf=M30
2026-07-08 23:53:17,965 [INFO]   train: Signals: 230 rows
2026-07-08 23:53:17,965 [INFO]   train: Scoring: 5 rows
2026-07-08 23:53:17,965 [INFO]   train: Outcomes: 299 rows
2026-07-08 23:53:17,965 [INFO]   train: Resolved outcomes: 69
2026-07-08 23:53:17,965 [INFO]   train: Merged (joined): 69 rows
2026-07-08 23:53:17,965 [INFO]   train: SKIP: Only 69 resolved signals for XAUUSD_M30. Need 150.
2026-07-08 23:53:17,965 [INFO]   train: {
2026-07-08 23:53:17,965 [INFO]   train: "symbol": "XAUUSD",
2026-07-08 23:53:17,965 [INFO]   train: "tf": "M30",
2026-07-08 23:53:17,965 [INFO]   train: "status": "skip",
2026-07-08 23:53:17,965 [INFO]   train: "signals": 69,
2026-07-08 23:53:17,965 [INFO]   train: "message": "Only 69 resolved signals for XAUUSD_M30. Need 150."
2026-07-08 23:53:17,965 [INFO]   train: }
2026-07-08 23:53:17,965 [INFO]   XAUUSD_M30: PASS Brier=?, AUC=?
2026-07-08 23:53:17,965 [INFO]   XAUUSD_M5: will train — forced
2026-07-08 23:53:17,965 [INFO] Training XAUUSD M5...
2026-07-08 23:53:17,965 [DEBUG] Command: C:\Users\Administrator\AppData\Local\Programs\Python\Python314\pythonw.exe D:\Thanh\Forex\RSI_Advanced\tools\rsi_xgboost_train.py --data-dir C:\Users\Administrator\AppData\Roaming\MetaQuotes\Terminal\3773AE10556A00F3D812544D7EDDAB90\MQL4\Files\RSI_Advanced_Logs C:\Users\Administrator\AppData\Roaming\MetaQuotes\Terminal\2191F4A3D14D7B4B1EBB84F924777883\MQL4\Files\RSI_Advanced_Logs C:\Users\Administrator\AppData\Roaming\MetaQuotes\Terminal\6F841180CC7A5B4E481813CAFF4002B0\MQL4\Files\RSI_Advanced_Logs...
2026-07-08 23:53:19,487 [INFO]   train: ============================================================
2026-07-08 23:53:19,488 [INFO]   train: Training model: XAUUSD_M5
2026-07-08 23:53:19,488 [INFO]   train: ============================================================
2026-07-08 23:53:19,488 [INFO]   train: Loading CSVs from 5 director(ies)
2026-07-08 23:53:19,488 [INFO]   train: Filter: symbol=XAUUSD
2026-07-08 23:53:19,488 [INFO]   train: Filter: tf=M5
2026-07-08 23:53:19,488 [INFO]   train: Signals: 174 rows
2026-07-08 23:53:19,488 [INFO]   train: Scoring: 23 rows
2026-07-08 23:53:19,488 [INFO]   train: Outcomes: 270 rows
2026-07-08 23:53:19,488 [INFO]   train: Resolved outcomes: 65
2026-07-08 23:53:19,488 [INFO]   train: Merged (joined): 65 rows
2026-07-08 23:53:19,488 [INFO]   train: SKIP: Only 65 resolved signals for XAUUSD_M5. Need 150.
2026-07-08 23:53:19,488 [INFO]   train: {
2026-07-08 23:53:19,488 [INFO]   train: "symbol": "XAUUSD",
2026-07-08 23:53:19,488 [INFO]   train: "tf": "M5",
2026-07-08 23:53:19,488 [INFO]   train: "status": "skip",
2026-07-08 23:53:19,488 [INFO]   train: "signals": 65,
2026-07-08 23:53:19,488 [INFO]   train: "message": "Only 65 resolved signals for XAUUSD_M5. Need 150."
2026-07-08 23:53:19,488 [INFO]   train: }
2026-07-08 23:53:19,488 [INFO]   XAUUSD_M5: PASS Brier=?, AUC=?
2026-07-08 23:53:19,488 [INFO]   XAUUSDc_D1: will train — forced
2026-07-08 23:53:19,488 [INFO] Training XAUUSDc D1...
2026-07-08 23:53:19,488 [DEBUG] Command: C:\Users\Administrator\AppData\Local\Programs\Python\Python314\pythonw.exe D:\Thanh\Forex\RSI_Advanced\tools\rsi_xgboost_train.py --data-dir C:\Users\Administrator\AppData\Roaming\MetaQuotes\Terminal\3773AE10556A00F3D812544D7EDDAB90\MQL4\Files\RSI_Advanced_Logs C:\Users\Administrator\AppData\Roaming\MetaQuotes\Terminal\2191F4A3D14D7B4B1EBB84F924777883\MQL4\Files\RSI_Advanced_Logs C:\Users\Administrator\AppData\Roaming\MetaQuotes\Terminal\6F841180CC7A5B4E481813CAFF4002B0\MQL4\Files\RSI_Advanced_Logs...
2026-07-08 23:53:20,982 [INFO]   train: ============================================================
2026-07-08 23:53:20,982 [INFO]   train: Training model: XAUUSDc_D1
2026-07-08 23:53:20,982 [INFO]   train: ============================================================
2026-07-08 23:53:20,982 [INFO]   train: Loading CSVs from 5 director(ies)
2026-07-08 23:53:20,982 [INFO]   train: Filter: symbol=XAUUSDc
2026-07-08 23:53:20,982 [INFO]   train: Filter: tf=D1
2026-07-08 23:53:20,982 [INFO]   train: Signals: 75 rows
2026-07-08 23:53:20,982 [INFO]   train: Scoring: 20 rows
2026-07-08 23:53:20,982 [INFO]   train: Outcomes: 134 rows
2026-07-08 23:53:20,982 [INFO]   train: Resolved outcomes: 59
2026-07-08 23:53:20,982 [INFO]   train: Merged (joined): 59 rows
2026-07-08 23:53:20,982 [INFO]   train: SKIP: Only 59 resolved signals for XAUUSDc_D1. Need 150.
2026-07-08 23:53:20,982 [INFO]   train: {
2026-07-08 23:53:20,982 [INFO]   train: "symbol": "XAUUSDc",
2026-07-08 23:53:20,982 [INFO]   train: "tf": "D1",
2026-07-08 23:53:20,982 [INFO]   train: "status": "skip",
2026-07-08 23:53:20,982 [INFO]   train: "signals": 59,
2026-07-08 23:53:20,982 [INFO]   train: "message": "Only 59 resolved signals for XAUUSDc_D1. Need 150."
2026-07-08 23:53:20,982 [INFO]   train: }
2026-07-08 23:53:20,982 [INFO]   XAUUSDc_D1: PASS Brier=?, AUC=?
2026-07-08 23:53:20,982 [INFO]   XAUUSDc_H1: will train — forced
2026-07-08 23:53:20,982 [INFO] Training XAUUSDc H1...
2026-07-08 23:53:20,982 [DEBUG] Command: C:\Users\Administrator\AppData\Local\Programs\Python\Python314\pythonw.exe D:\Thanh\Forex\RSI_Advanced\tools\rsi_xgboost_train.py --data-dir C:\Users\Administrator\AppData\Roaming\MetaQuotes\Terminal\3773AE10556A00F3D812544D7EDDAB90\MQL4\Files\RSI_Advanced_Logs C:\Users\Administrator\AppData\Roaming\MetaQuotes\Terminal\2191F4A3D14D7B4B1EBB84F924777883\MQL4\Files\RSI_Advanced_Logs C:\Users\Administrator\AppData\Roaming\MetaQuotes\Terminal\6F841180CC7A5B4E481813CAFF4002B0\MQL4\Files\RSI_Advanced_Logs...
2026-07-08 23:53:22,446 [INFO]   train: ============================================================
2026-07-08 23:53:22,446 [INFO]   train: Training model: XAUUSDc_H1
2026-07-08 23:53:22,446 [INFO]   train: ============================================================
2026-07-08 23:53:22,446 [INFO]   train: Loading CSVs from 5 director(ies)
2026-07-08 23:53:22,446 [INFO]   train: Filter: symbol=XAUUSDc
2026-07-08 23:53:22,446 [INFO]   train: Filter: tf=H1
2026-07-08 23:53:22,446 [INFO]   train: Signals: 180 rows
2026-07-08 23:53:22,446 [INFO]   train: Scoring: 186 rows
2026-07-08 23:53:22,446 [INFO]   train: Outcomes: 256 rows
2026-07-08 23:53:22,446 [INFO]   train: Resolved outcomes: 76
2026-07-08 23:53:22,446 [INFO]   train: Merged (joined): 76 rows
2026-07-08 23:53:22,446 [INFO]   train: SKIP: Only 76 resolved signals for XAUUSDc_H1. Need 150.
2026-07-08 23:53:22,446 [INFO]   train: {
2026-07-08 23:53:22,446 [INFO]   train: "symbol": "XAUUSDc",
2026-07-08 23:53:22,446 [INFO]   train: "tf": "H1",
2026-07-08 23:53:22,446 [INFO]   train: "status": "skip",
2026-07-08 23:53:22,446 [INFO]   train: "signals": 76,
2026-07-08 23:53:22,446 [INFO]   train: "message": "Only 76 resolved signals for XAUUSDc_H1. Need 150."
2026-07-08 23:53:22,446 [INFO]   train: }
2026-07-08 23:53:22,446 [INFO]   XAUUSDc_H1: PASS Brier=?, AUC=?
2026-07-08 23:53:22,446 [INFO]   XAUUSDc_H4: will train — forced
2026-07-08 23:53:22,446 [INFO] Training XAUUSDc H4...
2026-07-08 23:53:22,446 [DEBUG] Command: C:\Users\Administrator\AppData\Local\Programs\Python\Python314\pythonw.exe D:\Thanh\Forex\RSI_Advanced\tools\rsi_xgboost_train.py --data-dir C:\Users\Administrator\AppData\Roaming\MetaQuotes\Terminal\3773AE10556A00F3D812544D7EDDAB90\MQL4\Files\RSI_Advanced_Logs C:\Users\Administrator\AppData\Roaming\MetaQuotes\Terminal\2191F4A3D14D7B4B1EBB84F924777883\MQL4\Files\RSI_Advanced_Logs C:\Users\Administrator\AppData\Roaming\MetaQuotes\Terminal\6F841180CC7A5B4E481813CAFF4002B0\MQL4\Files\RSI_Advanced_Logs...
2026-07-08 23:53:23,959 [INFO]   train: ============================================================
2026-07-08 23:53:23,959 [INFO]   train: Training model: XAUUSDc_H4
2026-07-08 23:53:23,959 [INFO]   train: ============================================================
2026-07-08 23:53:23,959 [INFO]   train: Loading CSVs from 5 director(ies)
2026-07-08 23:53:23,959 [INFO]   train: Filter: symbol=XAUUSDc
2026-07-08 23:53:23,959 [INFO]   train: Filter: tf=H4
2026-07-08 23:53:23,959 [INFO]   train: Signals: 125 rows
2026-07-08 23:53:23,959 [INFO]   train: Scoring: 75 rows
2026-07-08 23:53:23,959 [INFO]   train: Outcomes: 204 rows
2026-07-08 23:53:23,959 [INFO]   train: Resolved outcomes: 79
2026-07-08 23:53:23,959 [INFO]   train: Merged (joined): 79 rows
2026-07-08 23:53:23,959 [INFO]   train: SKIP: Only 79 resolved signals for XAUUSDc_H4. Need 150.
2026-07-08 23:53:23,959 [INFO]   train: {
2026-07-08 23:53:23,959 [INFO]   train: "symbol": "XAUUSDc",
2026-07-08 23:53:23,959 [INFO]   train: "tf": "H4",
2026-07-08 23:53:23,959 [INFO]   train: "status": "skip",
2026-07-08 23:53:23,959 [INFO]   train: "signals": 79,
2026-07-08 23:53:23,959 [INFO]   train: "message": "Only 79 resolved signals for XAUUSDc_H4. Need 150."
2026-07-08 23:53:23,959 [INFO]   train: }
2026-07-08 23:53:23,959 [INFO]   XAUUSDc_H4: PASS Brier=?, AUC=?
2026-07-08 23:53:23,959 [INFO]   XAUUSDc_M15: will train — forced
2026-07-08 23:53:23,959 [INFO] Training XAUUSDc M15...
2026-07-08 23:53:23,960 [DEBUG] Command: C:\Users\Administrator\AppData\Local\Programs\Python\Python314\pythonw.exe D:\Thanh\Forex\RSI_Advanced\tools\rsi_xgboost_train.py --data-dir C:\Users\Administrator\AppData\Roaming\MetaQuotes\Terminal\3773AE10556A00F3D812544D7EDDAB90\MQL4\Files\RSI_Advanced_Logs C:\Users\Administrator\AppData\Roaming\MetaQuotes\Terminal\2191F4A3D14D7B4B1EBB84F924777883\MQL4\Files\RSI_Advanced_Logs C:\Users\Administrator\AppData\Roaming\MetaQuotes\Terminal\6F841180CC7A5B4E481813CAFF4002B0\MQL4\Files\RSI_Advanced_Logs...
2026-07-08 23:53:25,427 [INFO]   train: ============================================================
2026-07-08 23:53:25,427 [INFO]   train: Training model: XAUUSDc_M15
2026-07-08 23:53:25,427 [INFO]   train: ============================================================
2026-07-08 23:53:25,427 [INFO]   train: Loading CSVs from 5 director(ies)
2026-07-08 23:53:25,427 [INFO]   train: Filter: symbol=XAUUSDc
2026-07-08 23:53:25,427 [INFO]   train: Filter: tf=M15
2026-07-08 23:53:25,427 [INFO]   train: Signals: 179 rows
2026-07-08 23:53:25,427 [INFO]   train: Scoring: 647 rows
2026-07-08 23:53:25,427 [INFO]   train: Outcomes: 210 rows
2026-07-08 23:53:25,427 [INFO]   train: Resolved outcomes: 16
2026-07-08 23:53:25,427 [INFO]   train: Merged (joined): 16 rows
2026-07-08 23:53:25,427 [INFO]   train: SKIP: Only 16 resolved signals for XAUUSDc_M15. Need 150.
2026-07-08 23:53:25,427 [INFO]   train: {
2026-07-08 23:53:25,427 [INFO]   train: "symbol": "XAUUSDc",
2026-07-08 23:53:25,427 [INFO]   train: "tf": "M15",
2026-07-08 23:53:25,427 [INFO]   train: "status": "skip",
2026-07-08 23:53:25,427 [INFO]   train: "signals": 16,
2026-07-08 23:53:25,427 [INFO]   train: "message": "Only 16 resolved signals for XAUUSDc_M15. Need 150."
2026-07-08 23:53:25,427 [INFO]   train: }
2026-07-08 23:53:25,427 [INFO]   XAUUSDc_M15: PASS Brier=?, AUC=?
2026-07-08 23:53:25,427 [INFO]   XAUUSDc_M30: will train — forced
2026-07-08 23:53:25,427 [INFO] Training XAUUSDc M30...
2026-07-08 23:53:25,427 [DEBUG] Command: C:\Users\Administrator\AppData\Local\Programs\Python\Python314\pythonw.exe D:\Thanh\Forex\RSI_Advanced\tools\rsi_xgboost_train.py --data-dir C:\Users\Administrator\AppData\Roaming\MetaQuotes\Terminal\3773AE10556A00F3D812544D7EDDAB90\MQL4\Files\RSI_Advanced_Logs C:\Users\Administrator\AppData\Roaming\MetaQuotes\Terminal\2191F4A3D14D7B4B1EBB84F924777883\MQL4\Files\RSI_Advanced_Logs C:\Users\Administrator\AppData\Roaming\MetaQuotes\Terminal\6F841180CC7A5B4E481813CAFF4002B0\MQL4\Files\RSI_Advanced_Logs...
2026-07-08 23:53:26,969 [INFO]   train: ============================================================
2026-07-08 23:53:26,969 [INFO]   train: Training model: XAUUSDc_M30
2026-07-08 23:53:26,969 [INFO]   train: ============================================================
2026-07-08 23:53:26,969 [INFO]   train: Loading CSVs from 5 director(ies)
2026-07-08 23:53:26,969 [INFO]   train: Filter: symbol=XAUUSDc
2026-07-08 23:53:26,969 [INFO]   train: Filter: tf=M30
2026-07-08 23:53:26,969 [INFO]   train: Signals: 140 rows
2026-07-08 23:53:26,969 [INFO]   train: Scoring: 160 rows
2026-07-08 23:53:26,969 [INFO]   train: Outcomes: 209 rows
2026-07-08 23:53:26,969 [INFO]   train: Resolved outcomes: 69
2026-07-08 23:53:26,969 [INFO]   train: Merged (joined): 69 rows
2026-07-08 23:53:26,969 [INFO]   train: SKIP: Only 69 resolved signals for XAUUSDc_M30. Need 150.
2026-07-08 23:53:26,969 [INFO]   train: {
2026-07-08 23:53:26,969 [INFO]   train: "symbol": "XAUUSDc",
2026-07-08 23:53:26,969 [INFO]   train: "tf": "M30",
2026-07-08 23:53:26,969 [INFO]   train: "status": "skip",
2026-07-08 23:53:26,969 [INFO]   train: "signals": 69,
2026-07-08 23:53:26,969 [INFO]   train: "message": "Only 69 resolved signals for XAUUSDc_M30. Need 150."
2026-07-08 23:53:26,969 [INFO]   train: }
2026-07-08 23:53:26,969 [INFO]   XAUUSDc_M30: PASS Brier=?, AUC=?
2026-07-08 23:53:26,969 [INFO]   XAUUSDc_M5: will train — forced
2026-07-08 23:53:26,969 [INFO] Training XAUUSDc M5...
2026-07-08 23:53:26,969 [DEBUG] Command: C:\Users\Administrator\AppData\Local\Programs\Python\Python314\pythonw.exe D:\Thanh\Forex\RSI_Advanced\tools\rsi_xgboost_train.py --data-dir C:\Users\Administrator\AppData\Roaming\MetaQuotes\Terminal\3773AE10556A00F3D812544D7EDDAB90\MQL4\Files\RSI_Advanced_Logs C:\Users\Administrator\AppData\Roaming\MetaQuotes\Terminal\2191F4A3D14D7B4B1EBB84F924777883\MQL4\Files\RSI_Advanced_Logs C:\Users\Administrator\AppData\Roaming\MetaQuotes\Terminal\6F841180CC7A5B4E481813CAFF4002B0\MQL4\Files\RSI_Advanced_Logs...
2026-07-08 23:53:28,416 [INFO]   train: ============================================================
2026-07-08 23:53:28,416 [INFO]   train: Training model: XAUUSDc_M5
2026-07-08 23:53:28,416 [INFO]   train: ============================================================
2026-07-08 23:53:28,416 [INFO]   train: Loading CSVs from 5 director(ies)
2026-07-08 23:53:28,416 [INFO]   train: Filter: symbol=XAUUSDc
2026-07-08 23:53:28,416 [INFO]   train: Filter: tf=M5
2026-07-08 23:53:28,416 [INFO]   train: Signals: 56 rows
2026-07-08 23:53:28,416 [INFO]   train: Scoring: 323 rows
2026-07-08 23:53:28,416 [INFO]   train: Outcomes: 84 rows
2026-07-08 23:53:28,416 [INFO]   train: Resolved outcomes: 19
2026-07-08 23:53:28,416 [INFO]   train: Merged (joined): 19 rows
2026-07-08 23:53:28,416 [INFO]   train: SKIP: Only 19 resolved signals for XAUUSDc_M5. Need 150.
2026-07-08 23:53:28,416 [INFO]   train: {
2026-07-08 23:53:28,416 [INFO]   train: "symbol": "XAUUSDc",
2026-07-08 23:53:28,416 [INFO]   train: "tf": "M5",
2026-07-08 23:53:28,416 [INFO]   train: "status": "skip",
2026-07-08 23:53:28,416 [INFO]   train: "signals": 19,
2026-07-08 23:53:28,416 [INFO]   train: "message": "Only 19 resolved signals for XAUUSDc_M5. Need 150."
2026-07-08 23:53:28,416 [INFO]   train: }
2026-07-08 23:53:28,416 [INFO]   XAUUSDc_M5: PASS Brier=?, AUC=?
2026-07-08 23:53:28,420 [INFO] Assembling 22 models into binary: C:\Users\Administrator\AppData\Roaming\MetaQuotes\Terminal\Common\Files\RSI_Advanced\XGBModels.bin
2026-07-08 23:53:28,805 [WARNING] No models assembled — all re-training failed
2026-07-08 23:53:28,805 [INFO] XGBModels.bin updated with 22 models
2026-07-08 23:53:28,805 [INFO] NOTIFY: XGB: 22 model(s) updated — BTCUSD D1 Brier=?, BTCUSD H1 Brier=?, BTCUSD H4 Brier=?, BTCUSD M30 Brier=?, BTCUSD M5 Brier=?, EURUSDc D1 Brier=?, EURUSDc H1 Brier=?, EURUSDc H4 Brier=?, EURUSDc M15 Brier=?, EURUSDc M30 Brier=?, XAUUSD D1 Brier=?, XAUUSD H1 Brier=?, XAUUSD H4 Brier=?, XAUUSD M15 Brier=?, XAUUSD M30 Brier=?, XAUUSD M5 Brier=?, XAUUSDc D1 Brier=?, XAUUSDc H1 Brier=?, XAUUSDc H4 Brier=?, XAUUSDc M15 Brier=?, XAUUSDc M30 Brier=?, XAUUSDc M5 Brier=?
Models auto-loaded, no recompile needed.
2026-07-09 00:19:39,528 [INFO] Scanning 5 directories for TFs: ['M5', 'M15', 'M30', 'H1', 'H4', 'D1']
2026-07-09 00:19:39,607 [INFO] Found 22 symbol+TF pairs with data
2026-07-09 00:19:39,607 [INFO]   BTCUSD_D1: 0 resolved signals
2026-07-09 00:19:39,607 [INFO]   BTCUSD_H1: 101 resolved signals
2026-07-09 00:19:39,607 [INFO]   BTCUSD_H4: 0 resolved signals
2026-07-09 00:19:39,607 [INFO]   BTCUSD_M30: 52 resolved signals
2026-07-09 00:19:39,607 [INFO]   BTCUSD_M5: 112 resolved signals
2026-07-09 00:19:39,607 [INFO]   EURUSDc_D1: 43 resolved signals
2026-07-09 00:19:39,607 [INFO]   EURUSDc_H1: 50 resolved signals
2026-07-09 00:19:39,607 [INFO]   EURUSDc_H4: 97 resolved signals
2026-07-09 00:19:39,607 [INFO]   EURUSDc_M15: 0 resolved signals
2026-07-09 00:19:39,608 [INFO]   EURUSDc_M30: 0 resolved signals
2026-07-09 00:19:39,608 [INFO]   XAUUSD_D1: 44 resolved signals
2026-07-09 00:19:39,608 [INFO]   XAUUSD_H1: 18 resolved signals
2026-07-09 00:19:39,608 [INFO]   XAUUSD_H4: 74 resolved signals
2026-07-09 00:19:39,608 [INFO]   XAUUSD_M15: 113 resolved signals
2026-07-09 00:19:39,608 [INFO]   XAUUSD_M30: 69 resolved signals
2026-07-09 00:19:39,608 [INFO]   XAUUSD_M5: 96 resolved signals
2026-07-09 00:19:39,608 [INFO]   XAUUSDc_D1: 59 resolved signals
2026-07-09 00:19:39,608 [INFO]   XAUUSDc_H1: 76 resolved signals
2026-07-09 00:19:39,608 [INFO]   XAUUSDc_H4: 79 resolved signals
2026-07-09 00:19:39,608 [INFO]   XAUUSDc_M15: 31 resolved signals
2026-07-09 00:19:39,608 [INFO]   XAUUSDc_M30: 69 resolved signals
2026-07-09 00:19:39,608 [INFO]   XAUUSDc_M5: 28 resolved signals
2026-07-09 00:19:39,608 [DEBUG]   BTCUSD_D1: skip — only 0/100 signals
2026-07-09 00:19:39,608 [DEBUG]   BTCUSD_H1: skip — waiting for 50 more new signals
2026-07-09 00:19:39,608 [DEBUG]   BTCUSD_H4: skip — only 0/100 signals
2026-07-09 00:19:39,608 [DEBUG]   BTCUSD_M30: skip — only 52/100 signals
2026-07-09 00:19:39,608 [DEBUG]   BTCUSD_M5: skip — waiting for 50 more new signals
2026-07-09 00:19:39,608 [DEBUG]   EURUSDc_D1: skip — only 43/100 signals
2026-07-09 00:19:39,608 [DEBUG]   EURUSDc_H1: skip — only 50/100 signals
2026-07-09 00:19:39,608 [DEBUG]   EURUSDc_H4: skip — only 97/100 signals
2026-07-09 00:19:39,608 [DEBUG]   EURUSDc_M15: skip — only 0/100 signals
2026-07-09 00:19:39,608 [DEBUG]   EURUSDc_M30: skip — only 0/100 signals
2026-07-09 00:19:39,608 [DEBUG]   XAUUSD_D1: skip — only 44/100 signals
2026-07-09 00:19:39,608 [DEBUG]   XAUUSD_H1: skip — only 18/100 signals
2026-07-09 00:19:39,608 [DEBUG]   XAUUSD_H4: skip — only 74/100 signals
2026-07-09 00:19:39,608 [DEBUG]   XAUUSD_M15: skip — waiting for 50 more new signals
2026-07-09 00:19:39,608 [DEBUG]   XAUUSD_M30: skip — only 69/100 signals
2026-07-09 00:19:39,608 [DEBUG]   XAUUSD_M5: skip — only 96/100 signals
2026-07-09 00:19:39,608 [DEBUG]   XAUUSDc_D1: skip — only 59/100 signals
2026-07-09 00:19:39,608 [DEBUG]   XAUUSDc_H1: skip — only 76/100 signals
2026-07-09 00:19:39,608 [DEBUG]   XAUUSDc_H4: skip — only 79/100 signals
2026-07-09 00:19:39,608 [DEBUG]   XAUUSDc_M15: skip — only 31/100 signals
2026-07-09 00:19:39,608 [DEBUG]   XAUUSDc_M30: skip — only 69/100 signals
2026-07-09 00:19:39,608 [DEBUG]   XAUUSDc_M5: skip — only 28/100 signals
2026-07-09 00:49:40,043 [INFO] Scanning 5 directories for TFs: ['M5', 'M15', 'M30', 'H1', 'H4', 'D1']
2026-07-09 00:49:40,140 [INFO] Found 22 symbol+TF pairs with data
2026-07-09 00:49:40,141 [INFO]   BTCUSD_D1: 0 resolved signals
2026-07-09 00:49:40,141 [INFO]   BTCUSD_H1: 101 resolved signals
2026-07-09 00:49:40,141 [INFO]   BTCUSD_H4: 0 resolved signals
2026-07-09 00:49:40,141 [INFO]   BTCUSD_M30: 52 resolved signals
2026-07-09 00:49:40,141 [INFO]   BTCUSD_M5: 115 resolved signals
2026-07-09 00:49:40,141 [INFO]   EURUSDc_D1: 43 resolved signals
2026-07-09 00:49:40,141 [INFO]   EURUSDc_H1: 50 resolved signals
2026-07-09 00:49:40,141 [INFO]   EURUSDc_H4: 97 resolved signals
2026-07-09 00:49:40,141 [INFO]   EURUSDc_M15: 0 resolved signals
2026-07-09 00:49:40,141 [INFO]   EURUSDc_M30: 0 resolved signals
2026-07-09 00:49:40,141 [INFO]   XAUUSD_D1: 44 resolved signals
2026-07-09 00:49:40,141 [INFO]   XAUUSD_H1: 18 resolved signals
2026-07-09 00:49:40,141 [INFO]   XAUUSD_H4: 74 resolved signals
2026-07-09 00:49:40,141 [INFO]   XAUUSD_M15: 113 resolved signals
2026-07-09 00:49:40,141 [INFO]   XAUUSD_M30: 69 resolved signals
2026-07-09 00:49:40,141 [INFO]   XAUUSD_M5: 96 resolved signals
2026-07-09 00:49:40,141 [INFO]   XAUUSDc_D1: 59 resolved signals
2026-07-09 00:49:40,141 [INFO]   XAUUSDc_H1: 76 resolved signals
2026-07-09 00:49:40,141 [INFO]   XAUUSDc_H4: 79 resolved signals
2026-07-09 00:49:40,141 [INFO]   XAUUSDc_M15: 31 resolved signals
2026-07-09 00:49:40,141 [INFO]   XAUUSDc_M30: 69 resolved signals
2026-07-09 00:49:40,141 [INFO]   XAUUSDc_M5: 28 resolved signals
2026-07-09 00:49:40,141 [DEBUG]   BTCUSD_D1: skip — only 0/100 signals
2026-07-09 00:49:40,141 [DEBUG]   BTCUSD_H1: skip — waiting for 50 more new signals
2026-07-09 00:49:40,141 [DEBUG]   BTCUSD_H4: skip — only 0/100 signals
2026-07-09 00:49:40,141 [DEBUG]   BTCUSD_M30: skip — only 52/100 signals
2026-07-09 00:49:40,141 [DEBUG]   BTCUSD_M5: skip — waiting for 47 more new signals
2026-07-09 00:49:40,141 [DEBUG]   EURUSDc_D1: skip — only 43/100 signals
2026-07-09 00:49:40,141 [DEBUG]   EURUSDc_H1: skip — only 50/100 signals
2026-07-09 00:49:40,141 [DEBUG]   EURUSDc_H4: skip — only 97/100 signals
2026-07-09 00:49:40,141 [DEBUG]   EURUSDc_M15: skip — only 0/100 signals
2026-07-09 00:49:40,141 [DEBUG]   EURUSDc_M30: skip — only 0/100 signals
2026-07-09 00:49:40,141 [DEBUG]   XAUUSD_D1: skip — only 44/100 signals
2026-07-09 00:49:40,141 [DEBUG]   XAUUSD_H1: skip — only 18/100 signals
2026-07-09 00:49:40,141 [DEBUG]   XAUUSD_H4: skip — only 74/100 signals
2026-07-09 00:49:40,141 [DEBUG]   XAUUSD_M15: skip — waiting for 50 more new signals
2026-07-09 00:49:40,141 [DEBUG]   XAUUSD_M30: skip — only 69/100 signals
2026-07-09 00:49:40,142 [DEBUG]   XAUUSD_M5: skip — only 96/100 signals
2026-07-09 00:49:40,142 [DEBUG]   XAUUSDc_D1: skip — only 59/100 signals
2026-07-09 00:49:40,142 [DEBUG]   XAUUSDc_H1: skip — only 76/100 signals
2026-07-09 00:49:40,142 [DEBUG]   XAUUSDc_H4: skip — only 79/100 signals
2026-07-09 00:49:40,142 [DEBUG]   XAUUSDc_M15: skip — only 31/100 signals
2026-07-09 00:49:40,142 [DEBUG]   XAUUSDc_M30: skip — only 69/100 signals
2026-07-09 00:49:40,142 [DEBUG]   XAUUSDc_M5: skip — only 28/100 signals
2026-07-09 01:19:40,558 [INFO] Scanning 5 directories for TFs: ['M5', 'M15', 'M30', 'H1', 'H4', 'D1']
2026-07-09 01:19:40,616 [INFO] Found 22 symbol+TF pairs with data
2026-07-09 01:19:40,616 [INFO]   BTCUSD_D1: 0 resolved signals
2026-07-09 01:19:40,616 [INFO]   BTCUSD_H1: 101 resolved signals
2026-07-09 01:19:40,616 [INFO]   BTCUSD_H4: 0 resolved signals
2026-07-09 01:19:40,616 [INFO]   BTCUSD_M30: 52 resolved signals
2026-07-09 01:19:40,616 [INFO]   BTCUSD_M5: 115 resolved signals
2026-07-09 01:19:40,616 [INFO]   EURUSDc_D1: 43 resolved signals
2026-07-09 01:19:40,616 [INFO]   EURUSDc_H1: 50 resolved signals
2026-07-09 01:19:40,616 [INFO]   EURUSDc_H4: 97 resolved signals
2026-07-09 01:19:40,616 [INFO]   EURUSDc_M15: 0 resolved signals
2026-07-09 01:19:40,616 [INFO]   EURUSDc_M30: 0 resolved signals
2026-07-09 01:19:40,616 [INFO]   XAUUSD_D1: 44 resolved signals
2026-07-09 01:19:40,616 [INFO]   XAUUSD_H1: 18 resolved signals
2026-07-09 01:19:40,616 [INFO]   XAUUSD_H4: 74 resolved signals
2026-07-09 01:19:40,616 [INFO]   XAUUSD_M15: 113 resolved signals
2026-07-09 01:19:40,616 [INFO]   XAUUSD_M30: 69 resolved signals
2026-07-09 01:19:40,616 [INFO]   XAUUSD_M5: 96 resolved signals
2026-07-09 01:19:40,616 [INFO]   XAUUSDc_D1: 59 resolved signals
2026-07-09 01:19:40,616 [INFO]   XAUUSDc_H1: 76 resolved signals
2026-07-09 01:19:40,616 [INFO]   XAUUSDc_H4: 79 resolved signals
2026-07-09 01:19:40,616 [INFO]   XAUUSDc_M15: 31 resolved signals
2026-07-09 01:19:40,616 [INFO]   XAUUSDc_M30: 69 resolved signals
2026-07-09 01:19:40,616 [INFO]   XAUUSDc_M5: 28 resolved signals
2026-07-09 01:19:40,616 [DEBUG]   BTCUSD_D1: skip — only 0/100 signals
2026-07-09 01:19:40,616 [DEBUG]   BTCUSD_H1: skip — waiting for 50 more new signals
2026-07-09 01:19:40,616 [DEBUG]   BTCUSD_H4: skip — only 0/100 signals
2026-07-09 01:19:40,616 [DEBUG]   BTCUSD_M30: skip — only 52/100 signals
2026-07-09 01:19:40,616 [DEBUG]   BTCUSD_M5: skip — waiting for 47 more new signals
2026-07-09 01:19:40,616 [DEBUG]   EURUSDc_D1: skip — only 43/100 signals
2026-07-09 01:19:40,616 [DEBUG]   EURUSDc_H1: skip — only 50/100 signals
2026-07-09 01:19:40,616 [DEBUG]   EURUSDc_H4: skip — only 97/100 signals
2026-07-09 01:19:40,616 [DEBUG]   EURUSDc_M15: skip — only 0/100 signals
2026-07-09 01:19:40,616 [DEBUG]   EURUSDc_M30: skip — only 0/100 signals
2026-07-09 01:19:40,616 [DEBUG]   XAUUSD_D1: skip — only 44/100 signals
2026-07-09 01:19:40,616 [DEBUG]   XAUUSD_H1: skip — only 18/100 signals
2026-07-09 01:19:40,616 [DEBUG]   XAUUSD_H4: skip — only 74/100 signals
2026-07-09 01:19:40,616 [DEBUG]   XAUUSD_M15: skip — waiting for 50 more new signals
2026-07-09 01:19:40,616 [DEBUG]   XAUUSD_M30: skip — only 69/100 signals
2026-07-09 01:19:40,616 [DEBUG]   XAUUSD_M5: skip — only 96/100 signals
2026-07-09 01:19:40,616 [DEBUG]   XAUUSDc_D1: skip — only 59/100 signals
2026-07-09 01:19:40,616 [DEBUG]   XAUUSDc_H1: skip — only 76/100 signals
2026-07-09 01:19:40,616 [DEBUG]   XAUUSDc_H4: skip — only 79/100 signals
2026-07-09 01:19:40,616 [DEBUG]   XAUUSDc_M15: skip — only 31/100 signals
2026-07-09 01:19:40,616 [DEBUG]   XAUUSDc_M30: skip — only 69/100 signals
2026-07-09 01:19:40,616 [DEBUG]   XAUUSDc_M5: skip — only 28/100 signals
2026-07-09 01:49:41,048 [INFO] Scanning 5 directories for TFs: ['M5', 'M15', 'M30', 'H1', 'H4', 'D1']
2026-07-09 01:49:41,119 [INFO] Found 22 symbol+TF pairs with data
2026-07-09 01:49:41,119 [INFO]   BTCUSD_D1: 0 resolved signals
2026-07-09 01:49:41,119 [INFO]   BTCUSD_H1: 101 resolved signals
2026-07-09 01:49:41,119 [INFO]   BTCUSD_H4: 0 resolved signals
2026-07-09 01:49:41,119 [INFO]   BTCUSD_M30: 52 resolved signals
2026-07-09 01:49:41,119 [INFO]   BTCUSD_M5: 115 resolved signals
2026-07-09 01:49:41,119 [INFO]   EURUSDc_D1: 43 resolved signals
2026-07-09 01:49:41,119 [INFO]   EURUSDc_H1: 50 resolved signals
2026-07-09 01:49:41,119 [INFO]   EURUSDc_H4: 97 resolved signals
2026-07-09 01:49:41,119 [INFO]   EURUSDc_M15: 0 resolved signals
2026-07-09 01:49:41,119 [INFO]   EURUSDc_M30: 0 resolved signals
2026-07-09 01:49:41,119 [INFO]   XAUUSD_D1: 44 resolved signals
2026-07-09 01:49:41,119 [INFO]   XAUUSD_H1: 18 resolved signals
2026-07-09 01:49:41,119 [INFO]   XAUUSD_H4: 74 resolved signals
2026-07-09 01:49:41,119 [INFO]   XAUUSD_M15: 114 resolved signals
2026-07-09 01:49:41,119 [INFO]   XAUUSD_M30: 69 resolved signals
2026-07-09 01:49:41,119 [INFO]   XAUUSD_M5: 96 resolved signals
2026-07-09 01:49:41,119 [INFO]   XAUUSDc_D1: 59 resolved signals
2026-07-09 01:49:41,119 [INFO]   XAUUSDc_H1: 77 resolved signals
2026-07-09 01:49:41,119 [INFO]   XAUUSDc_H4: 79 resolved signals
2026-07-09 01:49:41,119 [INFO]   XAUUSDc_M15: 31 resolved signals
2026-07-09 01:49:41,119 [INFO]   XAUUSDc_M30: 69 resolved signals
2026-07-09 01:49:41,119 [INFO]   XAUUSDc_M5: 28 resolved signals
2026-07-09 01:49:41,119 [DEBUG]   BTCUSD_D1: skip — only 0/100 signals
2026-07-09 01:49:41,119 [DEBUG]   BTCUSD_H1: skip — waiting for 50 more new signals
2026-07-09 01:49:41,119 [DEBUG]   BTCUSD_H4: skip — only 0/100 signals
2026-07-09 01:49:41,119 [DEBUG]   BTCUSD_M30: skip — only 52/100 signals
2026-07-09 01:49:41,119 [DEBUG]   BTCUSD_M5: skip — waiting for 47 more new signals
2026-07-09 01:49:41,119 [DEBUG]   EURUSDc_D1: skip — only 43/100 signals
2026-07-09 01:49:41,119 [DEBUG]   EURUSDc_H1: skip — only 50/100 signals
2026-07-09 01:49:41,119 [DEBUG]   EURUSDc_H4: skip — only 97/100 signals
2026-07-09 01:49:41,119 [DEBUG]   EURUSDc_M15: skip — only 0/100 signals
2026-07-09 01:49:41,119 [DEBUG]   EURUSDc_M30: skip — only 0/100 signals
2026-07-09 01:49:41,119 [DEBUG]   XAUUSD_D1: skip — only 44/100 signals
2026-07-09 01:49:41,119 [DEBUG]   XAUUSD_H1: skip — only 18/100 signals
2026-07-09 01:49:41,119 [DEBUG]   XAUUSD_H4: skip — only 74/100 signals
2026-07-09 01:49:41,119 [DEBUG]   XAUUSD_M15: skip — waiting for 49 more new signals
2026-07-09 01:49:41,119 [DEBUG]   XAUUSD_M30: skip — only 69/100 signals
2026-07-09 01:49:41,119 [DEBUG]   XAUUSD_M5: skip — only 96/100 signals
2026-07-09 01:49:41,119 [DEBUG]   XAUUSDc_D1: skip — only 59/100 signals
2026-07-09 01:49:41,119 [DEBUG]   XAUUSDc_H1: skip — only 77/100 signals
2026-07-09 01:49:41,119 [DEBUG]   XAUUSDc_H4: skip — only 79/100 signals
2026-07-09 01:49:41,119 [DEBUG]   XAUUSDc_M15: skip — only 31/100 signals
2026-07-09 01:49:41,119 [DEBUG]   XAUUSDc_M30: skip — only 69/100 signals
2026-07-09 01:49:41,119 [DEBUG]   XAUUSDc_M5: skip — only 28/100 signals
2026-07-09 02:19:41,541 [INFO] Scanning 5 directories for TFs: ['M5', 'M15', 'M30', 'H1', 'H4', 'D1']
2026-07-09 02:19:41,617 [INFO] Found 22 symbol+TF pairs with data
2026-07-09 02:19:41,617 [INFO]   BTCUSD_D1: 0 resolved signals
2026-07-09 02:19:41,617 [INFO]   BTCUSD_H1: 101 resolved signals
2026-07-09 02:19:41,617 [INFO]   BTCUSD_H4: 0 resolved signals
2026-07-09 02:19:41,618 [INFO]   BTCUSD_M30: 52 resolved signals
2026-07-09 02:19:41,618 [INFO]   BTCUSD_M5: 115 resolved signals
2026-07-09 02:19:41,618 [INFO]   EURUSDc_D1: 43 resolved signals
2026-07-09 02:19:41,618 [INFO]   EURUSDc_H1: 50 resolved signals
2026-07-09 02:19:41,618 [INFO]   EURUSDc_H4: 97 resolved signals
2026-07-09 02:19:41,618 [INFO]   EURUSDc_M15: 0 resolved signals
2026-07-09 02:19:41,618 [INFO]   EURUSDc_M30: 0 resolved signals
2026-07-09 02:19:41,618 [INFO]   XAUUSD_D1: 44 resolved signals
2026-07-09 02:19:41,618 [INFO]   XAUUSD_H1: 21 resolved signals
2026-07-09 02:19:41,618 [INFO]   XAUUSD_H4: 74 resolved signals
2026-07-09 02:19:41,618 [INFO]   XAUUSD_M15: 114 resolved signals
2026-07-09 02:19:41,618 [INFO]   XAUUSD_M30: 69 resolved signals
2026-07-09 02:19:41,618 [INFO]   XAUUSD_M5: 96 resolved signals
2026-07-09 02:19:41,618 [INFO]   XAUUSDc_D1: 59 resolved signals
2026-07-09 02:19:41,618 [INFO]   XAUUSDc_H1: 77 resolved signals
2026-07-09 02:19:41,618 [INFO]   XAUUSDc_H4: 79 resolved signals
2026-07-09 02:19:41,618 [INFO]   XAUUSDc_M15: 31 resolved signals
2026-07-09 02:19:41,618 [INFO]   XAUUSDc_M30: 69 resolved signals
2026-07-09 02:19:41,618 [INFO]   XAUUSDc_M5: 28 resolved signals
2026-07-09 02:19:41,618 [DEBUG]   BTCUSD_D1: skip — only 0/100 signals
2026-07-09 02:19:41,618 [DEBUG]   BTCUSD_H1: skip — waiting for 50 more new signals
2026-07-09 02:19:41,618 [DEBUG]   BTCUSD_H4: skip — only 0/100 signals
2026-07-09 02:19:41,618 [DEBUG]   BTCUSD_M30: skip — only 52/100 signals
2026-07-09 02:19:41,618 [DEBUG]   BTCUSD_M5: skip — waiting for 47 more new signals
2026-07-09 02:19:41,618 [DEBUG]   EURUSDc_D1: skip — only 43/100 signals
2026-07-09 02:19:41,618 [DEBUG]   EURUSDc_H1: skip — only 50/100 signals
2026-07-09 02:19:41,618 [DEBUG]   EURUSDc_H4: skip — only 97/100 signals
2026-07-09 02:19:41,618 [DEBUG]   EURUSDc_M15: skip — only 0/100 signals
2026-07-09 02:19:41,618 [DEBUG]   EURUSDc_M30: skip — only 0/100 signals
2026-07-09 02:19:41,618 [DEBUG]   XAUUSD_D1: skip — only 44/100 signals
2026-07-09 02:19:41,618 [DEBUG]   XAUUSD_H1: skip — only 21/100 signals
2026-07-09 02:19:41,618 [DEBUG]   XAUUSD_H4: skip — only 74/100 signals
2026-07-09 02:19:41,618 [DEBUG]   XAUUSD_M15: skip — waiting for 49 more new signals
2026-07-09 02:19:41,618 [DEBUG]   XAUUSD_M30: skip — only 69/100 signals
2026-07-09 02:19:41,618 [DEBUG]   XAUUSD_M5: skip — only 96/100 signals
2026-07-09 02:19:41,618 [DEBUG]   XAUUSDc_D1: skip — only 59/100 signals
2026-07-09 02:19:41,618 [DEBUG]   XAUUSDc_H1: skip — only 77/100 signals
2026-07-09 02:19:41,618 [DEBUG]   XAUUSDc_H4: skip — only 79/100 signals
2026-07-09 02:19:41,618 [DEBUG]   XAUUSDc_M15: skip — only 31/100 signals
2026-07-09 02:19:41,618 [DEBUG]   XAUUSDc_M30: skip — only 69/100 signals
2026-07-09 02:19:41,618 [DEBUG]   XAUUSDc_M5: skip — only 28/100 signals
2026-07-09 02:49:42,029 [INFO] Scanning 5 directories for TFs: ['M5', 'M15', 'M30', 'H1', 'H4', 'D1']
2026-07-09 02:49:42,079 [INFO] Found 22 symbol+TF pairs with data
2026-07-09 02:49:42,079 [INFO]   BTCUSD_D1: 0 resolved signals
2026-07-09 02:49:42,079 [INFO]   BTCUSD_H1: 101 resolved signals
2026-07-09 02:49:42,079 [INFO]   BTCUSD_H4: 0 resolved signals
2026-07-09 02:49:42,079 [INFO]   BTCUSD_M30: 52 resolved signals
2026-07-09 02:49:42,079 [INFO]   BTCUSD_M5: 115 resolved signals
2026-07-09 02:49:42,079 [INFO]   EURUSDc_D1: 43 resolved signals
2026-07-09 02:49:42,079 [INFO]   EURUSDc_H1: 50 resolved signals
2026-07-09 02:49:42,079 [INFO]   EURUSDc_H4: 97 resolved signals
2026-07-09 02:49:42,079 [INFO]   EURUSDc_M15: 0 resolved signals
2026-07-09 02:49:42,079 [INFO]   EURUSDc_M30: 0 resolved signals
2026-07-09 02:49:42,079 [INFO]   XAUUSD_D1: 44 resolved signals
2026-07-09 02:49:42,079 [INFO]   XAUUSD_H1: 21 resolved signals
2026-07-09 02:49:42,079 [INFO]   XAUUSD_H4: 74 resolved signals
2026-07-09 02:49:42,079 [INFO]   XAUUSD_M15: 114 resolved signals
2026-07-09 02:49:42,079 [INFO]   XAUUSD_M30: 69 resolved signals
2026-07-09 02:49:42,079 [INFO]   XAUUSD_M5: 96 resolved signals
2026-07-09 02:49:42,079 [INFO]   XAUUSDc_D1: 59 resolved signals
2026-07-09 02:49:42,079 [INFO]   XAUUSDc_H1: 77 resolved signals
2026-07-09 02:49:42,079 [INFO]   XAUUSDc_H4: 79 resolved signals
2026-07-09 02:49:42,079 [INFO]   XAUUSDc_M15: 31 resolved signals
2026-07-09 02:49:42,079 [INFO]   XAUUSDc_M30: 69 resolved signals
2026-07-09 02:49:42,079 [INFO]   XAUUSDc_M5: 28 resolved signals
2026-07-09 02:49:42,079 [DEBUG]   BTCUSD_D1: skip — only 0/100 signals
2026-07-09 02:49:42,079 [DEBUG]   BTCUSD_H1: skip — waiting for 50 more new signals
2026-07-09 02:49:42,079 [DEBUG]   BTCUSD_H4: skip — only 0/100 signals
2026-07-09 02:49:42,079 [DEBUG]   BTCUSD_M30: skip — only 52/100 signals
2026-07-09 02:49:42,079 [DEBUG]   BTCUSD_M5: skip — waiting for 47 more new signals
2026-07-09 02:49:42,079 [DEBUG]   EURUSDc_D1: skip — only 43/100 signals
2026-07-09 02:49:42,079 [DEBUG]   EURUSDc_H1: skip — only 50/100 signals
2026-07-09 02:49:42,079 [DEBUG]   EURUSDc_H4: skip — only 97/100 signals
2026-07-09 02:49:42,079 [DEBUG]   EURUSDc_M15: skip — only 0/100 signals
2026-07-09 02:49:42,079 [DEBUG]   EURUSDc_M30: skip — only 0/100 signals
2026-07-09 02:49:42,079 [DEBUG]   XAUUSD_D1: skip — only 44/100 signals
2026-07-09 02:49:42,079 [DEBUG]   XAUUSD_H1: skip — only 21/100 signals
2026-07-09 02:49:42,079 [DEBUG]   XAUUSD_H4: skip — only 74/100 signals
2026-07-09 02:49:42,079 [DEBUG]   XAUUSD_M15: skip — waiting for 49 more new signals
2026-07-09 02:49:42,079 [DEBUG]   XAUUSD_M30: skip — only 69/100 signals
2026-07-09 02:49:42,079 [DEBUG]   XAUUSD_M5: skip — only 96/100 signals
2026-07-09 02:49:42,079 [DEBUG]   XAUUSDc_D1: skip — only 59/100 signals
2026-07-09 02:49:42,079 [DEBUG]   XAUUSDc_H1: skip — only 77/100 signals
2026-07-09 02:49:42,080 [DEBUG]   XAUUSDc_H4: skip — only 79/100 signals
2026-07-09 02:49:42,080 [DEBUG]   XAUUSDc_M15: skip — only 31/100 signals
2026-07-09 02:49:42,080 [DEBUG]   XAUUSDc_M30: skip — only 69/100 signals
2026-07-09 02:49:42,080 [DEBUG]   XAUUSDc_M5: skip — only 28/100 signals
2026-07-09 03:19:42,472 [INFO] Scanning 5 directories for TFs: ['M5', 'M15', 'M30', 'H1', 'H4', 'D1']
2026-07-09 03:19:42,540 [INFO] Found 22 symbol+TF pairs with data
2026-07-09 03:19:42,540 [INFO]   BTCUSD_D1: 0 resolved signals
2026-07-09 03:19:42,541 [INFO]   BTCUSD_H1: 101 resolved signals
2026-07-09 03:19:42,541 [INFO]   BTCUSD_H4: 0 resolved signals
2026-07-09 03:19:42,541 [INFO]   BTCUSD_M30: 52 resolved signals
2026-07-09 03:19:42,541 [INFO]   BTCUSD_M5: 115 resolved signals
2026-07-09 03:19:42,541 [INFO]   EURUSDc_D1: 43 resolved signals
2026-07-09 03:19:42,541 [INFO]   EURUSDc_H1: 50 resolved signals
2026-07-09 03:19:42,541 [INFO]   EURUSDc_H4: 97 resolved signals
2026-07-09 03:19:42,541 [INFO]   EURUSDc_M15: 0 resolved signals
2026-07-09 03:19:42,541 [INFO]   EURUSDc_M30: 0 resolved signals
2026-07-09 03:19:42,541 [INFO]   XAUUSD_D1: 44 resolved signals
2026-07-09 03:19:42,541 [INFO]   XAUUSD_H1: 21 resolved signals
2026-07-09 03:19:42,541 [INFO]   XAUUSD_H4: 74 resolved signals
2026-07-09 03:19:42,541 [INFO]   XAUUSD_M15: 115 resolved signals
2026-07-09 03:19:42,541 [INFO]   XAUUSD_M30: 69 resolved signals
2026-07-09 03:19:42,541 [INFO]   XAUUSD_M5: 96 resolved signals
2026-07-09 03:19:42,541 [INFO]   XAUUSDc_D1: 59 resolved signals
2026-07-09 03:19:42,541 [INFO]   XAUUSDc_H1: 77 resolved signals
2026-07-09 03:19:42,541 [INFO]   XAUUSDc_H4: 79 resolved signals
2026-07-09 03:19:42,541 [INFO]   XAUUSDc_M15: 31 resolved signals
2026-07-09 03:19:42,541 [INFO]   XAUUSDc_M30: 69 resolved signals
2026-07-09 03:19:42,541 [INFO]   XAUUSDc_M5: 28 resolved signals
2026-07-09 03:19:42,541 [DEBUG]   BTCUSD_D1: skip — only 0/100 signals
2026-07-09 03:19:42,541 [DEBUG]   BTCUSD_H1: skip — waiting for 50 more new signals
2026-07-09 03:19:42,541 [DEBUG]   BTCUSD_H4: skip — only 0/100 signals
2026-07-09 03:19:42,541 [DEBUG]   BTCUSD_M30: skip — only 52/100 signals
2026-07-09 03:19:42,541 [DEBUG]   BTCUSD_M5: skip — waiting for 47 more new signals
2026-07-09 03:19:42,541 [DEBUG]   EURUSDc_D1: skip — only 43/100 signals
2026-07-09 03:19:42,541 [DEBUG]   EURUSDc_H1: skip — only 50/100 signals
2026-07-09 03:19:42,541 [DEBUG]   EURUSDc_H4: skip — only 97/100 signals
2026-07-09 03:19:42,541 [DEBUG]   EURUSDc_M15: skip — only 0/100 signals
2026-07-09 03:19:42,541 [DEBUG]   EURUSDc_M30: skip — only 0/100 signals
2026-07-09 03:19:42,541 [DEBUG]   XAUUSD_D1: skip — only 44/100 signals
2026-07-09 03:19:42,541 [DEBUG]   XAUUSD_H1: skip — only 21/100 signals
2026-07-09 03:19:42,541 [DEBUG]   XAUUSD_H4: skip — only 74/100 signals
2026-07-09 03:19:42,541 [DEBUG]   XAUUSD_M15: skip — waiting for 48 more new signals
2026-07-09 03:19:42,541 [DEBUG]   XAUUSD_M30: skip — only 69/100 signals
2026-07-09 03:19:42,541 [DEBUG]   XAUUSD_M5: skip — only 96/100 signals
2026-07-09 03:19:42,541 [DEBUG]   XAUUSDc_D1: skip — only 59/100 signals
2026-07-09 03:19:42,541 [DEBUG]   XAUUSDc_H1: skip — only 77/100 signals
2026-07-09 03:19:42,541 [DEBUG]   XAUUSDc_H4: skip — only 79/100 signals
2026-07-09 03:19:42,541 [DEBUG]   XAUUSDc_M15: skip — only 31/100 signals
2026-07-09 03:19:42,541 [DEBUG]   XAUUSDc_M30: skip — only 69/100 signals
2026-07-09 03:19:42,541 [DEBUG]   XAUUSDc_M5: skip — only 28/100 signals
2026-07-09 03:49:42,941 [INFO] Scanning 5 directories for TFs: ['M5', 'M15', 'M30', 'H1', 'H4', 'D1']
2026-07-09 03:49:42,993 [INFO] Found 22 symbol+TF pairs with data
2026-07-09 03:49:42,993 [INFO]   BTCUSD_D1: 0 resolved signals
2026-07-09 03:49:42,993 [INFO]   BTCUSD_H1: 101 resolved signals
2026-07-09 03:49:42,993 [INFO]   BTCUSD_H4: 0 resolved signals
2026-07-09 03:49:42,993 [INFO]   BTCUSD_M30: 52 resolved signals
2026-07-09 03:49:42,993 [INFO]   BTCUSD_M5: 115 resolved signals
2026-07-09 03:49:42,993 [INFO]   EURUSDc_D1: 43 resolved signals
2026-07-09 03:49:42,993 [INFO]   EURUSDc_H1: 50 resolved signals
2026-07-09 03:49:42,993 [INFO]   EURUSDc_H4: 97 resolved signals
2026-07-09 03:49:42,993 [INFO]   EURUSDc_M15: 0 resolved signals
2026-07-09 03:49:42,993 [INFO]   EURUSDc_M30: 0 resolved signals
2026-07-09 03:49:42,993 [INFO]   XAUUSD_D1: 44 resolved signals
2026-07-09 03:49:42,993 [INFO]   XAUUSD_H1: 21 resolved signals
2026-07-09 03:49:42,993 [INFO]   XAUUSD_H4: 74 resolved signals
2026-07-09 03:49:42,993 [INFO]   XAUUSD_M15: 115 resolved signals
2026-07-09 03:49:42,993 [INFO]   XAUUSD_M30: 69 resolved signals
2026-07-09 03:49:42,993 [INFO]   XAUUSD_M5: 96 resolved signals
2026-07-09 03:49:42,993 [INFO]   XAUUSDc_D1: 59 resolved signals
2026-07-09 03:49:42,993 [INFO]   XAUUSDc_H1: 77 resolved signals
2026-07-09 03:49:42,993 [INFO]   XAUUSDc_H4: 79 resolved signals
2026-07-09 03:49:42,993 [INFO]   XAUUSDc_M15: 31 resolved signals
2026-07-09 03:49:42,993 [INFO]   XAUUSDc_M30: 69 resolved signals
2026-07-09 03:49:42,993 [INFO]   XAUUSDc_M5: 28 resolved signals
2026-07-09 03:49:42,993 [DEBUG]   BTCUSD_D1: skip — only 0/100 signals
2026-07-09 03:49:42,993 [DEBUG]   BTCUSD_H1: skip — waiting for 50 more new signals
2026-07-09 03:49:42,993 [DEBUG]   BTCUSD_H4: skip — only 0/100 signals
2026-07-09 03:49:42,993 [DEBUG]   BTCUSD_M30: skip — only 52/100 signals
2026-07-09 03:49:42,993 [DEBUG]   BTCUSD_M5: skip — waiting for 47 more new signals
2026-07-09 03:49:42,993 [DEBUG]   EURUSDc_D1: skip — only 43/100 signals
2026-07-09 03:49:42,993 [DEBUG]   EURUSDc_H1: skip — only 50/100 signals
2026-07-09 03:49:42,994 [DEBUG]   EURUSDc_H4: skip — only 97/100 signals
2026-07-09 03:49:42,994 [DEBUG]   EURUSDc_M15: skip — only 0/100 signals
2026-07-09 03:49:42,994 [DEBUG]   EURUSDc_M30: skip — only 0/100 signals
2026-07-09 03:49:42,994 [DEBUG]   XAUUSD_D1: skip — only 44/100 signals
2026-07-09 03:49:42,994 [DEBUG]   XAUUSD_H1: skip — only 21/100 signals
2026-07-09 03:49:42,994 [DEBUG]   XAUUSD_H4: skip — only 74/100 signals
2026-07-09 03:49:42,994 [DEBUG]   XAUUSD_M15: skip — waiting for 48 more new signals
2026-07-09 03:49:42,994 [DEBUG]   XAUUSD_M30: skip — only 69/100 signals
2026-07-09 03:49:42,994 [DEBUG]   XAUUSD_M5: skip — only 96/100 signals
2026-07-09 03:49:42,994 [DEBUG]   XAUUSDc_D1: skip — only 59/100 signals
2026-07-09 03:49:42,994 [DEBUG]   XAUUSDc_H1: skip — only 77/100 signals
2026-07-09 03:49:42,994 [DEBUG]   XAUUSDc_H4: skip — only 79/100 signals
2026-07-09 03:49:42,994 [DEBUG]   XAUUSDc_M15: skip — only 31/100 signals
2026-07-09 03:49:42,994 [DEBUG]   XAUUSDc_M30: skip — only 69/100 signals
2026-07-09 03:49:42,994 [DEBUG]   XAUUSDc_M5: skip — only 28/100 signals
2026-07-09 04:19:45,266 [INFO] Scanning 5 directories for TFs: ['M5', 'M15', 'M30', 'H1', 'H4', 'D1']
2026-07-09 04:19:45,328 [INFO] Found 22 symbol+TF pairs with data
2026-07-09 04:19:45,328 [INFO]   BTCUSD_D1: 0 resolved signals
2026-07-09 04:19:45,328 [INFO]   BTCUSD_H1: 101 resolved signals
2026-07-09 04:19:45,328 [INFO]   BTCUSD_H4: 0 resolved signals
2026-07-09 04:19:45,328 [INFO]   BTCUSD_M30: 52 resolved signals
2026-07-09 04:19:45,328 [INFO]   BTCUSD_M5: 115 resolved signals
2026-07-09 04:19:45,328 [INFO]   EURUSDc_D1: 43 resolved signals
2026-07-09 04:19:45,328 [INFO]   EURUSDc_H1: 50 resolved signals
2026-07-09 04:19:45,328 [INFO]   EURUSDc_H4: 97 resolved signals
2026-07-09 04:19:45,328 [INFO]   EURUSDc_M15: 0 resolved signals
2026-07-09 04:19:45,328 [INFO]   EURUSDc_M30: 0 resolved signals
2026-07-09 04:19:45,328 [INFO]   XAUUSD_D1: 44 resolved signals
2026-07-09 04:19:45,328 [INFO]   XAUUSD_H1: 21 resolved signals
2026-07-09 04:19:45,328 [INFO]   XAUUSD_H4: 74 resolved signals
2026-07-09 04:19:45,328 [INFO]   XAUUSD_M15: 115 resolved signals
2026-07-09 04:19:45,328 [INFO]   XAUUSD_M30: 69 resolved signals
2026-07-09 04:19:45,328 [INFO]   XAUUSD_M5: 96 resolved signals
2026-07-09 04:19:45,328 [INFO]   XAUUSDc_D1: 59 resolved signals
2026-07-09 04:19:45,328 [INFO]   XAUUSDc_H1: 77 resolved signals
2026-07-09 04:19:45,328 [INFO]   XAUUSDc_H4: 79 resolved signals
2026-07-09 04:19:45,328 [INFO]   XAUUSDc_M15: 31 resolved signals
2026-07-09 04:19:45,328 [INFO]   XAUUSDc_M30: 69 resolved signals
2026-07-09 04:19:45,328 [INFO]   XAUUSDc_M5: 28 resolved signals
2026-07-09 04:19:45,328 [DEBUG]   BTCUSD_D1: skip — only 0/100 signals
2026-07-09 04:19:45,328 [DEBUG]   BTCUSD_H1: skip — waiting for 50 more new signals
2026-07-09 04:19:45,328 [DEBUG]   BTCUSD_H4: skip — only 0/100 signals
2026-07-09 04:19:45,328 [DEBUG]   BTCUSD_M30: skip — only 52/100 signals
2026-07-09 04:19:45,328 [DEBUG]   BTCUSD_M5: skip — waiting for 47 more new signals
2026-07-09 04:19:45,328 [DEBUG]   EURUSDc_D1: skip — only 43/100 signals
2026-07-09 04:19:45,328 [DEBUG]   EURUSDc_H1: skip — only 50/100 signals
2026-07-09 04:19:45,328 [DEBUG]   EURUSDc_H4: skip — only 97/100 signals
2026-07-09 04:19:45,328 [DEBUG]   EURUSDc_M15: skip — only 0/100 signals
2026-07-09 04:19:45,328 [DEBUG]   EURUSDc_M30: skip — only 0/100 signals
2026-07-09 04:19:45,329 [DEBUG]   XAUUSD_D1: skip — only 44/100 signals
2026-07-09 04:19:45,329 [DEBUG]   XAUUSD_H1: skip — only 21/100 signals
2026-07-09 04:19:45,329 [DEBUG]   XAUUSD_H4: skip — only 74/100 signals
2026-07-09 04:19:45,329 [DEBUG]   XAUUSD_M15: skip — waiting for 48 more new signals
2026-07-09 04:19:45,329 [DEBUG]   XAUUSD_M30: skip — only 69/100 signals
2026-07-09 04:19:45,329 [DEBUG]   XAUUSD_M5: skip — only 96/100 signals
2026-07-09 04:19:45,329 [DEBUG]   XAUUSDc_D1: skip — only 59/100 signals
2026-07-09 04:19:45,329 [DEBUG]   XAUUSDc_H1: skip — only 77/100 signals
2026-07-09 04:19:45,329 [DEBUG]   XAUUSDc_H4: skip — only 79/100 signals
2026-07-09 04:19:45,329 [DEBUG]   XAUUSDc_M15: skip — only 31/100 signals
2026-07-09 04:19:45,329 [DEBUG]   XAUUSDc_M30: skip — only 69/100 signals
2026-07-09 04:19:45,329 [DEBUG]   XAUUSDc_M5: skip — only 28/100 signals
2026-07-09 04:49:45,800 [INFO] Scanning 5 directories for TFs: ['M5', 'M15', 'M30', 'H1', 'H4', 'D1']
2026-07-09 04:49:46,042 [INFO] Found 22 symbol+TF pairs with data
2026-07-09 04:49:46,042 [INFO]   BTCUSD_D1: 0 resolved signals
2026-07-09 04:49:46,042 [INFO]   BTCUSD_H1: 101 resolved signals
2026-07-09 04:49:46,042 [INFO]   BTCUSD_H4: 0 resolved signals
2026-07-09 04:49:46,042 [INFO]   BTCUSD_M30: 52 resolved signals
2026-07-09 04:49:46,042 [INFO]   BTCUSD_M5: 115 resolved signals
2026-07-09 04:49:46,042 [INFO]   EURUSDc_D1: 43 resolved signals
2026-07-09 04:49:46,042 [INFO]   EURUSDc_H1: 50 resolved signals
2026-07-09 04:49:46,042 [INFO]   EURUSDc_H4: 97 resolved signals
2026-07-09 04:49:46,042 [INFO]   EURUSDc_M15: 0 resolved signals
2026-07-09 04:49:46,042 [INFO]   EURUSDc_M30: 0 resolved signals
2026-07-09 04:49:46,042 [INFO]   XAUUSD_D1: 44 resolved signals
2026-07-09 04:49:46,042 [INFO]   XAUUSD_H1: 21 resolved signals
2026-07-09 04:49:46,042 [INFO]   XAUUSD_H4: 74 resolved signals
2026-07-09 04:49:46,042 [INFO]   XAUUSD_M15: 115 resolved signals
2026-07-09 04:49:46,042 [INFO]   XAUUSD_M30: 69 resolved signals
2026-07-09 04:49:46,042 [INFO]   XAUUSD_M5: 96 resolved signals
2026-07-09 04:49:46,042 [INFO]   XAUUSDc_D1: 59 resolved signals
2026-07-09 04:49:46,042 [INFO]   XAUUSDc_H1: 77 resolved signals
2026-07-09 04:49:46,042 [INFO]   XAUUSDc_H4: 79 resolved signals
2026-07-09 04:49:46,042 [INFO]   XAUUSDc_M15: 31 resolved signals
2026-07-09 04:49:46,042 [INFO]   XAUUSDc_M30: 69 resolved signals
2026-07-09 04:49:46,042 [INFO]   XAUUSDc_M5: 28 resolved signals
2026-07-09 04:49:46,042 [DEBUG]   BTCUSD_D1: skip — only 0/100 signals
2026-07-09 04:49:46,042 [DEBUG]   BTCUSD_H1: skip — waiting for 50 more new signals
2026-07-09 04:49:46,042 [DEBUG]   BTCUSD_H4: skip — only 0/100 signals
2026-07-09 04:49:46,042 [DEBUG]   BTCUSD_M30: skip — only 52/100 signals
2026-07-09 04:49:46,042 [DEBUG]   BTCUSD_M5: skip — waiting for 47 more new signals
2026-07-09 04:49:46,042 [DEBUG]   EURUSDc_D1: skip — only 43/100 signals
2026-07-09 04:49:46,042 [DEBUG]   EURUSDc_H1: skip — only 50/100 signals
2026-07-09 04:49:46,042 [DEBUG]   EURUSDc_H4: skip — only 97/100 signals
2026-07-09 04:49:46,042 [DEBUG]   EURUSDc_M15: skip — only 0/100 signals
2026-07-09 04:49:46,042 [DEBUG]   EURUSDc_M30: skip — only 0/100 signals
2026-07-09 04:49:46,042 [DEBUG]   XAUUSD_D1: skip — only 44/100 signals
2026-07-09 04:49:46,042 [DEBUG]   XAUUSD_H1: skip — only 21/100 signals
2026-07-09 04:49:46,042 [DEBUG]   XAUUSD_H4: skip — only 74/100 signals
2026-07-09 04:49:46,042 [DEBUG]   XAUUSD_M15: skip — waiting for 48 more new signals
2026-07-09 04:49:46,042 [DEBUG]   XAUUSD_M30: skip — only 69/100 signals
2026-07-09 04:49:46,042 [DEBUG]   XAUUSD_M5: skip — only 96/100 signals
2026-07-09 04:49:46,042 [DEBUG]   XAUUSDc_D1: skip — only 59/100 signals
2026-07-09 04:49:46,042 [DEBUG]   XAUUSDc_H1: skip — only 77/100 signals
2026-07-09 04:49:46,042 [DEBUG]   XAUUSDc_H4: skip — only 79/100 signals
2026-07-09 04:49:46,042 [DEBUG]   XAUUSDc_M15: skip — only 31/100 signals
2026-07-09 04:49:46,042 [DEBUG]   XAUUSDc_M30: skip — only 69/100 signals
2026-07-09 04:49:46,042 [DEBUG]   XAUUSDc_M5: skip — only 28/100 signals
2026-07-09 05:19:46,448 [INFO] Scanning 5 directories for TFs: ['M5', 'M15', 'M30', 'H1', 'H4', 'D1']
2026-07-09 05:19:46,506 [INFO] Found 22 symbol+TF pairs with data
2026-07-09 05:19:46,506 [INFO]   BTCUSD_D1: 0 resolved signals
2026-07-09 05:19:46,506 [INFO]   BTCUSD_H1: 101 resolved signals
2026-07-09 05:19:46,506 [INFO]   BTCUSD_H4: 0 resolved signals
2026-07-09 05:19:46,506 [INFO]   BTCUSD_M30: 52 resolved signals
2026-07-09 05:19:46,506 [INFO]   BTCUSD_M5: 115 resolved signals
2026-07-09 05:19:46,506 [INFO]   EURUSDc_D1: 43 resolved signals
2026-07-09 05:19:46,506 [INFO]   EURUSDc_H1: 50 resolved signals
2026-07-09 05:19:46,506 [INFO]   EURUSDc_H4: 97 resolved signals
2026-07-09 05:19:46,506 [INFO]   EURUSDc_M15: 0 resolved signals
2026-07-09 05:19:46,506 [INFO]   EURUSDc_M30: 0 resolved signals
2026-07-09 05:19:46,506 [INFO]   XAUUSD_D1: 44 resolved signals
2026-07-09 05:19:46,506 [INFO]   XAUUSD_H1: 21 resolved signals
2026-07-09 05:19:46,506 [INFO]   XAUUSD_H4: 74 resolved signals
2026-07-09 05:19:46,506 [INFO]   XAUUSD_M15: 115 resolved signals
2026-07-09 05:19:46,506 [INFO]   XAUUSD_M30: 69 resolved signals
2026-07-09 05:19:46,506 [INFO]   XAUUSD_M5: 96 resolved signals
2026-07-09 05:19:46,507 [INFO]   XAUUSDc_D1: 59 resolved signals
2026-07-09 05:19:46,507 [INFO]   XAUUSDc_H1: 77 resolved signals
2026-07-09 05:19:46,507 [INFO]   XAUUSDc_H4: 79 resolved signals
2026-07-09 05:19:46,507 [INFO]   XAUUSDc_M15: 31 resolved signals
2026-07-09 05:19:46,507 [INFO]   XAUUSDc_M30: 69 resolved signals
2026-07-09 05:19:46,507 [INFO]   XAUUSDc_M5: 28 resolved signals
2026-07-09 05:19:46,507 [DEBUG]   BTCUSD_D1: skip — only 0/100 signals
2026-07-09 05:19:46,507 [DEBUG]   BTCUSD_H1: skip — waiting for 50 more new signals
2026-07-09 05:19:46,507 [DEBUG]   BTCUSD_H4: skip — only 0/100 signals
2026-07-09 05:19:46,507 [DEBUG]   BTCUSD_M30: skip — only 52/100 signals
2026-07-09 05:19:46,507 [DEBUG]   BTCUSD_M5: skip — waiting for 47 more new signals
2026-07-09 05:19:46,507 [DEBUG]   EURUSDc_D1: skip — only 43/100 signals
2026-07-09 05:19:46,507 [DEBUG]   EURUSDc_H1: skip — only 50/100 signals
2026-07-09 05:19:46,507 [DEBUG]   EURUSDc_H4: skip — only 97/100 signals
2026-07-09 05:19:46,507 [DEBUG]   EURUSDc_M15: skip — only 0/100 signals
2026-07-09 05:19:46,507 [DEBUG]   EURUSDc_M30: skip — only 0/100 signals
2026-07-09 05:19:46,507 [DEBUG]   XAUUSD_D1: skip — only 44/100 signals
2026-07-09 05:19:46,507 [DEBUG]   XAUUSD_H1: skip — only 21/100 signals
2026-07-09 05:19:46,507 [DEBUG]   XAUUSD_H4: skip — only 74/100 signals
2026-07-09 05:19:46,507 [DEBUG]   XAUUSD_M15: skip — waiting for 48 more new signals
2026-07-09 05:19:46,507 [DEBUG]   XAUUSD_M30: skip — only 69/100 signals
2026-07-09 05:19:46,507 [DEBUG]   XAUUSD_M5: skip — only 96/100 signals
2026-07-09 05:19:46,507 [DEBUG]   XAUUSDc_D1: skip — only 59/100 signals
2026-07-09 05:19:46,507 [DEBUG]   XAUUSDc_H1: skip — only 77/100 signals
2026-07-09 05:19:46,507 [DEBUG]   XAUUSDc_H4: skip — only 79/100 signals
2026-07-09 05:19:46,507 [DEBUG]   XAUUSDc_M15: skip — only 31/100 signals
2026-07-09 05:19:46,507 [DEBUG]   XAUUSDc_M30: skip — only 69/100 signals
2026-07-09 05:19:46,507 [DEBUG]   XAUUSDc_M5: skip — only 28/100 signals
2026-07-09 05:49:46,915 [INFO] Scanning 5 directories for TFs: ['M5', 'M15', 'M30', 'H1', 'H4', 'D1']
2026-07-09 05:49:46,978 [INFO] Found 22 symbol+TF pairs with data
2026-07-09 05:49:46,978 [INFO]   BTCUSD_D1: 0 resolved signals
2026-07-09 05:49:46,978 [INFO]   BTCUSD_H1: 101 resolved signals
2026-07-09 05:49:46,978 [INFO]   BTCUSD_H4: 0 resolved signals
2026-07-09 05:49:46,978 [INFO]   BTCUSD_M30: 52 resolved signals
2026-07-09 05:49:46,978 [INFO]   BTCUSD_M5: 115 resolved signals
2026-07-09 05:49:46,978 [INFO]   EURUSDc_D1: 43 resolved signals
2026-07-09 05:49:46,978 [INFO]   EURUSDc_H1: 50 resolved signals
2026-07-09 05:49:46,978 [INFO]   EURUSDc_H4: 97 resolved signals
2026-07-09 05:49:46,978 [INFO]   EURUSDc_M15: 0 resolved signals
2026-07-09 05:49:46,978 [INFO]   EURUSDc_M30: 0 resolved signals
2026-07-09 05:49:46,978 [INFO]   XAUUSD_D1: 44 resolved signals
2026-07-09 05:49:46,978 [INFO]   XAUUSD_H1: 21 resolved signals
2026-07-09 05:49:46,978 [INFO]   XAUUSD_H4: 74 resolved signals
2026-07-09 05:49:46,978 [INFO]   XAUUSD_M15: 115 resolved signals
2026-07-09 05:49:46,978 [INFO]   XAUUSD_M30: 69 resolved signals
2026-07-09 05:49:46,978 [INFO]   XAUUSD_M5: 96 resolved signals
2026-07-09 05:49:46,978 [INFO]   XAUUSDc_D1: 59 resolved signals
2026-07-09 05:49:46,978 [INFO]   XAUUSDc_H1: 77 resolved signals
2026-07-09 05:49:46,978 [INFO]   XAUUSDc_H4: 79 resolved signals
2026-07-09 05:49:46,978 [INFO]   XAUUSDc_M15: 31 resolved signals
2026-07-09 05:49:46,978 [INFO]   XAUUSDc_M30: 69 resolved signals
2026-07-09 05:49:46,978 [INFO]   XAUUSDc_M5: 28 resolved signals
2026-07-09 05:49:46,978 [DEBUG]   BTCUSD_D1: skip — only 0/100 signals
2026-07-09 05:49:46,978 [DEBUG]   BTCUSD_H1: skip — waiting for 50 more new signals
2026-07-09 05:49:46,978 [DEBUG]   BTCUSD_H4: skip — only 0/100 signals
2026-07-09 05:49:46,978 [DEBUG]   BTCUSD_M30: skip — only 52/100 signals
2026-07-09 05:49:46,978 [DEBUG]   BTCUSD_M5: skip — waiting for 47 more new signals
2026-07-09 05:49:46,978 [DEBUG]   EURUSDc_D1: skip — only 43/100 signals
2026-07-09 05:49:46,979 [DEBUG]   EURUSDc_H1: skip — only 50/100 signals
2026-07-09 05:49:46,979 [DEBUG]   EURUSDc_H4: skip — only 97/100 signals
2026-07-09 05:49:46,979 [DEBUG]   EURUSDc_M15: skip — only 0/100 signals
2026-07-09 05:49:46,979 [DEBUG]   EURUSDc_M30: skip — only 0/100 signals
2026-07-09 05:49:46,979 [DEBUG]   XAUUSD_D1: skip — only 44/100 signals
2026-07-09 05:49:46,979 [DEBUG]   XAUUSD_H1: skip — only 21/100 signals
2026-07-09 05:49:46,979 [DEBUG]   XAUUSD_H4: skip — only 74/100 signals
2026-07-09 05:49:46,979 [DEBUG]   XAUUSD_M15: skip — waiting for 48 more new signals
2026-07-09 05:49:46,979 [DEBUG]   XAUUSD_M30: skip — only 69/100 signals
2026-07-09 05:49:46,979 [DEBUG]   XAUUSD_M5: skip — only 96/100 signals
2026-07-09 05:49:46,979 [DEBUG]   XAUUSDc_D1: skip — only 59/100 signals
2026-07-09 05:49:46,979 [DEBUG]   XAUUSDc_H1: skip — only 77/100 signals
2026-07-09 05:49:46,979 [DEBUG]   XAUUSDc_H4: skip — only 79/100 signals
2026-07-09 05:49:46,979 [DEBUG]   XAUUSDc_M15: skip — only 31/100 signals
2026-07-09 05:49:46,979 [DEBUG]   XAUUSDc_M30: skip — only 69/100 signals
2026-07-09 05:49:46,979 [DEBUG]   XAUUSDc_M5: skip — only 28/100 signals
2026-07-09 06:19:47,382 [INFO] Scanning 5 directories for TFs: ['M5', 'M15', 'M30', 'H1', 'H4', 'D1']
2026-07-09 06:19:47,452 [INFO] Found 22 symbol+TF pairs with data
2026-07-09 06:19:47,452 [INFO]   BTCUSD_D1: 0 resolved signals
2026-07-09 06:19:47,452 [INFO]   BTCUSD_H1: 101 resolved signals
2026-07-09 06:19:47,452 [INFO]   BTCUSD_H4: 0 resolved signals
2026-07-09 06:19:47,452 [INFO]   BTCUSD_M30: 52 resolved signals
2026-07-09 06:19:47,452 [INFO]   BTCUSD_M5: 115 resolved signals
2026-07-09 06:19:47,452 [INFO]   EURUSDc_D1: 43 resolved signals
2026-07-09 06:19:47,452 [INFO]   EURUSDc_H1: 50 resolved signals
2026-07-09 06:19:47,452 [INFO]   EURUSDc_H4: 97 resolved signals
2026-07-09 06:19:47,452 [INFO]   EURUSDc_M15: 0 resolved signals
2026-07-09 06:19:47,452 [INFO]   EURUSDc_M30: 0 resolved signals
2026-07-09 06:19:47,452 [INFO]   XAUUSD_D1: 44 resolved signals
2026-07-09 06:19:47,452 [INFO]   XAUUSD_H1: 21 resolved signals
2026-07-09 06:19:47,452 [INFO]   XAUUSD_H4: 74 resolved signals
2026-07-09 06:19:47,452 [INFO]   XAUUSD_M15: 115 resolved signals
2026-07-09 06:19:47,452 [INFO]   XAUUSD_M30: 69 resolved signals
2026-07-09 06:19:47,452 [INFO]   XAUUSD_M5: 96 resolved signals
2026-07-09 06:19:47,453 [INFO]   XAUUSDc_D1: 59 resolved signals
2026-07-09 06:19:47,453 [INFO]   XAUUSDc_H1: 77 resolved signals
2026-07-09 06:19:47,453 [INFO]   XAUUSDc_H4: 79 resolved signals
2026-07-09 06:19:47,453 [INFO]   XAUUSDc_M15: 31 resolved signals
2026-07-09 06:19:47,453 [INFO]   XAUUSDc_M30: 69 resolved signals
2026-07-09 06:19:47,453 [INFO]   XAUUSDc_M5: 28 resolved signals
2026-07-09 06:19:47,453 [DEBUG]   BTCUSD_D1: skip — only 0/100 signals
2026-07-09 06:19:47,453 [DEBUG]   BTCUSD_H1: skip — waiting for 50 more new signals
2026-07-09 06:19:47,453 [DEBUG]   BTCUSD_H4: skip — only 0/100 signals
2026-07-09 06:19:47,453 [DEBUG]   BTCUSD_M30: skip — only 52/100 signals
2026-07-09 06:19:47,453 [DEBUG]   BTCUSD_M5: skip — waiting for 47 more new signals
2026-07-09 06:19:47,453 [DEBUG]   EURUSDc_D1: skip — only 43/100 signals
2026-07-09 06:19:47,453 [DEBUG]   EURUSDc_H1: skip — only 50/100 signals
2026-07-09 06:19:47,453 [DEBUG]   EURUSDc_H4: skip — only 97/100 signals
2026-07-09 06:19:47,453 [DEBUG]   EURUSDc_M15: skip — only 0/100 signals
2026-07-09 06:19:47,453 [DEBUG]   EURUSDc_M30: skip — only 0/100 signals
2026-07-09 06:19:47,453 [DEBUG]   XAUUSD_D1: skip — only 44/100 signals
2026-07-09 06:19:47,453 [DEBUG]   XAUUSD_H1: skip — only 21/100 signals
2026-07-09 06:19:47,453 [DEBUG]   XAUUSD_H4: skip — only 74/100 signals
2026-07-09 06:19:47,453 [DEBUG]   XAUUSD_M15: skip — waiting for 48 more new signals
2026-07-09 06:19:47,453 [DEBUG]   XAUUSD_M30: skip — only 69/100 signals
2026-07-09 06:19:47,453 [DEBUG]   XAUUSD_M5: skip — only 96/100 signals
2026-07-09 06:19:47,453 [DEBUG]   XAUUSDc_D1: skip — only 59/100 signals
2026-07-09 06:19:47,453 [DEBUG]   XAUUSDc_H1: skip — only 77/100 signals
2026-07-09 06:19:47,453 [DEBUG]   XAUUSDc_H4: skip — only 79/100 signals
2026-07-09 06:19:47,453 [DEBUG]   XAUUSDc_M15: skip — only 31/100 signals
2026-07-09 06:19:47,453 [DEBUG]   XAUUSDc_M30: skip — only 69/100 signals
2026-07-09 06:19:47,453 [DEBUG]   XAUUSDc_M5: skip — only 28/100 signals
2026-07-09 06:49:47,845 [INFO] Scanning 5 directories for TFs: ['M5', 'M15', 'M30', 'H1', 'H4', 'D1']
2026-07-09 06:49:47,919 [INFO] Found 22 symbol+TF pairs with data
2026-07-09 06:49:47,919 [INFO]   BTCUSD_D1: 0 resolved signals
2026-07-09 06:49:47,919 [INFO]   BTCUSD_H1: 101 resolved signals
2026-07-09 06:49:47,919 [INFO]   BTCUSD_H4: 0 resolved signals
2026-07-09 06:49:47,919 [INFO]   BTCUSD_M30: 52 resolved signals
2026-07-09 06:49:47,919 [INFO]   BTCUSD_M5: 116 resolved signals
2026-07-09 06:49:47,919 [INFO]   EURUSDc_D1: 43 resolved signals
2026-07-09 06:49:47,919 [INFO]   EURUSDc_H1: 50 resolved signals
2026-07-09 06:49:47,919 [INFO]   EURUSDc_H4: 97 resolved signals
2026-07-09 06:49:47,919 [INFO]   EURUSDc_M15: 0 resolved signals
2026-07-09 06:49:47,919 [INFO]   EURUSDc_M30: 0 resolved signals
2026-07-09 06:49:47,919 [INFO]   XAUUSD_D1: 44 resolved signals
2026-07-09 06:49:47,919 [INFO]   XAUUSD_H1: 21 resolved signals
2026-07-09 06:49:47,919 [INFO]   XAUUSD_H4: 74 resolved signals
2026-07-09 06:49:47,919 [INFO]   XAUUSD_M15: 115 resolved signals
2026-07-09 06:49:47,919 [INFO]   XAUUSD_M30: 69 resolved signals
2026-07-09 06:49:47,919 [INFO]   XAUUSD_M5: 96 resolved signals
2026-07-09 06:49:47,919 [INFO]   XAUUSDc_D1: 59 resolved signals
2026-07-09 06:49:47,919 [INFO]   XAUUSDc_H1: 77 resolved signals
2026-07-09 06:49:47,919 [INFO]   XAUUSDc_H4: 79 resolved signals
2026-07-09 06:49:47,919 [INFO]   XAUUSDc_M15: 31 resolved signals
2026-07-09 06:49:47,919 [INFO]   XAUUSDc_M30: 69 resolved signals
2026-07-09 06:49:47,920 [INFO]   XAUUSDc_M5: 28 resolved signals
2026-07-09 06:49:47,920 [DEBUG]   BTCUSD_D1: skip — only 0/100 signals
2026-07-09 06:49:47,920 [DEBUG]   BTCUSD_H1: skip — waiting for 50 more new signals
2026-07-09 06:49:47,920 [DEBUG]   BTCUSD_H4: skip — only 0/100 signals
2026-07-09 06:49:47,920 [DEBUG]   BTCUSD_M30: skip — only 52/100 signals
2026-07-09 06:49:47,920 [DEBUG]   BTCUSD_M5: skip — waiting for 46 more new signals
2026-07-09 06:49:47,920 [DEBUG]   EURUSDc_D1: skip — only 43/100 signals
2026-07-09 06:49:47,920 [DEBUG]   EURUSDc_H1: skip — only 50/100 signals
2026-07-09 06:49:47,920 [DEBUG]   EURUSDc_H4: skip — only 97/100 signals
2026-07-09 06:49:47,920 [DEBUG]   EURUSDc_M15: skip — only 0/100 signals
2026-07-09 06:49:47,920 [DEBUG]   EURUSDc_M30: skip — only 0/100 signals
2026-07-09 06:49:47,920 [DEBUG]   XAUUSD_D1: skip — only 44/100 signals
2026-07-09 06:49:47,920 [DEBUG]   XAUUSD_H1: skip — only 21/100 signals
2026-07-09 06:49:47,920 [DEBUG]   XAUUSD_H4: skip — only 74/100 signals
2026-07-09 06:49:47,920 [DEBUG]   XAUUSD_M15: skip — waiting for 48 more new signals
2026-07-09 06:49:47,920 [DEBUG]   XAUUSD_M30: skip — only 69/100 signals
2026-07-09 06:49:47,920 [DEBUG]   XAUUSD_M5: skip — only 96/100 signals
2026-07-09 06:49:47,920 [DEBUG]   XAUUSDc_D1: skip — only 59/100 signals
2026-07-09 06:49:47,920 [DEBUG]   XAUUSDc_H1: skip — only 77/100 signals
2026-07-09 06:49:47,920 [DEBUG]   XAUUSDc_H4: skip — only 79/100 signals
2026-07-09 06:49:47,920 [DEBUG]   XAUUSDc_M15: skip — only 31/100 signals
2026-07-09 06:49:47,920 [DEBUG]   XAUUSDc_M30: skip — only 69/100 signals
2026-07-09 06:49:47,920 [DEBUG]   XAUUSDc_M5: skip — only 28/100 signals
2026-07-09 07:19:48,331 [INFO] Scanning 5 directories for TFs: ['M5', 'M15', 'M30', 'H1', 'H4', 'D1']
2026-07-09 07:19:48,562 [INFO] Found 22 symbol+TF pairs with data
2026-07-09 07:19:48,562 [INFO]   BTCUSD_D1: 0 resolved signals
2026-07-09 07:19:48,562 [INFO]   BTCUSD_H1: 101 resolved signals
2026-07-09 07:19:48,562 [INFO]   BTCUSD_H4: 0 resolved signals
2026-07-09 07:19:48,563 [INFO]   BTCUSD_M30: 52 resolved signals
2026-07-09 07:19:48,563 [INFO]   BTCUSD_M5: 116 resolved signals
2026-07-09 07:19:48,563 [INFO]   EURUSDc_D1: 43 resolved signals
2026-07-09 07:19:48,563 [INFO]   EURUSDc_H1: 50 resolved signals
2026-07-09 07:19:48,563 [INFO]   EURUSDc_H4: 97 resolved signals
2026-07-09 07:19:48,563 [INFO]   EURUSDc_M15: 0 resolved signals
2026-07-09 07:19:48,563 [INFO]   EURUSDc_M30: 0 resolved signals
2026-07-09 07:19:48,563 [INFO]   XAUUSD_D1: 44 resolved signals
2026-07-09 07:19:48,563 [INFO]   XAUUSD_H1: 21 resolved signals
2026-07-09 07:19:48,563 [INFO]   XAUUSD_H4: 74 resolved signals
2026-07-09 07:19:48,563 [INFO]   XAUUSD_M15: 118 resolved signals
2026-07-09 07:19:48,563 [INFO]   XAUUSD_M30: 69 resolved signals
2026-07-09 07:19:48,563 [INFO]   XAUUSD_M5: 96 resolved signals
2026-07-09 07:19:48,563 [INFO]   XAUUSDc_D1: 59 resolved signals
2026-07-09 07:19:48,563 [INFO]   XAUUSDc_H1: 77 resolved signals
2026-07-09 07:19:48,563 [INFO]   XAUUSDc_H4: 79 resolved signals
2026-07-09 07:19:48,563 [INFO]   XAUUSDc_M15: 31 resolved signals
2026-07-09 07:19:48,563 [INFO]   XAUUSDc_M30: 69 resolved signals
2026-07-09 07:19:48,563 [INFO]   XAUUSDc_M5: 28 resolved signals
2026-07-09 07:19:48,563 [DEBUG]   BTCUSD_D1: skip — only 0/100 signals
2026-07-09 07:19:48,563 [DEBUG]   BTCUSD_H1: skip — waiting for 50 more new signals
2026-07-09 07:19:48,563 [DEBUG]   BTCUSD_H4: skip — only 0/100 signals
2026-07-09 07:19:48,563 [DEBUG]   BTCUSD_M30: skip — only 52/100 signals
2026-07-09 07:19:48,563 [DEBUG]   BTCUSD_M5: skip — waiting for 46 more new signals
2026-07-09 07:19:48,563 [DEBUG]   EURUSDc_D1: skip — only 43/100 signals
2026-07-09 07:19:48,563 [DEBUG]   EURUSDc_H1: skip — only 50/100 signals
2026-07-09 07:19:48,563 [DEBUG]   EURUSDc_H4: skip — only 97/100 signals
2026-07-09 07:19:48,563 [DEBUG]   EURUSDc_M15: skip — only 0/100 signals
2026-07-09 07:19:48,563 [DEBUG]   EURUSDc_M30: skip — only 0/100 signals
2026-07-09 07:19:48,563 [DEBUG]   XAUUSD_D1: skip — only 44/100 signals
2026-07-09 07:19:48,563 [DEBUG]   XAUUSD_H1: skip — only 21/100 signals
2026-07-09 07:19:48,563 [DEBUG]   XAUUSD_H4: skip — only 74/100 signals
2026-07-09 07:19:48,563 [DEBUG]   XAUUSD_M15: skip — waiting for 45 more new signals
2026-07-09 07:19:48,563 [DEBUG]   XAUUSD_M30: skip — only 69/100 signals
2026-07-09 07:19:48,563 [DEBUG]   XAUUSD_M5: skip — only 96/100 signals
2026-07-09 07:19:48,563 [DEBUG]   XAUUSDc_D1: skip — only 59/100 signals
2026-07-09 07:19:48,563 [DEBUG]   XAUUSDc_H1: skip — only 77/100 signals
2026-07-09 07:19:48,563 [DEBUG]   XAUUSDc_H4: skip — only 79/100 signals
2026-07-09 07:19:48,563 [DEBUG]   XAUUSDc_M15: skip — only 31/100 signals
2026-07-09 07:19:48,563 [DEBUG]   XAUUSDc_M30: skip — only 69/100 signals
2026-07-09 07:19:48,563 [DEBUG]   XAUUSDc_M5: skip — only 28/100 signals
2026-07-09 07:49:49,023 [INFO] Scanning 5 directories for TFs: ['M5', 'M15', 'M30', 'H1', 'H4', 'D1']
2026-07-09 07:49:49,098 [INFO] Found 22 symbol+TF pairs with data
2026-07-09 07:49:49,098 [INFO]   BTCUSD_D1: 0 resolved signals
2026-07-09 07:49:49,098 [INFO]   BTCUSD_H1: 101 resolved signals
2026-07-09 07:49:49,098 [INFO]   BTCUSD_H4: 0 resolved signals
2026-07-09 07:49:49,098 [INFO]   BTCUSD_M30: 52 resolved signals
2026-07-09 07:49:49,098 [INFO]   BTCUSD_M5: 116 resolved signals
2026-07-09 07:49:49,098 [INFO]   EURUSDc_D1: 43 resolved signals
2026-07-09 07:49:49,098 [INFO]   EURUSDc_H1: 50 resolved signals
2026-07-09 07:49:49,098 [INFO]   EURUSDc_H4: 97 resolved signals
2026-07-09 07:49:49,098 [INFO]   EURUSDc_M15: 0 resolved signals
2026-07-09 07:49:49,098 [INFO]   EURUSDc_M30: 0 resolved signals
2026-07-09 07:49:49,098 [INFO]   XAUUSD_D1: 44 resolved signals
2026-07-09 07:49:49,098 [INFO]   XAUUSD_H1: 21 resolved signals
2026-07-09 07:49:49,098 [INFO]   XAUUSD_H4: 74 resolved signals
2026-07-09 07:49:49,098 [INFO]   XAUUSD_M15: 118 resolved signals
2026-07-09 07:49:49,098 [INFO]   XAUUSD_M30: 69 resolved signals
2026-07-09 07:49:49,098 [INFO]   XAUUSD_M5: 96 resolved signals
2026-07-09 07:49:49,098 [INFO]   XAUUSDc_D1: 59 resolved signals
2026-07-09 07:49:49,098 [INFO]   XAUUSDc_H1: 77 resolved signals
2026-07-09 07:49:49,098 [INFO]   XAUUSDc_H4: 79 resolved signals
2026-07-09 07:49:49,098 [INFO]   XAUUSDc_M15: 31 resolved signals
2026-07-09 07:49:49,098 [INFO]   XAUUSDc_M30: 69 resolved signals
2026-07-09 07:49:49,098 [INFO]   XAUUSDc_M5: 28 resolved signals
2026-07-09 07:49:49,098 [DEBUG]   BTCUSD_D1: skip — only 0/100 signals
2026-07-09 07:49:49,098 [DEBUG]   BTCUSD_H1: skip — waiting for 50 more new signals
2026-07-09 07:49:49,098 [DEBUG]   BTCUSD_H4: skip — only 0/100 signals
2026-07-09 07:49:49,098 [DEBUG]   BTCUSD_M30: skip — only 52/100 signals
2026-07-09 07:49:49,098 [DEBUG]   BTCUSD_M5: skip — waiting for 46 more new signals
2026-07-09 07:49:49,098 [DEBUG]   EURUSDc_D1: skip — only 43/100 signals
2026-07-09 07:49:49,098 [DEBUG]   EURUSDc_H1: skip — only 50/100 signals
2026-07-09 07:49:49,099 [DEBUG]   EURUSDc_H4: skip — only 97/100 signals
2026-07-09 07:49:49,099 [DEBUG]   EURUSDc_M15: skip — only 0/100 signals
2026-07-09 07:49:49,099 [DEBUG]   EURUSDc_M30: skip — only 0/100 signals
2026-07-09 07:49:49,099 [DEBUG]   XAUUSD_D1: skip — only 44/100 signals
2026-07-09 07:49:49,099 [DEBUG]   XAUUSD_H1: skip — only 21/100 signals
2026-07-09 07:49:49,099 [DEBUG]   XAUUSD_H4: skip — only 74/100 signals
2026-07-09 07:49:49,099 [DEBUG]   XAUUSD_M15: skip — waiting for 45 more new signals
2026-07-09 07:49:49,099 [DEBUG]   XAUUSD_M30: skip — only 69/100 signals
2026-07-09 07:49:49,099 [DEBUG]   XAUUSD_M5: skip — only 96/100 signals
2026-07-09 07:49:49,099 [DEBUG]   XAUUSDc_D1: skip — only 59/100 signals
2026-07-09 07:49:49,099 [DEBUG]   XAUUSDc_H1: skip — only 77/100 signals
2026-07-09 07:49:49,099 [DEBUG]   XAUUSDc_H4: skip — only 79/100 signals
2026-07-09 07:49:49,099 [DEBUG]   XAUUSDc_M15: skip — only 31/100 signals
2026-07-09 07:49:49,099 [DEBUG]   XAUUSDc_M30: skip — only 69/100 signals
2026-07-09 07:49:49,099 [DEBUG]   XAUUSDc_M5: skip — only 28/100 signals
2026-07-09 08:19:49,575 [INFO] Scanning 5 directories for TFs: ['M5', 'M15', 'M30', 'H1', 'H4', 'D1']
2026-07-09 08:19:49,676 [INFO] Found 22 symbol+TF pairs with data
2026-07-09 08:19:49,676 [INFO]   BTCUSD_D1: 0 resolved signals
2026-07-09 08:19:49,676 [INFO]   BTCUSD_H1: 101 resolved signals
2026-07-09 08:19:49,676 [INFO]   BTCUSD_H4: 0 resolved signals
2026-07-09 08:19:49,677 [INFO]   BTCUSD_M30: 52 resolved signals
2026-07-09 08:19:49,677 [INFO]   BTCUSD_M5: 117 resolved signals
2026-07-09 08:19:49,677 [INFO]   EURUSDc_D1: 43 resolved signals
2026-07-09 08:19:49,677 [INFO]   EURUSDc_H1: 50 resolved signals
2026-07-09 08:19:49,677 [INFO]   EURUSDc_H4: 97 resolved signals
2026-07-09 08:19:49,677 [INFO]   EURUSDc_M15: 0 resolved signals
2026-07-09 08:19:49,677 [INFO]   EURUSDc_M30: 0 resolved signals
2026-07-09 08:19:49,677 [INFO]   XAUUSD_D1: 44 resolved signals
2026-07-09 08:19:49,677 [INFO]   XAUUSD_H1: 21 resolved signals
2026-07-09 08:19:49,677 [INFO]   XAUUSD_H4: 74 resolved signals
2026-07-09 08:19:49,677 [INFO]   XAUUSD_M15: 119 resolved signals
2026-07-09 08:19:49,677 [INFO]   XAUUSD_M30: 69 resolved signals
2026-07-09 08:19:49,677 [INFO]   XAUUSD_M5: 96 resolved signals
2026-07-09 08:19:49,677 [INFO]   XAUUSDc_D1: 59 resolved signals
2026-07-09 08:19:49,677 [INFO]   XAUUSDc_H1: 77 resolved signals
2026-07-09 08:19:49,677 [INFO]   XAUUSDc_H4: 79 resolved signals
2026-07-09 08:19:49,677 [INFO]   XAUUSDc_M15: 31 resolved signals
2026-07-09 08:19:49,677 [INFO]   XAUUSDc_M30: 69 resolved signals
2026-07-09 08:19:49,677 [INFO]   XAUUSDc_M5: 28 resolved signals
2026-07-09 08:19:49,677 [DEBUG]   BTCUSD_D1: skip — only 0/100 signals
2026-07-09 08:19:49,677 [DEBUG]   BTCUSD_H1: skip — waiting for 50 more new signals
2026-07-09 08:19:49,677 [DEBUG]   BTCUSD_H4: skip — only 0/100 signals
2026-07-09 08:19:49,677 [DEBUG]   BTCUSD_M30: skip — only 52/100 signals
2026-07-09 08:19:49,677 [DEBUG]   BTCUSD_M5: skip — waiting for 45 more new signals
2026-07-09 08:19:49,677 [DEBUG]   EURUSDc_D1: skip — only 43/100 signals
2026-07-09 08:19:49,677 [DEBUG]   EURUSDc_H1: skip — only 50/100 signals
2026-07-09 08:19:49,677 [DEBUG]   EURUSDc_H4: skip — only 97/100 signals
2026-07-09 08:19:49,677 [DEBUG]   EURUSDc_M15: skip — only 0/100 signals
2026-07-09 08:19:49,677 [DEBUG]   EURUSDc_M30: skip — only 0/100 signals
2026-07-09 08:19:49,677 [DEBUG]   XAUUSD_D1: skip — only 44/100 signals
2026-07-09 08:19:49,677 [DEBUG]   XAUUSD_H1: skip — only 21/100 signals
2026-07-09 08:19:49,677 [DEBUG]   XAUUSD_H4: skip — only 74/100 signals
2026-07-09 08:19:49,677 [DEBUG]   XAUUSD_M15: skip — waiting for 44 more new signals
2026-07-09 08:19:49,677 [DEBUG]   XAUUSD_M30: skip — only 69/100 signals
2026-07-09 08:19:49,677 [DEBUG]   XAUUSD_M5: skip — only 96/100 signals
2026-07-09 08:19:49,677 [DEBUG]   XAUUSDc_D1: skip — only 59/100 signals
2026-07-09 08:19:49,677 [DEBUG]   XAUUSDc_H1: skip — only 77/100 signals
2026-07-09 08:19:49,677 [DEBUG]   XAUUSDc_H4: skip — only 79/100 signals
2026-07-09 08:19:49,677 [DEBUG]   XAUUSDc_M15: skip — only 31/100 signals
2026-07-09 08:19:49,677 [DEBUG]   XAUUSDc_M30: skip — only 69/100 signals
2026-07-09 08:19:49,677 [DEBUG]   XAUUSDc_M5: skip — only 28/100 signals
2026-07-09 08:49:50,126 [INFO] Scanning 5 directories for TFs: ['M5', 'M15', 'M30', 'H1', 'H4', 'D1']
2026-07-09 08:49:50,207 [INFO] Found 22 symbol+TF pairs with data
2026-07-09 08:49:50,208 [INFO]   BTCUSD_D1: 0 resolved signals
2026-07-09 08:49:50,208 [INFO]   BTCUSD_H1: 101 resolved signals
2026-07-09 08:49:50,208 [INFO]   BTCUSD_H4: 0 resolved signals
2026-07-09 08:49:50,208 [INFO]   BTCUSD_M30: 52 resolved signals
2026-07-09 08:49:50,208 [INFO]   BTCUSD_M5: 117 resolved signals
2026-07-09 08:49:50,208 [INFO]   EURUSDc_D1: 43 resolved signals
2026-07-09 08:49:50,208 [INFO]   EURUSDc_H1: 50 resolved signals
2026-07-09 08:49:50,208 [INFO]   EURUSDc_H4: 97 resolved signals
2026-07-09 08:49:50,208 [INFO]   EURUSDc_M15: 0 resolved signals
2026-07-09 08:49:50,208 [INFO]   EURUSDc_M30: 0 resolved signals
2026-07-09 08:49:50,208 [INFO]   XAUUSD_D1: 44 resolved signals
2026-07-09 08:49:50,208 [INFO]   XAUUSD_H1: 21 resolved signals
2026-07-09 08:49:50,208 [INFO]   XAUUSD_H4: 74 resolved signals
2026-07-09 08:49:50,208 [INFO]   XAUUSD_M15: 119 resolved signals
2026-07-09 08:49:50,208 [INFO]   XAUUSD_M30: 69 resolved signals
2026-07-09 08:49:50,208 [INFO]   XAUUSD_M5: 96 resolved signals
2026-07-09 08:49:50,208 [INFO]   XAUUSDc_D1: 59 resolved signals
2026-07-09 08:49:50,208 [INFO]   XAUUSDc_H1: 77 resolved signals
2026-07-09 08:49:50,208 [INFO]   XAUUSDc_H4: 79 resolved signals
2026-07-09 08:49:50,208 [INFO]   XAUUSDc_M15: 31 resolved signals
2026-07-09 08:49:50,208 [INFO]   XAUUSDc_M30: 69 resolved signals
2026-07-09 08:49:50,208 [INFO]   XAUUSDc_M5: 28 resolved signals
2026-07-09 08:49:50,208 [DEBUG]   BTCUSD_D1: skip — only 0/100 signals
2026-07-09 08:49:50,208 [DEBUG]   BTCUSD_H1: skip — waiting for 50 more new signals
2026-07-09 08:49:50,208 [DEBUG]   BTCUSD_H4: skip — only 0/100 signals
2026-07-09 08:49:50,208 [DEBUG]   BTCUSD_M30: skip — only 52/100 signals
2026-07-09 08:49:50,208 [DEBUG]   BTCUSD_M5: skip — waiting for 45 more new signals
2026-07-09 08:49:50,208 [DEBUG]   EURUSDc_D1: skip — only 43/100 signals
2026-07-09 08:49:50,208 [DEBUG]   EURUSDc_H1: skip — only 50/100 signals
2026-07-09 08:49:50,208 [DEBUG]   EURUSDc_H4: skip — only 97/100 signals
2026-07-09 08:49:50,208 [DEBUG]   EURUSDc_M15: skip — only 0/100 signals
2026-07-09 08:49:50,208 [DEBUG]   EURUSDc_M30: skip — only 0/100 signals
2026-07-09 08:49:50,208 [DEBUG]   XAUUSD_D1: skip — only 44/100 signals
2026-07-09 08:49:50,208 [DEBUG]   XAUUSD_H1: skip — only 21/100 signals
2026-07-09 08:49:50,208 [DEBUG]   XAUUSD_H4: skip — only 74/100 signals
2026-07-09 08:49:50,208 [DEBUG]   XAUUSD_M15: skip — waiting for 44 more new signals
2026-07-09 08:49:50,208 [DEBUG]   XAUUSD_M30: skip — only 69/100 signals
2026-07-09 08:49:50,208 [DEBUG]   XAUUSD_M5: skip — only 96/100 signals
2026-07-09 08:49:50,208 [DEBUG]   XAUUSDc_D1: skip — only 59/100 signals
2026-07-09 08:49:50,208 [DEBUG]   XAUUSDc_H1: skip — only 77/100 signals
2026-07-09 08:49:50,208 [DEBUG]   XAUUSDc_H4: skip — only 79/100 signals
2026-07-09 08:49:50,208 [DEBUG]   XAUUSDc_M15: skip — only 31/100 signals
2026-07-09 08:49:50,208 [DEBUG]   XAUUSDc_M30: skip — only 69/100 signals
2026-07-09 08:49:50,208 [DEBUG]   XAUUSDc_M5: skip — only 28/100 signals
2026-07-09 09:19:50,686 [INFO] Scanning 5 directories for TFs: ['M5', 'M15', 'M30', 'H1', 'H4', 'D1']
2026-07-09 09:19:50,788 [INFO] Found 22 symbol+TF pairs with data
2026-07-09 09:19:50,788 [INFO]   BTCUSD_D1: 0 resolved signals
2026-07-09 09:19:50,788 [INFO]   BTCUSD_H1: 101 resolved signals
2026-07-09 09:19:50,788 [INFO]   BTCUSD_H4: 0 resolved signals
2026-07-09 09:19:50,788 [INFO]   BTCUSD_M30: 52 resolved signals
2026-07-09 09:19:50,788 [INFO]   BTCUSD_M5: 120 resolved signals
2026-07-09 09:19:50,788 [INFO]   EURUSDc_D1: 43 resolved signals
2026-07-09 09:19:50,788 [INFO]   EURUSDc_H1: 50 resolved signals
2026-07-09 09:19:50,788 [INFO]   EURUSDc_H4: 97 resolved signals
2026-07-09 09:19:50,788 [INFO]   EURUSDc_M15: 0 resolved signals
2026-07-09 09:19:50,788 [INFO]   EURUSDc_M30: 0 resolved signals
2026-07-09 09:19:50,788 [INFO]   XAUUSD_D1: 44 resolved signals
2026-07-09 09:19:50,788 [INFO]   XAUUSD_H1: 21 resolved signals
2026-07-09 09:19:50,788 [INFO]   XAUUSD_H4: 74 resolved signals
2026-07-09 09:19:50,788 [INFO]   XAUUSD_M15: 120 resolved signals
2026-07-09 09:19:50,788 [INFO]   XAUUSD_M30: 69 resolved signals
2026-07-09 09:19:50,788 [INFO]   XAUUSD_M5: 96 resolved signals
2026-07-09 09:19:50,788 [INFO]   XAUUSDc_D1: 59 resolved signals
2026-07-09 09:19:50,788 [INFO]   XAUUSDc_H1: 77 resolved signals
2026-07-09 09:19:50,788 [INFO]   XAUUSDc_H4: 79 resolved signals
2026-07-09 09:19:50,788 [INFO]   XAUUSDc_M15: 31 resolved signals
2026-07-09 09:19:50,788 [INFO]   XAUUSDc_M30: 69 resolved signals
2026-07-09 09:19:50,788 [INFO]   XAUUSDc_M5: 28 resolved signals
2026-07-09 09:19:50,788 [DEBUG]   BTCUSD_D1: skip — only 0/100 signals
2026-07-09 09:19:50,788 [DEBUG]   BTCUSD_H1: skip — waiting for 50 more new signals
2026-07-09 09:19:50,788 [DEBUG]   BTCUSD_H4: skip — only 0/100 signals
2026-07-09 09:19:50,788 [DEBUG]   BTCUSD_M30: skip — only 52/100 signals
2026-07-09 09:19:50,788 [DEBUG]   BTCUSD_M5: skip — waiting for 42 more new signals
2026-07-09 09:19:50,788 [DEBUG]   EURUSDc_D1: skip — only 43/100 signals
2026-07-09 09:19:50,788 [DEBUG]   EURUSDc_H1: skip — only 50/100 signals
2026-07-09 09:19:50,788 [DEBUG]   EURUSDc_H4: skip — only 97/100 signals
2026-07-09 09:19:50,788 [DEBUG]   EURUSDc_M15: skip — only 0/100 signals
2026-07-09 09:19:50,788 [DEBUG]   EURUSDc_M30: skip — only 0/100 signals
2026-07-09 09:19:50,788 [DEBUG]   XAUUSD_D1: skip — only 44/100 signals
2026-07-09 09:19:50,788 [DEBUG]   XAUUSD_H1: skip — only 21/100 signals
2026-07-09 09:19:50,788 [DEBUG]   XAUUSD_H4: skip — only 74/100 signals
2026-07-09 09:19:50,788 [DEBUG]   XAUUSD_M15: skip — waiting for 43 more new signals
2026-07-09 09:19:50,788 [DEBUG]   XAUUSD_M30: skip — only 69/100 signals
2026-07-09 09:19:50,788 [DEBUG]   XAUUSD_M5: skip — only 96/100 signals
2026-07-09 09:19:50,788 [DEBUG]   XAUUSDc_D1: skip — only 59/100 signals
2026-07-09 09:19:50,788 [DEBUG]   XAUUSDc_H1: skip — only 77/100 signals
2026-07-09 09:19:50,788 [DEBUG]   XAUUSDc_H4: skip — only 79/100 signals
2026-07-09 09:19:50,788 [DEBUG]   XAUUSDc_M15: skip — only 31/100 signals
2026-07-09 09:19:50,788 [DEBUG]   XAUUSDc_M30: skip — only 69/100 signals
2026-07-09 09:19:50,788 [DEBUG]   XAUUSDc_M5: skip — only 28/100 signals
2026-07-09 09:49:51,285 [INFO] Scanning 5 directories for TFs: ['M5', 'M15', 'M30', 'H1', 'H4', 'D1']
2026-07-09 09:49:51,349 [INFO] Found 22 symbol+TF pairs with data
2026-07-09 09:49:51,349 [INFO]   BTCUSD_D1: 0 resolved signals
2026-07-09 09:49:51,349 [INFO]   BTCUSD_H1: 101 resolved signals
2026-07-09 09:49:51,349 [INFO]   BTCUSD_H4: 0 resolved signals
2026-07-09 09:49:51,349 [INFO]   BTCUSD_M30: 52 resolved signals
2026-07-09 09:49:51,349 [INFO]   BTCUSD_M5: 120 resolved signals
2026-07-09 09:49:51,349 [INFO]   EURUSDc_D1: 43 resolved signals
2026-07-09 09:49:51,349 [INFO]   EURUSDc_H1: 50 resolved signals
2026-07-09 09:49:51,349 [INFO]   EURUSDc_H4: 97 resolved signals
2026-07-09 09:49:51,349 [INFO]   EURUSDc_M15: 0 resolved signals
2026-07-09 09:49:51,349 [INFO]   EURUSDc_M30: 0 resolved signals
2026-07-09 09:49:51,349 [INFO]   XAUUSD_D1: 44 resolved signals
2026-07-09 09:49:51,350 [INFO]   XAUUSD_H1: 21 resolved signals
2026-07-09 09:49:51,350 [INFO]   XAUUSD_H4: 74 resolved signals
2026-07-09 09:49:51,350 [INFO]   XAUUSD_M15: 120 resolved signals
2026-07-09 09:49:51,350 [INFO]   XAUUSD_M30: 69 resolved signals
2026-07-09 09:49:51,350 [INFO]   XAUUSD_M5: 96 resolved signals
2026-07-09 09:49:51,350 [INFO]   XAUUSDc_D1: 59 resolved signals
2026-07-09 09:49:51,350 [INFO]   XAUUSDc_H1: 77 resolved signals
2026-07-09 09:49:51,350 [INFO]   XAUUSDc_H4: 79 resolved signals
2026-07-09 09:49:51,350 [INFO]   XAUUSDc_M15: 31 resolved signals
2026-07-09 09:49:51,350 [INFO]   XAUUSDc_M30: 70 resolved signals
2026-07-09 09:49:51,350 [INFO]   XAUUSDc_M5: 28 resolved signals
2026-07-09 09:49:51,350 [DEBUG]   BTCUSD_D1: skip — only 0/100 signals
2026-07-09 09:49:51,350 [DEBUG]   BTCUSD_H1: skip — waiting for 50 more new signals
2026-07-09 09:49:51,350 [DEBUG]   BTCUSD_H4: skip — only 0/100 signals
2026-07-09 09:49:51,350 [DEBUG]   BTCUSD_M30: skip — only 52/100 signals
2026-07-09 09:49:51,350 [DEBUG]   BTCUSD_M5: skip — waiting for 42 more new signals
2026-07-09 09:49:51,350 [DEBUG]   EURUSDc_D1: skip — only 43/100 signals
2026-07-09 09:49:51,350 [DEBUG]   EURUSDc_H1: skip — only 50/100 signals
2026-07-09 09:49:51,350 [DEBUG]   EURUSDc_H4: skip — only 97/100 signals
2026-07-09 09:49:51,350 [DEBUG]   EURUSDc_M15: skip — only 0/100 signals
2026-07-09 09:49:51,350 [DEBUG]   EURUSDc_M30: skip — only 0/100 signals
2026-07-09 09:49:51,350 [DEBUG]   XAUUSD_D1: skip — only 44/100 signals
2026-07-09 09:49:51,350 [DEBUG]   XAUUSD_H1: skip — only 21/100 signals
2026-07-09 09:49:51,350 [DEBUG]   XAUUSD_H4: skip — only 74/100 signals
2026-07-09 09:49:51,350 [DEBUG]   XAUUSD_M15: skip — waiting for 43 more new signals
2026-07-09 09:49:51,350 [DEBUG]   XAUUSD_M30: skip — only 69/100 signals
2026-07-09 09:49:51,350 [DEBUG]   XAUUSD_M5: skip — only 96/100 signals
2026-07-09 09:49:51,350 [DEBUG]   XAUUSDc_D1: skip — only 59/100 signals
2026-07-09 09:49:51,350 [DEBUG]   XAUUSDc_H1: skip — only 77/100 signals
2026-07-09 09:49:51,350 [DEBUG]   XAUUSDc_H4: skip — only 79/100 signals
2026-07-09 09:49:51,350 [DEBUG]   XAUUSDc_M15: skip — only 31/100 signals
2026-07-09 09:49:51,350 [DEBUG]   XAUUSDc_M30: skip — only 70/100 signals
2026-07-09 09:49:51,350 [DEBUG]   XAUUSDc_M5: skip — only 28/100 signals
2026-07-09 10:19:51,926 [INFO] Scanning 5 directories for TFs: ['M5', 'M15', 'M30', 'H1', 'H4', 'D1']
2026-07-09 10:19:52,001 [INFO] Found 22 symbol+TF pairs with data
2026-07-09 10:19:52,001 [INFO]   BTCUSD_D1: 0 resolved signals
2026-07-09 10:19:52,001 [INFO]   BTCUSD_H1: 101 resolved signals
2026-07-09 10:19:52,001 [INFO]   BTCUSD_H4: 0 resolved signals
2026-07-09 10:19:52,001 [INFO]   BTCUSD_M30: 52 resolved signals
2026-07-09 10:19:52,001 [INFO]   BTCUSD_M5: 120 resolved signals
2026-07-09 10:19:52,001 [INFO]   EURUSDc_D1: 43 resolved signals
2026-07-09 10:19:52,001 [INFO]   EURUSDc_H1: 50 resolved signals
2026-07-09 10:19:52,001 [INFO]   EURUSDc_H4: 97 resolved signals
2026-07-09 10:19:52,001 [INFO]   EURUSDc_M15: 0 resolved signals
2026-07-09 10:19:52,001 [INFO]   EURUSDc_M30: 0 resolved signals
2026-07-09 10:19:52,001 [INFO]   XAUUSD_D1: 44 resolved signals
2026-07-09 10:19:52,001 [INFO]   XAUUSD_H1: 21 resolved signals
2026-07-09 10:19:52,001 [INFO]   XAUUSD_H4: 74 resolved signals
2026-07-09 10:19:52,001 [INFO]   XAUUSD_M15: 120 resolved signals
2026-07-09 10:19:52,001 [INFO]   XAUUSD_M30: 69 resolved signals
2026-07-09 10:19:52,001 [INFO]   XAUUSD_M5: 96 resolved signals
2026-07-09 10:19:52,001 [INFO]   XAUUSDc_D1: 59 resolved signals
2026-07-09 10:19:52,001 [INFO]   XAUUSDc_H1: 77 resolved signals
2026-07-09 10:19:52,001 [INFO]   XAUUSDc_H4: 79 resolved signals
2026-07-09 10:19:52,001 [INFO]   XAUUSDc_M15: 31 resolved signals
2026-07-09 10:19:52,001 [INFO]   XAUUSDc_M30: 70 resolved signals
2026-07-09 10:19:52,002 [INFO]   XAUUSDc_M5: 28 resolved signals
2026-07-09 10:19:52,002 [DEBUG]   BTCUSD_D1: skip — only 0/100 signals
2026-07-09 10:19:52,002 [DEBUG]   BTCUSD_H1: skip — waiting for 50 more new signals
2026-07-09 10:19:52,002 [DEBUG]   BTCUSD_H4: skip — only 0/100 signals
2026-07-09 10:19:52,002 [DEBUG]   BTCUSD_M30: skip — only 52/100 signals
2026-07-09 10:19:52,002 [DEBUG]   BTCUSD_M5: skip — waiting for 42 more new signals
2026-07-09 10:19:52,002 [DEBUG]   EURUSDc_D1: skip — only 43/100 signals
2026-07-09 10:19:52,002 [DEBUG]   EURUSDc_H1: skip — only 50/100 signals
2026-07-09 10:19:52,002 [DEBUG]   EURUSDc_H4: skip — only 97/100 signals
2026-07-09 10:19:52,002 [DEBUG]   EURUSDc_M15: skip — only 0/100 signals
2026-07-09 10:19:52,002 [DEBUG]   EURUSDc_M30: skip — only 0/100 signals
2026-07-09 10:19:52,002 [DEBUG]   XAUUSD_D1: skip — only 44/100 signals
2026-07-09 10:19:52,002 [DEBUG]   XAUUSD_H1: skip — only 21/100 signals
2026-07-09 10:19:52,002 [DEBUG]   XAUUSD_H4: skip — only 74/100 signals
2026-07-09 10:19:52,002 [DEBUG]   XAUUSD_M15: skip — waiting for 43 more new signals
2026-07-09 10:19:52,002 [DEBUG]   XAUUSD_M30: skip — only 69/100 signals
2026-07-09 10:19:52,002 [DEBUG]   XAUUSD_M5: skip — only 96/100 signals
2026-07-09 10:19:52,002 [DEBUG]   XAUUSDc_D1: skip — only 59/100 signals
2026-07-09 10:19:52,002 [DEBUG]   XAUUSDc_H1: skip — only 77/100 signals
2026-07-09 10:19:52,002 [DEBUG]   XAUUSDc_H4: skip — only 79/100 signals
2026-07-09 10:19:52,002 [DEBUG]   XAUUSDc_M15: skip — only 31/100 signals
2026-07-09 10:19:52,002 [DEBUG]   XAUUSDc_M30: skip — only 70/100 signals
2026-07-09 10:19:52,002 [DEBUG]   XAUUSDc_M5: skip — only 28/100 signals
2026-07-09 10:49:52,554 [INFO] Scanning 5 directories for TFs: ['M5', 'M15', 'M30', 'H1', 'H4', 'D1']
2026-07-09 10:49:52,633 [INFO] Found 22 symbol+TF pairs with data
2026-07-09 10:49:52,634 [INFO]   BTCUSD_D1: 0 resolved signals
2026-07-09 10:49:52,634 [INFO]   BTCUSD_H1: 101 resolved signals
2026-07-09 10:49:52,634 [INFO]   BTCUSD_H4: 0 resolved signals
2026-07-09 10:49:52,634 [INFO]   BTCUSD_M30: 52 resolved signals
2026-07-09 10:49:52,634 [INFO]   BTCUSD_M5: 120 resolved signals
2026-07-09 10:49:52,634 [INFO]   EURUSDc_D1: 43 resolved signals
2026-07-09 10:49:52,634 [INFO]   EURUSDc_H1: 50 resolved signals
2026-07-09 10:49:52,634 [INFO]   EURUSDc_H4: 97 resolved signals
2026-07-09 10:49:52,634 [INFO]   EURUSDc_M15: 0 resolved signals
2026-07-09 10:49:52,634 [INFO]   EURUSDc_M30: 0 resolved signals
2026-07-09 10:49:52,634 [INFO]   XAUUSD_D1: 44 resolved signals
2026-07-09 10:49:52,634 [INFO]   XAUUSD_H1: 21 resolved signals
2026-07-09 10:49:52,634 [INFO]   XAUUSD_H4: 74 resolved signals
2026-07-09 10:49:52,634 [INFO]   XAUUSD_M15: 120 resolved signals
2026-07-09 10:49:52,634 [INFO]   XAUUSD_M30: 69 resolved signals
2026-07-09 10:49:52,634 [INFO]   XAUUSD_M5: 99 resolved signals
2026-07-09 10:49:52,634 [INFO]   XAUUSDc_D1: 59 resolved signals
2026-07-09 10:49:52,634 [INFO]   XAUUSDc_H1: 77 resolved signals
2026-07-09 10:49:52,634 [INFO]   XAUUSDc_H4: 79 resolved signals
2026-07-09 10:49:52,634 [INFO]   XAUUSDc_M15: 31 resolved signals
2026-07-09 10:49:52,634 [INFO]   XAUUSDc_M30: 70 resolved signals
2026-07-09 10:49:52,634 [INFO]   XAUUSDc_M5: 28 resolved signals
2026-07-09 10:49:52,634 [DEBUG]   BTCUSD_D1: skip — only 0/100 signals
2026-07-09 10:49:52,634 [DEBUG]   BTCUSD_H1: skip — waiting for 50 more new signals
2026-07-09 10:49:52,634 [DEBUG]   BTCUSD_H4: skip — only 0/100 signals
2026-07-09 10:49:52,634 [DEBUG]   BTCUSD_M30: skip — only 52/100 signals
2026-07-09 10:49:52,634 [DEBUG]   BTCUSD_M5: skip — waiting for 42 more new signals
2026-07-09 10:49:52,634 [DEBUG]   EURUSDc_D1: skip — only 43/100 signals
2026-07-09 10:49:52,634 [DEBUG]   EURUSDc_H1: skip — only 50/100 signals
2026-07-09 10:49:52,634 [DEBUG]   EURUSDc_H4: skip — only 97/100 signals
2026-07-09 10:49:52,634 [DEBUG]   EURUSDc_M15: skip — only 0/100 signals
2026-07-09 10:49:52,634 [DEBUG]   EURUSDc_M30: skip — only 0/100 signals
2026-07-09 10:49:52,634 [DEBUG]   XAUUSD_D1: skip — only 44/100 signals
2026-07-09 10:49:52,634 [DEBUG]   XAUUSD_H1: skip — only 21/100 signals
2026-07-09 10:49:52,634 [DEBUG]   XAUUSD_H4: skip — only 74/100 signals
2026-07-09 10:49:52,634 [DEBUG]   XAUUSD_M15: skip — waiting for 43 more new signals
2026-07-09 10:49:52,634 [DEBUG]   XAUUSD_M30: skip — only 69/100 signals
2026-07-09 10:49:52,634 [DEBUG]   XAUUSD_M5: skip — only 99/100 signals
2026-07-09 10:49:52,634 [DEBUG]   XAUUSDc_D1: skip — only 59/100 signals
2026-07-09 10:49:52,634 [DEBUG]   XAUUSDc_H1: skip — only 77/100 signals
2026-07-09 10:49:52,634 [DEBUG]   XAUUSDc_H4: skip — only 79/100 signals
2026-07-09 10:49:52,634 [DEBUG]   XAUUSDc_M15: skip — only 31/100 signals
2026-07-09 10:49:52,634 [DEBUG]   XAUUSDc_M30: skip — only 70/100 signals
2026-07-09 10:49:52,634 [DEBUG]   XAUUSDc_M5: skip — only 28/100 signals
2026-07-09 11:19:53,199 [INFO] Scanning 5 directories for TFs: ['M5', 'M15', 'M30', 'H1', 'H4', 'D1']
2026-07-09 11:19:53,257 [INFO] Found 22 symbol+TF pairs with data
2026-07-09 11:19:53,257 [INFO]   BTCUSD_D1: 0 resolved signals
2026-07-09 11:19:53,257 [INFO]   BTCUSD_H1: 101 resolved signals
2026-07-09 11:19:53,257 [INFO]   BTCUSD_H4: 0 resolved signals
2026-07-09 11:19:53,257 [INFO]   BTCUSD_M30: 52 resolved signals
2026-07-09 11:19:53,257 [INFO]   BTCUSD_M5: 120 resolved signals
2026-07-09 11:19:53,257 [INFO]   EURUSDc_D1: 43 resolved signals
2026-07-09 11:19:53,257 [INFO]   EURUSDc_H1: 50 resolved signals
2026-07-09 11:19:53,257 [INFO]   EURUSDc_H4: 97 resolved signals
2026-07-09 11:19:53,257 [INFO]   EURUSDc_M15: 0 resolved signals
2026-07-09 11:19:53,257 [INFO]   EURUSDc_M30: 0 resolved signals
2026-07-09 11:19:53,257 [INFO]   XAUUSD_D1: 44 resolved signals
2026-07-09 11:19:53,257 [INFO]   XAUUSD_H1: 21 resolved signals
2026-07-09 11:19:53,257 [INFO]   XAUUSD_H4: 74 resolved signals
2026-07-09 11:19:53,257 [INFO]   XAUUSD_M15: 120 resolved signals
2026-07-09 11:19:53,257 [INFO]   XAUUSD_M30: 69 resolved signals
2026-07-09 11:19:53,257 [INFO]   XAUUSD_M5: 99 resolved signals
2026-07-09 11:19:53,257 [INFO]   XAUUSDc_D1: 59 resolved signals
2026-07-09 11:19:53,257 [INFO]   XAUUSDc_H1: 77 resolved signals
2026-07-09 11:19:53,257 [INFO]   XAUUSDc_H4: 79 resolved signals
2026-07-09 11:19:53,257 [INFO]   XAUUSDc_M15: 31 resolved signals
2026-07-09 11:19:53,257 [INFO]   XAUUSDc_M30: 70 resolved signals
2026-07-09 11:19:53,257 [INFO]   XAUUSDc_M5: 28 resolved signals
2026-07-09 11:19:53,258 [DEBUG]   BTCUSD_D1: skip — only 0/100 signals
2026-07-09 11:19:53,258 [DEBUG]   BTCUSD_H1: skip — waiting for 50 more new signals
2026-07-09 11:19:53,258 [DEBUG]   BTCUSD_H4: skip — only 0/100 signals
2026-07-09 11:19:53,258 [DEBUG]   BTCUSD_M30: skip — only 52/100 signals
2026-07-09 11:19:53,258 [DEBUG]   BTCUSD_M5: skip — waiting for 42 more new signals
2026-07-09 11:19:53,258 [DEBUG]   EURUSDc_D1: skip — only 43/100 signals
2026-07-09 11:19:53,258 [DEBUG]   EURUSDc_H1: skip — only 50/100 signals
2026-07-09 11:19:53,258 [DEBUG]   EURUSDc_H4: skip — only 97/100 signals
2026-07-09 11:19:53,258 [DEBUG]   EURUSDc_M15: skip — only 0/100 signals
2026-07-09 11:19:53,258 [DEBUG]   EURUSDc_M30: skip — only 0/100 signals
2026-07-09 11:19:53,258 [DEBUG]   XAUUSD_D1: skip — only 44/100 signals
2026-07-09 11:19:53,258 [DEBUG]   XAUUSD_H1: skip — only 21/100 signals
2026-07-09 11:19:53,258 [DEBUG]   XAUUSD_H4: skip — only 74/100 signals
2026-07-09 11:19:53,258 [DEBUG]   XAUUSD_M15: skip — waiting for 43 more new signals
2026-07-09 11:19:53,258 [DEBUG]   XAUUSD_M30: skip — only 69/100 signals
2026-07-09 11:19:53,258 [DEBUG]   XAUUSD_M5: skip — only 99/100 signals
2026-07-09 11:19:53,258 [DEBUG]   XAUUSDc_D1: skip — only 59/100 signals
2026-07-09 11:19:53,258 [DEBUG]   XAUUSDc_H1: skip — only 77/100 signals
2026-07-09 11:19:53,258 [DEBUG]   XAUUSDc_H4: skip — only 79/100 signals
2026-07-09 11:19:53,258 [DEBUG]   XAUUSDc_M15: skip — only 31/100 signals
2026-07-09 11:19:53,258 [DEBUG]   XAUUSDc_M30: skip — only 70/100 signals
2026-07-09 11:19:53,258 [DEBUG]   XAUUSDc_M5: skip — only 28/100 signals
2026-07-09 11:49:53,824 [INFO] Scanning 5 directories for TFs: ['M5', 'M15', 'M30', 'H1', 'H4', 'D1']
2026-07-09 11:49:53,894 [INFO] Found 22 symbol+TF pairs with data
2026-07-09 11:49:53,894 [INFO]   BTCUSD_D1: 0 resolved signals
2026-07-09 11:49:53,894 [INFO]   BTCUSD_H1: 101 resolved signals
2026-07-09 11:49:53,894 [INFO]   BTCUSD_H4: 0 resolved signals
2026-07-09 11:49:53,894 [INFO]   BTCUSD_M30: 52 resolved signals
2026-07-09 11:49:53,894 [INFO]   BTCUSD_M5: 122 resolved signals
2026-07-09 11:49:53,894 [INFO]   EURUSDc_D1: 43 resolved signals
2026-07-09 11:49:53,894 [INFO]   EURUSDc_H1: 50 resolved signals
2026-07-09 11:49:53,894 [INFO]   EURUSDc_H4: 97 resolved signals
2026-07-09 11:49:53,894 [INFO]   EURUSDc_M15: 0 resolved signals
2026-07-09 11:49:53,894 [INFO]   EURUSDc_M30: 0 resolved signals
2026-07-09 11:49:53,894 [INFO]   XAUUSD_D1: 44 resolved signals
2026-07-09 11:49:53,894 [INFO]   XAUUSD_H1: 21 resolved signals
2026-07-09 11:49:53,894 [INFO]   XAUUSD_H4: 74 resolved signals
2026-07-09 11:49:53,894 [INFO]   XAUUSD_M15: 120 resolved signals
2026-07-09 11:49:53,894 [INFO]   XAUUSD_M30: 69 resolved signals
2026-07-09 11:49:53,894 [INFO]   XAUUSD_M5: 99 resolved signals
2026-07-09 11:49:53,894 [INFO]   XAUUSDc_D1: 59 resolved signals
2026-07-09 11:49:53,894 [INFO]   XAUUSDc_H1: 77 resolved signals
2026-07-09 11:49:53,894 [INFO]   XAUUSDc_H4: 79 resolved signals
2026-07-09 11:49:53,894 [INFO]   XAUUSDc_M15: 31 resolved signals
2026-07-09 11:49:53,894 [INFO]   XAUUSDc_M30: 70 resolved signals
2026-07-09 11:49:53,894 [INFO]   XAUUSDc_M5: 28 resolved signals
2026-07-09 11:49:53,894 [DEBUG]   BTCUSD_D1: skip — only 0/100 signals
2026-07-09 11:49:53,894 [DEBUG]   BTCUSD_H1: skip — waiting for 50 more new signals
2026-07-09 11:49:53,894 [DEBUG]   BTCUSD_H4: skip — only 0/100 signals
2026-07-09 11:49:53,894 [DEBUG]   BTCUSD_M30: skip — only 52/100 signals
2026-07-09 11:49:53,894 [DEBUG]   BTCUSD_M5: skip — waiting for 40 more new signals
2026-07-09 11:49:53,894 [DEBUG]   EURUSDc_D1: skip — only 43/100 signals
2026-07-09 11:49:53,894 [DEBUG]   EURUSDc_H1: skip — only 50/100 signals
2026-07-09 11:49:53,894 [DEBUG]   EURUSDc_H4: skip — only 97/100 signals
2026-07-09 11:49:53,894 [DEBUG]   EURUSDc_M15: skip — only 0/100 signals
2026-07-09 11:49:53,894 [DEBUG]   EURUSDc_M30: skip — only 0/100 signals
2026-07-09 11:49:53,894 [DEBUG]   XAUUSD_D1: skip — only 44/100 signals
2026-07-09 11:49:53,894 [DEBUG]   XAUUSD_H1: skip — only 21/100 signals
2026-07-09 11:49:53,894 [DEBUG]   XAUUSD_H4: skip — only 74/100 signals
2026-07-09 11:49:53,894 [DEBUG]   XAUUSD_M15: skip — waiting for 43 more new signals
2026-07-09 11:49:53,894 [DEBUG]   XAUUSD_M30: skip — only 69/100 signals
2026-07-09 11:49:53,894 [DEBUG]   XAUUSD_M5: skip — only 99/100 signals
2026-07-09 11:49:53,895 [DEBUG]   XAUUSDc_D1: skip — only 59/100 signals
2026-07-09 11:49:53,895 [DEBUG]   XAUUSDc_H1: skip — only 77/100 signals
2026-07-09 11:49:53,895 [DEBUG]   XAUUSDc_H4: skip — only 79/100 signals
2026-07-09 11:49:53,895 [DEBUG]   XAUUSDc_M15: skip — only 31/100 signals
2026-07-09 11:49:53,895 [DEBUG]   XAUUSDc_M30: skip — only 70/100 signals
2026-07-09 11:49:53,895 [DEBUG]   XAUUSDc_M5: skip — only 28/100 signals
2026-07-09 12:19:54,457 [INFO] Scanning 5 directories for TFs: ['M5', 'M15', 'M30', 'H1', 'H4', 'D1']
2026-07-09 12:19:54,523 [INFO] Found 22 symbol+TF pairs with data
2026-07-09 12:19:54,524 [INFO]   BTCUSD_D1: 0 resolved signals
2026-07-09 12:19:54,524 [INFO]   BTCUSD_H1: 101 resolved signals
2026-07-09 12:19:54,524 [INFO]   BTCUSD_H4: 0 resolved signals
2026-07-09 12:19:54,524 [INFO]   BTCUSD_M30: 52 resolved signals
2026-07-09 12:19:54,524 [INFO]   BTCUSD_M5: 122 resolved signals
2026-07-09 12:19:54,524 [INFO]   EURUSDc_D1: 43 resolved signals
2026-07-09 12:19:54,524 [INFO]   EURUSDc_H1: 50 resolved signals
2026-07-09 12:19:54,524 [INFO]   EURUSDc_H4: 97 resolved signals
2026-07-09 12:19:54,524 [INFO]   EURUSDc_M15: 0 resolved signals
2026-07-09 12:19:54,524 [INFO]   EURUSDc_M30: 0 resolved signals
2026-07-09 12:19:54,524 [INFO]   XAUUSD_D1: 44 resolved signals
2026-07-09 12:19:54,524 [INFO]   XAUUSD_H1: 21 resolved signals
2026-07-09 12:19:54,524 [INFO]   XAUUSD_H4: 74 resolved signals
2026-07-09 12:19:54,524 [INFO]   XAUUSD_M15: 121 resolved signals
2026-07-09 12:19:54,524 [INFO]   XAUUSD_M30: 69 resolved signals
2026-07-09 12:19:54,524 [INFO]   XAUUSD_M5: 99 resolved signals
2026-07-09 12:19:54,524 [INFO]   XAUUSDc_D1: 59 resolved signals
2026-07-09 12:19:54,524 [INFO]   XAUUSDc_H1: 77 resolved signals
2026-07-09 12:19:54,524 [INFO]   XAUUSDc_H4: 79 resolved signals
2026-07-09 12:19:54,524 [INFO]   XAUUSDc_M15: 31 resolved signals
2026-07-09 12:19:54,524 [INFO]   XAUUSDc_M30: 70 resolved signals
2026-07-09 12:19:54,524 [INFO]   XAUUSDc_M5: 28 resolved signals
2026-07-09 12:19:54,524 [DEBUG]   BTCUSD_D1: skip — only 0/100 signals
2026-07-09 12:19:54,524 [DEBUG]   BTCUSD_H1: skip — waiting for 50 more new signals
2026-07-09 12:19:54,524 [DEBUG]   BTCUSD_H4: skip — only 0/100 signals
2026-07-09 12:19:54,524 [DEBUG]   BTCUSD_M30: skip — only 52/100 signals
2026-07-09 12:19:54,524 [DEBUG]   BTCUSD_M5: skip — waiting for 40 more new signals
2026-07-09 12:19:54,524 [DEBUG]   EURUSDc_D1: skip — only 43/100 signals
2026-07-09 12:19:54,524 [DEBUG]   EURUSDc_H1: skip — only 50/100 signals
2026-07-09 12:19:54,524 [DEBUG]   EURUSDc_H4: skip — only 97/100 signals
2026-07-09 12:19:54,524 [DEBUG]   EURUSDc_M15: skip — only 0/100 signals
2026-07-09 12:19:54,524 [DEBUG]   EURUSDc_M30: skip — only 0/100 signals
2026-07-09 12:19:54,524 [DEBUG]   XAUUSD_D1: skip — only 44/100 signals
2026-07-09 12:19:54,524 [DEBUG]   XAUUSD_H1: skip — only 21/100 signals
2026-07-09 12:19:54,524 [DEBUG]   XAUUSD_H4: skip — only 74/100 signals
2026-07-09 12:19:54,524 [DEBUG]   XAUUSD_M15: skip — waiting for 42 more new signals
2026-07-09 12:19:54,524 [DEBUG]   XAUUSD_M30: skip — only 69/100 signals
2026-07-09 12:19:54,524 [DEBUG]   XAUUSD_M5: skip — only 99/100 signals
2026-07-09 12:19:54,524 [DEBUG]   XAUUSDc_D1: skip — only 59/100 signals
2026-07-09 12:19:54,524 [DEBUG]   XAUUSDc_H1: skip — only 77/100 signals
2026-07-09 12:19:54,524 [DEBUG]   XAUUSDc_H4: skip — only 79/100 signals
2026-07-09 12:19:54,524 [DEBUG]   XAUUSDc_M15: skip — only 31/100 signals
2026-07-09 12:19:54,524 [DEBUG]   XAUUSDc_M30: skip — only 70/100 signals
2026-07-09 12:19:54,524 [DEBUG]   XAUUSDc_M5: skip — only 28/100 signals
2026-07-09 12:49:55,089 [INFO] Scanning 5 directories for TFs: ['M5', 'M15', 'M30', 'H1', 'H4', 'D1']
2026-07-09 12:49:55,143 [INFO] Found 22 symbol+TF pairs with data
2026-07-09 12:49:55,144 [INFO]   BTCUSD_D1: 0 resolved signals
2026-07-09 12:49:55,144 [INFO]   BTCUSD_H1: 101 resolved signals
2026-07-09 12:49:55,144 [INFO]   BTCUSD_H4: 0 resolved signals
2026-07-09 12:49:55,144 [INFO]   BTCUSD_M30: 52 resolved signals
2026-07-09 12:49:55,144 [INFO]   BTCUSD_M5: 122 resolved signals
2026-07-09 12:49:55,144 [INFO]   EURUSDc_D1: 43 resolved signals
2026-07-09 12:49:55,144 [INFO]   EURUSDc_H1: 50 resolved signals
2026-07-09 12:49:55,144 [INFO]   EURUSDc_H4: 97 resolved signals
2026-07-09 12:49:55,144 [INFO]   EURUSDc_M15: 0 resolved signals
2026-07-09 12:49:55,144 [INFO]   EURUSDc_M30: 0 resolved signals
2026-07-09 12:49:55,144 [INFO]   XAUUSD_D1: 44 resolved signals
2026-07-09 12:49:55,144 [INFO]   XAUUSD_H1: 21 resolved signals
2026-07-09 12:49:55,144 [INFO]   XAUUSD_H4: 74 resolved signals
2026-07-09 12:49:55,144 [INFO]   XAUUSD_M15: 121 resolved signals
2026-07-09 12:49:55,144 [INFO]   XAUUSD_M30: 69 resolved signals
2026-07-09 12:49:55,144 [INFO]   XAUUSD_M5: 99 resolved signals
2026-07-09 12:49:55,144 [INFO]   XAUUSDc_D1: 59 resolved signals
2026-07-09 12:49:55,144 [INFO]   XAUUSDc_H1: 77 resolved signals
2026-07-09 12:49:55,144 [INFO]   XAUUSDc_H4: 79 resolved signals
2026-07-09 12:49:55,144 [INFO]   XAUUSDc_M15: 31 resolved signals
2026-07-09 12:49:55,144 [INFO]   XAUUSDc_M30: 70 resolved signals
2026-07-09 12:49:55,144 [INFO]   XAUUSDc_M5: 28 resolved signals
2026-07-09 12:49:55,144 [DEBUG]   BTCUSD_D1: skip — only 0/100 signals
2026-07-09 12:49:55,144 [DEBUG]   BTCUSD_H1: skip — waiting for 50 more new signals
2026-07-09 12:49:55,144 [DEBUG]   BTCUSD_H4: skip — only 0/100 signals
2026-07-09 12:49:55,144 [DEBUG]   BTCUSD_M30: skip — only 52/100 signals
2026-07-09 12:49:55,144 [DEBUG]   BTCUSD_M5: skip — waiting for 40 more new signals
2026-07-09 12:49:55,144 [DEBUG]   EURUSDc_D1: skip — only 43/100 signals
2026-07-09 12:49:55,144 [DEBUG]   EURUSDc_H1: skip — only 50/100 signals
2026-07-09 12:49:55,144 [DEBUG]   EURUSDc_H4: skip — only 97/100 signals
2026-07-09 12:49:55,144 [DEBUG]   EURUSDc_M15: skip — only 0/100 signals
2026-07-09 12:49:55,144 [DEBUG]   EURUSDc_M30: skip — only 0/100 signals
2026-07-09 12:49:55,144 [DEBUG]   XAUUSD_D1: skip — only 44/100 signals
2026-07-09 12:49:55,144 [DEBUG]   XAUUSD_H1: skip — only 21/100 signals
2026-07-09 12:49:55,144 [DEBUG]   XAUUSD_H4: skip — only 74/100 signals
2026-07-09 12:49:55,144 [DEBUG]   XAUUSD_M15: skip — waiting for 42 more new signals
2026-07-09 12:49:55,144 [DEBUG]   XAUUSD_M30: skip — only 69/100 signals
2026-07-09 12:49:55,144 [DEBUG]   XAUUSD_M5: skip — only 99/100 signals
2026-07-09 12:49:55,144 [DEBUG]   XAUUSDc_D1: skip — only 59/100 signals
2026-07-09 12:49:55,144 [DEBUG]   XAUUSDc_H1: skip — only 77/100 signals
2026-07-09 12:49:55,144 [DEBUG]   XAUUSDc_H4: skip — only 79/100 signals
2026-07-09 12:49:55,144 [DEBUG]   XAUUSDc_M15: skip — only 31/100 signals
2026-07-09 12:49:55,144 [DEBUG]   XAUUSDc_M30: skip — only 70/100 signals
2026-07-09 12:49:55,144 [DEBUG]   XAUUSDc_M5: skip — only 28/100 signals
2026-07-09 13:19:55,710 [INFO] Scanning 5 directories for TFs: ['M5', 'M15', 'M30', 'H1', 'H4', 'D1']
2026-07-09 13:19:55,784 [INFO] Found 22 symbol+TF pairs with data
2026-07-09 13:19:55,784 [INFO]   BTCUSD_D1: 0 resolved signals
2026-07-09 13:19:55,784 [INFO]   BTCUSD_H1: 104 resolved signals
2026-07-09 13:19:55,784 [INFO]   BTCUSD_H4: 0 resolved signals
2026-07-09 13:19:55,784 [INFO]   BTCUSD_M30: 52 resolved signals
2026-07-09 13:19:55,784 [INFO]   BTCUSD_M5: 122 resolved signals
2026-07-09 13:19:55,784 [INFO]   EURUSDc_D1: 43 resolved signals
2026-07-09 13:19:55,784 [INFO]   EURUSDc_H1: 50 resolved signals
2026-07-09 13:19:55,784 [INFO]   EURUSDc_H4: 97 resolved signals
2026-07-09 13:19:55,784 [INFO]   EURUSDc_M15: 0 resolved signals
2026-07-09 13:19:55,784 [INFO]   EURUSDc_M30: 0 resolved signals
2026-07-09 13:19:55,784 [INFO]   XAUUSD_D1: 44 resolved signals
2026-07-09 13:19:55,784 [INFO]   XAUUSD_H1: 21 resolved signals
2026-07-09 13:19:55,784 [INFO]   XAUUSD_H4: 74 resolved signals
2026-07-09 13:19:55,784 [INFO]   XAUUSD_M15: 121 resolved signals
2026-07-09 13:19:55,784 [INFO]   XAUUSD_M30: 69 resolved signals
2026-07-09 13:19:55,784 [INFO]   XAUUSD_M5: 99 resolved signals
2026-07-09 13:19:55,784 [INFO]   XAUUSDc_D1: 59 resolved signals
2026-07-09 13:19:55,784 [INFO]   XAUUSDc_H1: 77 resolved signals
2026-07-09 13:19:55,784 [INFO]   XAUUSDc_H4: 79 resolved signals
2026-07-09 13:19:55,784 [INFO]   XAUUSDc_M15: 31 resolved signals
2026-07-09 13:19:55,784 [INFO]   XAUUSDc_M30: 70 resolved signals
2026-07-09 13:19:55,784 [INFO]   XAUUSDc_M5: 28 resolved signals
2026-07-09 13:19:55,785 [DEBUG]   BTCUSD_D1: skip — only 0/100 signals
2026-07-09 13:19:55,785 [DEBUG]   BTCUSD_H1: skip — waiting for 47 more new signals
2026-07-09 13:19:55,785 [DEBUG]   BTCUSD_H4: skip — only 0/100 signals
2026-07-09 13:19:55,785 [DEBUG]   BTCUSD_M30: skip — only 52/100 signals
2026-07-09 13:19:55,785 [DEBUG]   BTCUSD_M5: skip — waiting for 40 more new signals
2026-07-09 13:19:55,785 [DEBUG]   EURUSDc_D1: skip — only 43/100 signals
2026-07-09 13:19:55,785 [DEBUG]   EURUSDc_H1: skip — only 50/100 signals
2026-07-09 13:19:55,785 [DEBUG]   EURUSDc_H4: skip — only 97/100 signals
2026-07-09 13:19:55,785 [DEBUG]   EURUSDc_M15: skip — only 0/100 signals
2026-07-09 13:19:55,785 [DEBUG]   EURUSDc_M30: skip — only 0/100 signals
2026-07-09 13:19:55,785 [DEBUG]   XAUUSD_D1: skip — only 44/100 signals
2026-07-09 13:19:55,785 [DEBUG]   XAUUSD_H1: skip — only 21/100 signals
2026-07-09 13:19:55,785 [DEBUG]   XAUUSD_H4: skip — only 74/100 signals
2026-07-09 13:19:55,785 [DEBUG]   XAUUSD_M15: skip — waiting for 42 more new signals
2026-07-09 13:19:55,785 [DEBUG]   XAUUSD_M30: skip — only 69/100 signals
2026-07-09 13:19:55,785 [DEBUG]   XAUUSD_M5: skip — only 99/100 signals
2026-07-09 13:19:55,785 [DEBUG]   XAUUSDc_D1: skip — only 59/100 signals
2026-07-09 13:19:55,785 [DEBUG]   XAUUSDc_H1: skip — only 77/100 signals
2026-07-09 13:19:55,785 [DEBUG]   XAUUSDc_H4: skip — only 79/100 signals
2026-07-09 13:19:55,785 [DEBUG]   XAUUSDc_M15: skip — only 31/100 signals
2026-07-09 13:19:55,785 [DEBUG]   XAUUSDc_M30: skip — only 70/100 signals
2026-07-09 13:19:55,785 [DEBUG]   XAUUSDc_M5: skip — only 28/100 signals
2026-07-09 13:49:56,360 [INFO] Scanning 5 directories for TFs: ['M5', 'M15', 'M30', 'H1', 'H4', 'D1']
2026-07-09 13:49:56,438 [INFO] Found 22 symbol+TF pairs with data
2026-07-09 13:49:56,438 [INFO]   BTCUSD_D1: 0 resolved signals
2026-07-09 13:49:56,438 [INFO]   BTCUSD_H1: 104 resolved signals
2026-07-09 13:49:56,438 [INFO]   BTCUSD_H4: 0 resolved signals
2026-07-09 13:49:56,438 [INFO]   BTCUSD_M30: 52 resolved signals
2026-07-09 13:49:56,438 [INFO]   BTCUSD_M5: 122 resolved signals
2026-07-09 13:49:56,438 [INFO]   EURUSDc_D1: 43 resolved signals
2026-07-09 13:49:56,438 [INFO]   EURUSDc_H1: 50 resolved signals
2026-07-09 13:49:56,438 [INFO]   EURUSDc_H4: 97 resolved signals
2026-07-09 13:49:56,438 [INFO]   EURUSDc_M15: 0 resolved signals
2026-07-09 13:49:56,438 [INFO]   EURUSDc_M30: 0 resolved signals
2026-07-09 13:49:56,438 [INFO]   XAUUSD_D1: 44 resolved signals
2026-07-09 13:49:56,438 [INFO]   XAUUSD_H1: 21 resolved signals
2026-07-09 13:49:56,438 [INFO]   XAUUSD_H4: 74 resolved signals
2026-07-09 13:49:56,438 [INFO]   XAUUSD_M15: 122 resolved signals
2026-07-09 13:49:56,438 [INFO]   XAUUSD_M30: 69 resolved signals
2026-07-09 13:49:56,438 [INFO]   XAUUSD_M5: 101 resolved signals
2026-07-09 13:49:56,438 [INFO]   XAUUSDc_D1: 59 resolved signals
2026-07-09 13:49:56,439 [INFO]   XAUUSDc_H1: 77 resolved signals
2026-07-09 13:49:56,439 [INFO]   XAUUSDc_H4: 79 resolved signals
2026-07-09 13:49:56,439 [INFO]   XAUUSDc_M15: 31 resolved signals
2026-07-09 13:49:56,439 [INFO]   XAUUSDc_M30: 70 resolved signals
2026-07-09 13:49:56,439 [INFO]   XAUUSDc_M5: 28 resolved signals
2026-07-09 13:49:56,439 [DEBUG]   BTCUSD_D1: skip — only 0/100 signals
2026-07-09 13:49:56,439 [DEBUG]   BTCUSD_H1: skip — waiting for 47 more new signals
2026-07-09 13:49:56,439 [DEBUG]   BTCUSD_H4: skip — only 0/100 signals
2026-07-09 13:49:56,439 [DEBUG]   BTCUSD_M30: skip — only 52/100 signals
2026-07-09 13:49:56,439 [DEBUG]   BTCUSD_M5: skip — waiting for 40 more new signals
2026-07-09 13:49:56,439 [DEBUG]   EURUSDc_D1: skip — only 43/100 signals
2026-07-09 13:49:56,439 [DEBUG]   EURUSDc_H1: skip — only 50/100 signals
2026-07-09 13:49:56,439 [DEBUG]   EURUSDc_H4: skip — only 97/100 signals
2026-07-09 13:49:56,439 [DEBUG]   EURUSDc_M15: skip — only 0/100 signals
2026-07-09 13:49:56,439 [DEBUG]   EURUSDc_M30: skip — only 0/100 signals
2026-07-09 13:49:56,439 [DEBUG]   XAUUSD_D1: skip — only 44/100 signals
2026-07-09 13:49:56,439 [DEBUG]   XAUUSD_H1: skip — only 21/100 signals
2026-07-09 13:49:56,439 [DEBUG]   XAUUSD_H4: skip — only 74/100 signals
2026-07-09 13:49:56,439 [DEBUG]   XAUUSD_M15: skip — waiting for 41 more new signals
2026-07-09 13:49:56,439 [DEBUG]   XAUUSD_M30: skip — only 69/100 signals
2026-07-09 13:49:56,439 [DEBUG]   XAUUSD_M5: skip — waiting for 45 more new signals
2026-07-09 13:49:56,439 [DEBUG]   XAUUSDc_D1: skip — only 59/100 signals
2026-07-09 13:49:56,439 [DEBUG]   XAUUSDc_H1: skip — only 77/100 signals
2026-07-09 13:49:56,439 [DEBUG]   XAUUSDc_H4: skip — only 79/100 signals
2026-07-09 13:49:56,439 [DEBUG]   XAUUSDc_M15: skip — only 31/100 signals
2026-07-09 13:49:56,439 [DEBUG]   XAUUSDc_M30: skip — only 70/100 signals
2026-07-09 13:49:56,439 [DEBUG]   XAUUSDc_M5: skip — only 28/100 signals
2026-07-09 14:19:56,989 [INFO] Scanning 5 directories for TFs: ['M5', 'M15', 'M30', 'H1', 'H4', 'D1']
2026-07-09 14:19:57,060 [INFO] Found 22 symbol+TF pairs with data
2026-07-09 14:19:57,061 [INFO]   BTCUSD_D1: 0 resolved signals
2026-07-09 14:19:57,061 [INFO]   BTCUSD_H1: 104 resolved signals
2026-07-09 14:19:57,061 [INFO]   BTCUSD_H4: 0 resolved signals
2026-07-09 14:19:57,061 [INFO]   BTCUSD_M30: 52 resolved signals
2026-07-09 14:19:57,061 [INFO]   BTCUSD_M5: 122 resolved signals
2026-07-09 14:19:57,061 [INFO]   EURUSDc_D1: 43 resolved signals
2026-07-09 14:19:57,061 [INFO]   EURUSDc_H1: 50 resolved signals
2026-07-09 14:19:57,061 [INFO]   EURUSDc_H4: 97 resolved signals
2026-07-09 14:19:57,061 [INFO]   EURUSDc_M15: 0 resolved signals
2026-07-09 14:19:57,061 [INFO]   EURUSDc_M30: 0 resolved signals
2026-07-09 14:19:57,061 [INFO]   XAUUSD_D1: 44 resolved signals
2026-07-09 14:19:57,061 [INFO]   XAUUSD_H1: 27 resolved signals
2026-07-09 14:19:57,061 [INFO]   XAUUSD_H4: 74 resolved signals
2026-07-09 14:19:57,061 [INFO]   XAUUSD_M15: 122 resolved signals
2026-07-09 14:19:57,061 [INFO]   XAUUSD_M30: 69 resolved signals
2026-07-09 14:19:57,061 [INFO]   XAUUSD_M5: 101 resolved signals
2026-07-09 14:19:57,061 [INFO]   XAUUSDc_D1: 59 resolved signals
2026-07-09 14:19:57,061 [INFO]   XAUUSDc_H1: 77 resolved signals
2026-07-09 14:19:57,061 [INFO]   XAUUSDc_H4: 79 resolved signals
2026-07-09 14:19:57,061 [INFO]   XAUUSDc_M15: 31 resolved signals
2026-07-09 14:19:57,061 [INFO]   XAUUSDc_M30: 70 resolved signals
2026-07-09 14:19:57,061 [INFO]   XAUUSDc_M5: 28 resolved signals
2026-07-09 14:19:57,061 [DEBUG]   BTCUSD_D1: skip — only 0/100 signals
2026-07-09 14:19:57,061 [DEBUG]   BTCUSD_H1: skip — waiting for 47 more new signals
2026-07-09 14:19:57,061 [DEBUG]   BTCUSD_H4: skip — only 0/100 signals
2026-07-09 14:19:57,061 [DEBUG]   BTCUSD_M30: skip — only 52/100 signals
2026-07-09 14:19:57,061 [DEBUG]   BTCUSD_M5: skip — waiting for 40 more new signals
2026-07-09 14:19:57,061 [DEBUG]   EURUSDc_D1: skip — only 43/100 signals
2026-07-09 14:19:57,061 [DEBUG]   EURUSDc_H1: skip — only 50/100 signals
2026-07-09 14:19:57,061 [DEBUG]   EURUSDc_H4: skip — only 97/100 signals
2026-07-09 14:19:57,061 [DEBUG]   EURUSDc_M15: skip — only 0/100 signals
2026-07-09 14:19:57,061 [DEBUG]   EURUSDc_M30: skip — only 0/100 signals
2026-07-09 14:19:57,061 [DEBUG]   XAUUSD_D1: skip — only 44/100 signals
2026-07-09 14:19:57,061 [DEBUG]   XAUUSD_H1: skip — only 27/100 signals
2026-07-09 14:19:57,061 [DEBUG]   XAUUSD_H4: skip — only 74/100 signals
2026-07-09 14:19:57,061 [DEBUG]   XAUUSD_M15: skip — waiting for 41 more new signals
2026-07-09 14:19:57,061 [DEBUG]   XAUUSD_M30: skip — only 69/100 signals
2026-07-09 14:19:57,061 [DEBUG]   XAUUSD_M5: skip — waiting for 45 more new signals
2026-07-09 14:19:57,061 [DEBUG]   XAUUSDc_D1: skip — only 59/100 signals
2026-07-09 14:19:57,061 [DEBUG]   XAUUSDc_H1: skip — only 77/100 signals
2026-07-09 14:19:57,061 [DEBUG]   XAUUSDc_H4: skip — only 79/100 signals
2026-07-09 14:19:57,061 [DEBUG]   XAUUSDc_M15: skip — only 31/100 signals
2026-07-09 14:19:57,061 [DEBUG]   XAUUSDc_M30: skip — only 70/100 signals
2026-07-09 14:19:57,061 [DEBUG]   XAUUSDc_M5: skip — only 28/100 signals
2026-07-09 14:49:57,641 [INFO] Scanning 5 directories for TFs: ['M5', 'M15', 'M30', 'H1', 'H4', 'D1']
2026-07-09 14:49:57,705 [INFO] Found 22 symbol+TF pairs with data
2026-07-09 14:49:57,706 [INFO]   BTCUSD_D1: 0 resolved signals
2026-07-09 14:49:57,706 [INFO]   BTCUSD_H1: 104 resolved signals
2026-07-09 14:49:57,706 [INFO]   BTCUSD_H4: 0 resolved signals
2026-07-09 14:49:57,706 [INFO]   BTCUSD_M30: 52 resolved signals
2026-07-09 14:49:57,706 [INFO]   BTCUSD_M5: 122 resolved signals
2026-07-09 14:49:57,706 [INFO]   EURUSDc_D1: 43 resolved signals
2026-07-09 14:49:57,706 [INFO]   EURUSDc_H1: 50 resolved signals
2026-07-09 14:49:57,706 [INFO]   EURUSDc_H4: 97 resolved signals
2026-07-09 14:49:57,706 [INFO]   EURUSDc_M15: 0 resolved signals
2026-07-09 14:49:57,706 [INFO]   EURUSDc_M30: 0 resolved signals
2026-07-09 14:49:57,706 [INFO]   XAUUSD_D1: 44 resolved signals
2026-07-09 14:49:57,706 [INFO]   XAUUSD_H1: 27 resolved signals
2026-07-09 14:49:57,706 [INFO]   XAUUSD_H4: 74 resolved signals
2026-07-09 14:49:57,706 [INFO]   XAUUSD_M15: 122 resolved signals
2026-07-09 14:49:57,706 [INFO]   XAUUSD_M30: 69 resolved signals
2026-07-09 14:49:57,706 [INFO]   XAUUSD_M5: 101 resolved signals
2026-07-09 14:49:57,706 [INFO]   XAUUSDc_D1: 59 resolved signals
2026-07-09 14:49:57,706 [INFO]   XAUUSDc_H1: 77 resolved signals
2026-07-09 14:49:57,706 [INFO]   XAUUSDc_H4: 79 resolved signals
2026-07-09 14:49:57,706 [INFO]   XAUUSDc_M15: 31 resolved signals
2026-07-09 14:49:57,706 [INFO]   XAUUSDc_M30: 70 resolved signals
2026-07-09 14:49:57,706 [INFO]   XAUUSDc_M5: 28 resolved signals
2026-07-09 14:49:57,706 [DEBUG]   BTCUSD_D1: skip — only 0/100 signals
2026-07-09 14:49:57,706 [DEBUG]   BTCUSD_H1: skip — waiting for 47 more new signals
2026-07-09 14:49:57,706 [DEBUG]   BTCUSD_H4: skip — only 0/100 signals
2026-07-09 14:49:57,706 [DEBUG]   BTCUSD_M30: skip — only 52/100 signals
2026-07-09 14:49:57,706 [DEBUG]   BTCUSD_M5: skip — waiting for 40 more new signals
2026-07-09 14:49:57,706 [DEBUG]   EURUSDc_D1: skip — only 43/100 signals
2026-07-09 14:49:57,706 [DEBUG]   EURUSDc_H1: skip — only 50/100 signals
2026-07-09 14:49:57,706 [DEBUG]   EURUSDc_H4: skip — only 97/100 signals
2026-07-09 14:49:57,706 [DEBUG]   EURUSDc_M15: skip — only 0/100 signals
2026-07-09 14:49:57,706 [DEBUG]   EURUSDc_M30: skip — only 0/100 signals
2026-07-09 14:49:57,706 [DEBUG]   XAUUSD_D1: skip — only 44/100 signals
2026-07-09 14:49:57,706 [DEBUG]   XAUUSD_H1: skip — only 27/100 signals
2026-07-09 14:49:57,706 [DEBUG]   XAUUSD_H4: skip — only 74/100 signals
2026-07-09 14:49:57,706 [DEBUG]   XAUUSD_M15: skip — waiting for 41 more new signals
2026-07-09 14:49:57,706 [DEBUG]   XAUUSD_M30: skip — only 69/100 signals
2026-07-09 14:49:57,706 [DEBUG]   XAUUSD_M5: skip — waiting for 45 more new signals
2026-07-09 14:49:57,706 [DEBUG]   XAUUSDc_D1: skip — only 59/100 signals
2026-07-09 14:49:57,706 [DEBUG]   XAUUSDc_H1: skip — only 77/100 signals
2026-07-09 14:49:57,706 [DEBUG]   XAUUSDc_H4: skip — only 79/100 signals
2026-07-09 14:49:57,706 [DEBUG]   XAUUSDc_M15: skip — only 31/100 signals
2026-07-09 14:49:57,706 [DEBUG]   XAUUSDc_M30: skip — only 70/100 signals
2026-07-09 14:49:57,706 [DEBUG]   XAUUSDc_M5: skip — only 28/100 signals
2026-07-09 15:19:58,275 [INFO] Scanning 5 directories for TFs: ['M5', 'M15', 'M30', 'H1', 'H4', 'D1']
2026-07-09 15:19:58,374 [INFO] Found 22 symbol+TF pairs with data
2026-07-09 15:19:58,375 [INFO]   BTCUSD_D1: 0 resolved signals
2026-07-09 15:19:58,375 [INFO]   BTCUSD_H1: 107 resolved signals
2026-07-09 15:19:58,375 [INFO]   BTCUSD_H4: 0 resolved signals
2026-07-09 15:19:58,375 [INFO]   BTCUSD_M30: 52 resolved signals
2026-07-09 15:19:58,375 [INFO]   BTCUSD_M5: 122 resolved signals
2026-07-09 15:19:58,375 [INFO]   EURUSDc_D1: 43 resolved signals
2026-07-09 15:19:58,375 [INFO]   EURUSDc_H1: 50 resolved signals
2026-07-09 15:19:58,375 [INFO]   EURUSDc_H4: 97 resolved signals
2026-07-09 15:19:58,375 [INFO]   EURUSDc_M15: 0 resolved signals
2026-07-09 15:19:58,375 [INFO]   EURUSDc_M30: 0 resolved signals
2026-07-09 15:19:58,375 [INFO]   XAUUSD_D1: 44 resolved signals
2026-07-09 15:19:58,375 [INFO]   XAUUSD_H1: 27 resolved signals
2026-07-09 15:19:58,375 [INFO]   XAUUSD_H4: 74 resolved signals
2026-07-09 15:19:58,375 [INFO]   XAUUSD_M15: 122 resolved signals
2026-07-09 15:19:58,375 [INFO]   XAUUSD_M30: 69 resolved signals
2026-07-09 15:19:58,375 [INFO]   XAUUSD_M5: 104 resolved signals
2026-07-09 15:19:58,375 [INFO]   XAUUSDc_D1: 59 resolved signals
2026-07-09 15:19:58,375 [INFO]   XAUUSDc_H1: 77 resolved signals
2026-07-09 15:19:58,375 [INFO]   XAUUSDc_H4: 79 resolved signals
2026-07-09 15:19:58,375 [INFO]   XAUUSDc_M15: 31 resolved signals
2026-07-09 15:19:58,375 [INFO]   XAUUSDc_M30: 70 resolved signals
2026-07-09 15:19:58,375 [INFO]   XAUUSDc_M5: 28 resolved signals
2026-07-09 15:19:58,375 [DEBUG]   BTCUSD_D1: skip — only 0/100 signals
2026-07-09 15:19:58,375 [DEBUG]   BTCUSD_H1: skip — waiting for 44 more new signals
2026-07-09 15:19:58,375 [DEBUG]   BTCUSD_H4: skip — only 0/100 signals
2026-07-09 15:19:58,375 [DEBUG]   BTCUSD_M30: skip — only 52/100 signals
2026-07-09 15:19:58,375 [DEBUG]   BTCUSD_M5: skip — waiting for 40 more new signals
2026-07-09 15:19:58,375 [DEBUG]   EURUSDc_D1: skip — only 43/100 signals
2026-07-09 15:19:58,375 [DEBUG]   EURUSDc_H1: skip — only 50/100 signals
2026-07-09 15:19:58,375 [DEBUG]   EURUSDc_H4: skip — only 97/100 signals
2026-07-09 15:19:58,375 [DEBUG]   EURUSDc_M15: skip — only 0/100 signals
2026-07-09 15:19:58,375 [DEBUG]   EURUSDc_M30: skip — only 0/100 signals
2026-07-09 15:19:58,375 [DEBUG]   XAUUSD_D1: skip — only 44/100 signals
2026-07-09 15:19:58,375 [DEBUG]   XAUUSD_H1: skip — only 27/100 signals
2026-07-09 15:19:58,375 [DEBUG]   XAUUSD_H4: skip — only 74/100 signals
2026-07-09 15:19:58,375 [DEBUG]   XAUUSD_M15: skip — waiting for 41 more new signals
2026-07-09 15:19:58,375 [DEBUG]   XAUUSD_M30: skip — only 69/100 signals
2026-07-09 15:19:58,375 [DEBUG]   XAUUSD_M5: skip — waiting for 42 more new signals
2026-07-09 15:19:58,375 [DEBUG]   XAUUSDc_D1: skip — only 59/100 signals
2026-07-09 15:19:58,375 [DEBUG]   XAUUSDc_H1: skip — only 77/100 signals
2026-07-09 15:19:58,376 [DEBUG]   XAUUSDc_H4: skip — only 79/100 signals
2026-07-09 15:19:58,376 [DEBUG]   XAUUSDc_M15: skip — only 31/100 signals
2026-07-09 15:19:58,376 [DEBUG]   XAUUSDc_M30: skip — only 70/100 signals
2026-07-09 15:19:58,376 [DEBUG]   XAUUSDc_M5: skip — only 28/100 signals
2026-07-09 15:49:58,902 [INFO] Scanning 5 directories for TFs: ['M5', 'M15', 'M30', 'H1', 'H4', 'D1']
2026-07-09 15:49:58,995 [INFO] Found 22 symbol+TF pairs with data
2026-07-09 15:49:58,995 [INFO]   BTCUSD_D1: 0 resolved signals
2026-07-09 15:49:58,995 [INFO]   BTCUSD_H1: 107 resolved signals
2026-07-09 15:49:58,995 [INFO]   BTCUSD_H4: 0 resolved signals
2026-07-09 15:49:58,995 [INFO]   BTCUSD_M30: 52 resolved signals
2026-07-09 15:49:58,995 [INFO]   BTCUSD_M5: 128 resolved signals
2026-07-09 15:49:58,995 [INFO]   EURUSDc_D1: 43 resolved signals
2026-07-09 15:49:58,995 [INFO]   EURUSDc_H1: 50 resolved signals
2026-07-09 15:49:58,995 [INFO]   EURUSDc_H4: 97 resolved signals
2026-07-09 15:49:58,995 [INFO]   EURUSDc_M15: 0 resolved signals
2026-07-09 15:49:58,995 [INFO]   EURUSDc_M30: 0 resolved signals
2026-07-09 15:49:58,995 [INFO]   XAUUSD_D1: 44 resolved signals
2026-07-09 15:49:58,995 [INFO]   XAUUSD_H1: 27 resolved signals
2026-07-09 15:49:58,995 [INFO]   XAUUSD_H4: 74 resolved signals
2026-07-09 15:49:58,995 [INFO]   XAUUSD_M15: 124 resolved signals
2026-07-09 15:49:58,995 [INFO]   XAUUSD_M30: 69 resolved signals
2026-07-09 15:49:58,995 [INFO]   XAUUSD_M5: 107 resolved signals
2026-07-09 15:49:58,995 [INFO]   XAUUSDc_D1: 59 resolved signals
2026-07-09 15:49:58,995 [INFO]   XAUUSDc_H1: 77 resolved signals
2026-07-09 15:49:58,995 [INFO]   XAUUSDc_H4: 79 resolved signals
2026-07-09 15:49:58,995 [INFO]   XAUUSDc_M15: 31 resolved signals
2026-07-09 15:49:58,995 [INFO]   XAUUSDc_M30: 70 resolved signals
2026-07-09 15:49:58,995 [INFO]   XAUUSDc_M5: 28 resolved signals
2026-07-09 15:49:58,995 [DEBUG]   BTCUSD_D1: skip — only 0/100 signals
2026-07-09 15:49:58,995 [DEBUG]   BTCUSD_H1: skip — waiting for 44 more new signals
2026-07-09 15:49:58,995 [DEBUG]   BTCUSD_H4: skip — only 0/100 signals
2026-07-09 15:49:58,995 [DEBUG]   BTCUSD_M30: skip — only 52/100 signals
2026-07-09 15:49:58,995 [DEBUG]   BTCUSD_M5: skip — waiting for 34 more new signals
2026-07-09 15:49:58,995 [DEBUG]   EURUSDc_D1: skip — only 43/100 signals
2026-07-09 15:49:58,995 [DEBUG]   EURUSDc_H1: skip — only 50/100 signals
2026-07-09 15:49:58,995 [DEBUG]   EURUSDc_H4: skip — only 97/100 signals
2026-07-09 15:49:58,995 [DEBUG]   EURUSDc_M15: skip — only 0/100 signals
2026-07-09 15:49:58,995 [DEBUG]   EURUSDc_M30: skip — only 0/100 signals
2026-07-09 15:49:58,995 [DEBUG]   XAUUSD_D1: skip — only 44/100 signals
2026-07-09 15:49:58,995 [DEBUG]   XAUUSD_H1: skip — only 27/100 signals
2026-07-09 15:49:58,995 [DEBUG]   XAUUSD_H4: skip — only 74/100 signals
2026-07-09 15:49:58,995 [DEBUG]   XAUUSD_M15: skip — waiting for 39 more new signals
2026-07-09 15:49:58,995 [DEBUG]   XAUUSD_M30: skip — only 69/100 signals
2026-07-09 15:49:58,995 [DEBUG]   XAUUSD_M5: skip — waiting for 39 more new signals
2026-07-09 15:49:58,995 [DEBUG]   XAUUSDc_D1: skip — only 59/100 signals
2026-07-09 15:49:58,995 [DEBUG]   XAUUSDc_H1: skip — only 77/100 signals
2026-07-09 15:49:58,995 [DEBUG]   XAUUSDc_H4: skip — only 79/100 signals
2026-07-09 15:49:58,995 [DEBUG]   XAUUSDc_M15: skip — only 31/100 signals
2026-07-09 15:49:58,995 [DEBUG]   XAUUSDc_M30: skip — only 70/100 signals
2026-07-09 15:49:58,995 [DEBUG]   XAUUSDc_M5: skip — only 28/100 signals
2026-07-09 16:19:59,528 [INFO] Scanning 5 directories for TFs: ['M5', 'M15', 'M30', 'H1', 'H4', 'D1']
2026-07-09 16:19:59,619 [INFO] Found 22 symbol+TF pairs with data
2026-07-09 16:19:59,620 [INFO]   BTCUSD_D1: 0 resolved signals
2026-07-09 16:19:59,620 [INFO]   BTCUSD_H1: 107 resolved signals
2026-07-09 16:19:59,620 [INFO]   BTCUSD_H4: 0 resolved signals
2026-07-09 16:19:59,620 [INFO]   BTCUSD_M30: 52 resolved signals
2026-07-09 16:19:59,620 [INFO]   BTCUSD_M5: 128 resolved signals
2026-07-09 16:19:59,620 [INFO]   EURUSDc_D1: 43 resolved signals
2026-07-09 16:19:59,620 [INFO]   EURUSDc_H1: 50 resolved signals
2026-07-09 16:19:59,620 [INFO]   EURUSDc_H4: 97 resolved signals
2026-07-09 16:19:59,620 [INFO]   EURUSDc_M15: 0 resolved signals
2026-07-09 16:19:59,620 [INFO]   EURUSDc_M30: 0 resolved signals
2026-07-09 16:19:59,620 [INFO]   XAUUSD_D1: 44 resolved signals
2026-07-09 16:19:59,620 [INFO]   XAUUSD_H1: 27 resolved signals
2026-07-09 16:19:59,620 [INFO]   XAUUSD_H4: 74 resolved signals
2026-07-09 16:19:59,620 [INFO]   XAUUSD_M15: 124 resolved signals
2026-07-09 16:19:59,620 [INFO]   XAUUSD_M30: 69 resolved signals
2026-07-09 16:19:59,620 [INFO]   XAUUSD_M5: 107 resolved signals
2026-07-09 16:19:59,620 [INFO]   XAUUSDc_D1: 59 resolved signals
2026-07-09 16:19:59,620 [INFO]   XAUUSDc_H1: 77 resolved signals
2026-07-09 16:19:59,620 [INFO]   XAUUSDc_H4: 79 resolved signals
2026-07-09 16:19:59,620 [INFO]   XAUUSDc_M15: 31 resolved signals
2026-07-09 16:19:59,620 [INFO]   XAUUSDc_M30: 70 resolved signals
2026-07-09 16:19:59,620 [INFO]   XAUUSDc_M5: 28 resolved signals
2026-07-09 16:19:59,620 [DEBUG]   BTCUSD_D1: skip — only 0/100 signals
2026-07-09 16:19:59,620 [DEBUG]   BTCUSD_H1: skip — waiting for 44 more new signals
2026-07-09 16:19:59,620 [DEBUG]   BTCUSD_H4: skip — only 0/100 signals
2026-07-09 16:19:59,620 [DEBUG]   BTCUSD_M30: skip — only 52/100 signals
2026-07-09 16:19:59,620 [DEBUG]   BTCUSD_M5: skip — waiting for 34 more new signals
2026-07-09 16:19:59,620 [DEBUG]   EURUSDc_D1: skip — only 43/100 signals
2026-07-09 16:19:59,620 [DEBUG]   EURUSDc_H1: skip — only 50/100 signals
2026-07-09 16:19:59,620 [DEBUG]   EURUSDc_H4: skip — only 97/100 signals
2026-07-09 16:19:59,620 [DEBUG]   EURUSDc_M15: skip — only 0/100 signals
2026-07-09 16:19:59,620 [DEBUG]   EURUSDc_M30: skip — only 0/100 signals
2026-07-09 16:19:59,620 [DEBUG]   XAUUSD_D1: skip — only 44/100 signals
2026-07-09 16:19:59,620 [DEBUG]   XAUUSD_H1: skip — only 27/100 signals
2026-07-09 16:19:59,620 [DEBUG]   XAUUSD_H4: skip — only 74/100 signals
2026-07-09 16:19:59,620 [DEBUG]   XAUUSD_M15: skip — waiting for 39 more new signals
2026-07-09 16:19:59,620 [DEBUG]   XAUUSD_M30: skip — only 69/100 signals
2026-07-09 16:19:59,620 [DEBUG]   XAUUSD_M5: skip — waiting for 39 more new signals
2026-07-09 16:19:59,620 [DEBUG]   XAUUSDc_D1: skip — only 59/100 signals
2026-07-09 16:19:59,620 [DEBUG]   XAUUSDc_H1: skip — only 77/100 signals
2026-07-09 16:19:59,620 [DEBUG]   XAUUSDc_H4: skip — only 79/100 signals
2026-07-09 16:19:59,620 [DEBUG]   XAUUSDc_M15: skip — only 31/100 signals
2026-07-09 16:19:59,620 [DEBUG]   XAUUSDc_M30: skip — only 70/100 signals
2026-07-09 16:19:59,620 [DEBUG]   XAUUSDc_M5: skip — only 28/100 signals
2026-07-09 16:50:00,120 [INFO] Scanning 5 directories for TFs: ['M5', 'M15', 'M30', 'H1', 'H4', 'D1']
2026-07-09 16:50:00,197 [INFO] Found 22 symbol+TF pairs with data
2026-07-09 16:50:00,197 [INFO]   BTCUSD_D1: 0 resolved signals
2026-07-09 16:50:00,197 [INFO]   BTCUSD_H1: 107 resolved signals
2026-07-09 16:50:00,197 [INFO]   BTCUSD_H4: 0 resolved signals
2026-07-09 16:50:00,197 [INFO]   BTCUSD_M30: 52 resolved signals
2026-07-09 16:50:00,197 [INFO]   BTCUSD_M5: 128 resolved signals
2026-07-09 16:50:00,197 [INFO]   EURUSDc_D1: 43 resolved signals
2026-07-09 16:50:00,197 [INFO]   EURUSDc_H1: 50 resolved signals
2026-07-09 16:50:00,197 [INFO]   EURUSDc_H4: 97 resolved signals
2026-07-09 16:50:00,197 [INFO]   EURUSDc_M15: 0 resolved signals
2026-07-09 16:50:00,197 [INFO]   EURUSDc_M30: 0 resolved signals
2026-07-09 16:50:00,197 [INFO]   XAUUSD_D1: 44 resolved signals
2026-07-09 16:50:00,197 [INFO]   XAUUSD_H1: 27 resolved signals
2026-07-09 16:50:00,197 [INFO]   XAUUSD_H4: 74 resolved signals
2026-07-09 16:50:00,197 [INFO]   XAUUSD_M15: 124 resolved signals
2026-07-09 16:50:00,197 [INFO]   XAUUSD_M30: 69 resolved signals
2026-07-09 16:50:00,197 [INFO]   XAUUSD_M5: 111 resolved signals
2026-07-09 16:50:00,197 [INFO]   XAUUSDc_D1: 59 resolved signals
2026-07-09 16:50:00,197 [INFO]   XAUUSDc_H1: 77 resolved signals
2026-07-09 16:50:00,197 [INFO]   XAUUSDc_H4: 79 resolved signals
2026-07-09 16:50:00,197 [INFO]   XAUUSDc_M15: 31 resolved signals
2026-07-09 16:50:00,197 [INFO]   XAUUSDc_M30: 70 resolved signals
2026-07-09 16:50:00,197 [INFO]   XAUUSDc_M5: 28 resolved signals
2026-07-09 16:50:00,197 [DEBUG]   BTCUSD_D1: skip — only 0/100 signals
2026-07-09 16:50:00,197 [DEBUG]   BTCUSD_H1: skip — waiting for 44 more new signals
2026-07-09 16:50:00,197 [DEBUG]   BTCUSD_H4: skip — only 0/100 signals
2026-07-09 16:50:00,197 [DEBUG]   BTCUSD_M30: skip — only 52/100 signals
2026-07-09 16:50:00,197 [DEBUG]   BTCUSD_M5: skip — waiting for 34 more new signals
2026-07-09 16:50:00,197 [DEBUG]   EURUSDc_D1: skip — only 43/100 signals
2026-07-09 16:50:00,197 [DEBUG]   EURUSDc_H1: skip — only 50/100 signals
2026-07-09 16:50:00,197 [DEBUG]   EURUSDc_H4: skip — only 97/100 signals
2026-07-09 16:50:00,197 [DEBUG]   EURUSDc_M15: skip — only 0/100 signals
2026-07-09 16:50:00,197 [DEBUG]   EURUSDc_M30: skip — only 0/100 signals
2026-07-09 16:50:00,197 [DEBUG]   XAUUSD_D1: skip — only 44/100 signals
2026-07-09 16:50:00,197 [DEBUG]   XAUUSD_H1: skip — only 27/100 signals
2026-07-09 16:50:00,198 [DEBUG]   XAUUSD_H4: skip — only 74/100 signals
2026-07-09 16:50:00,198 [DEBUG]   XAUUSD_M15: skip — waiting for 39 more new signals
2026-07-09 16:50:00,198 [DEBUG]   XAUUSD_M30: skip — only 69/100 signals
2026-07-09 16:50:00,198 [DEBUG]   XAUUSD_M5: skip — waiting for 35 more new signals
2026-07-09 16:50:00,198 [DEBUG]   XAUUSDc_D1: skip — only 59/100 signals
2026-07-09 16:50:00,198 [DEBUG]   XAUUSDc_H1: skip — only 77/100 signals
2026-07-09 16:50:00,198 [DEBUG]   XAUUSDc_H4: skip — only 79/100 signals
2026-07-09 16:50:00,198 [DEBUG]   XAUUSDc_M15: skip — only 31/100 signals
2026-07-09 16:50:00,198 [DEBUG]   XAUUSDc_M30: skip — only 70/100 signals
2026-07-09 16:50:00,198 [DEBUG]   XAUUSDc_M5: skip — only 28/100 signals
2026-07-09 17:20:00,647 [INFO] Scanning 5 directories for TFs: ['M5', 'M15', 'M30', 'H1', 'H4', 'D1']
2026-07-09 17:20:00,712 [INFO] Found 22 symbol+TF pairs with data
2026-07-09 17:20:00,712 [INFO]   BTCUSD_D1: 0 resolved signals
2026-07-09 17:20:00,712 [INFO]   BTCUSD_H1: 107 resolved signals
2026-07-09 17:20:00,712 [INFO]   BTCUSD_H4: 0 resolved signals
2026-07-09 17:20:00,712 [INFO]   BTCUSD_M30: 52 resolved signals
2026-07-09 17:20:00,712 [INFO]   BTCUSD_M5: 128 resolved signals
2026-07-09 17:20:00,712 [INFO]   EURUSDc_D1: 43 resolved signals
2026-07-09 17:20:00,712 [INFO]   EURUSDc_H1: 50 resolved signals
2026-07-09 17:20:00,712 [INFO]   EURUSDc_H4: 97 resolved signals
2026-07-09 17:20:00,712 [INFO]   EURUSDc_M15: 0 resolved signals
2026-07-09 17:20:00,712 [INFO]   EURUSDc_M30: 0 resolved signals
2026-07-09 17:20:00,712 [INFO]   XAUUSD_D1: 44 resolved signals
2026-07-09 17:20:00,712 [INFO]   XAUUSD_H1: 27 resolved signals
2026-07-09 17:20:00,712 [INFO]   XAUUSD_H4: 74 resolved signals
2026-07-09 17:20:00,712 [INFO]   XAUUSD_M15: 124 resolved signals
2026-07-09 17:20:00,712 [INFO]   XAUUSD_M30: 69 resolved signals
2026-07-09 17:20:00,712 [INFO]   XAUUSD_M5: 113 resolved signals
2026-07-09 17:20:00,712 [INFO]   XAUUSDc_D1: 59 resolved signals
2026-07-09 17:20:00,712 [INFO]   XAUUSDc_H1: 77 resolved signals
2026-07-09 17:20:00,712 [INFO]   XAUUSDc_H4: 79 resolved signals
2026-07-09 17:20:00,712 [INFO]   XAUUSDc_M15: 31 resolved signals
2026-07-09 17:20:00,712 [INFO]   XAUUSDc_M30: 70 resolved signals
2026-07-09 17:20:00,712 [INFO]   XAUUSDc_M5: 28 resolved signals
2026-07-09 17:20:00,712 [DEBUG]   BTCUSD_D1: skip — only 0/100 signals
2026-07-09 17:20:00,712 [DEBUG]   BTCUSD_H1: skip — waiting for 44 more new signals
2026-07-09 17:20:00,712 [DEBUG]   BTCUSD_H4: skip — only 0/100 signals
2026-07-09 17:20:00,712 [DEBUG]   BTCUSD_M30: skip — only 52/100 signals
2026-07-09 17:20:00,712 [DEBUG]   BTCUSD_M5: skip — waiting for 34 more new signals
2026-07-09 17:20:00,712 [DEBUG]   EURUSDc_D1: skip — only 43/100 signals
2026-07-09 17:20:00,712 [DEBUG]   EURUSDc_H1: skip — only 50/100 signals
2026-07-09 17:20:00,712 [DEBUG]   EURUSDc_H4: skip — only 97/100 signals
2026-07-09 17:20:00,712 [DEBUG]   EURUSDc_M15: skip — only 0/100 signals
2026-07-09 17:20:00,712 [DEBUG]   EURUSDc_M30: skip — only 0/100 signals
2026-07-09 17:20:00,713 [DEBUG]   XAUUSD_D1: skip — only 44/100 signals
2026-07-09 17:20:00,713 [DEBUG]   XAUUSD_H1: skip — only 27/100 signals
2026-07-09 17:20:00,713 [DEBUG]   XAUUSD_H4: skip — only 74/100 signals
2026-07-09 17:20:00,713 [DEBUG]   XAUUSD_M15: skip — waiting for 39 more new signals
2026-07-09 17:20:00,713 [DEBUG]   XAUUSD_M30: skip — only 69/100 signals
2026-07-09 17:20:00,713 [DEBUG]   XAUUSD_M5: skip — waiting for 33 more new signals
2026-07-09 17:20:00,713 [DEBUG]   XAUUSDc_D1: skip — only 59/100 signals
2026-07-09 17:20:00,713 [DEBUG]   XAUUSDc_H1: skip — only 77/100 signals
2026-07-09 17:20:00,713 [DEBUG]   XAUUSDc_H4: skip — only 79/100 signals
2026-07-09 17:20:00,713 [DEBUG]   XAUUSDc_M15: skip — only 31/100 signals
2026-07-09 17:20:00,713 [DEBUG]   XAUUSDc_M30: skip — only 70/100 signals
2026-07-09 17:20:00,713 [DEBUG]   XAUUSDc_M5: skip — only 28/100 signals
2026-07-09 17:50:01,281 [INFO] Scanning 5 directories for TFs: ['M5', 'M15', 'M30', 'H1', 'H4', 'D1']
2026-07-09 17:50:01,353 [INFO] Found 22 symbol+TF pairs with data
2026-07-09 17:50:01,353 [INFO]   BTCUSD_D1: 0 resolved signals
2026-07-09 17:50:01,353 [INFO]   BTCUSD_H1: 107 resolved signals
2026-07-09 17:50:01,353 [INFO]   BTCUSD_H4: 0 resolved signals
2026-07-09 17:50:01,353 [INFO]   BTCUSD_M30: 52 resolved signals
2026-07-09 17:50:01,353 [INFO]   BTCUSD_M5: 131 resolved signals
2026-07-09 17:50:01,353 [INFO]   EURUSDc_D1: 43 resolved signals
2026-07-09 17:50:01,353 [INFO]   EURUSDc_H1: 50 resolved signals
2026-07-09 17:50:01,353 [INFO]   EURUSDc_H4: 97 resolved signals
2026-07-09 17:50:01,354 [INFO]   EURUSDc_M15: 0 resolved signals
2026-07-09 17:50:01,354 [INFO]   EURUSDc_M30: 0 resolved signals
2026-07-09 17:50:01,354 [INFO]   XAUUSD_D1: 44 resolved signals
2026-07-09 17:50:01,354 [INFO]   XAUUSD_H1: 27 resolved signals
2026-07-09 17:50:01,354 [INFO]   XAUUSD_H4: 74 resolved signals
2026-07-09 17:50:01,354 [INFO]   XAUUSD_M15: 124 resolved signals
2026-07-09 17:50:01,354 [INFO]   XAUUSD_M30: 69 resolved signals
2026-07-09 17:50:01,354 [INFO]   XAUUSD_M5: 113 resolved signals
2026-07-09 17:50:01,354 [INFO]   XAUUSDc_D1: 59 resolved signals
2026-07-09 17:50:01,354 [INFO]   XAUUSDc_H1: 77 resolved signals
2026-07-09 17:50:01,354 [INFO]   XAUUSDc_H4: 79 resolved signals
2026-07-09 17:50:01,354 [INFO]   XAUUSDc_M15: 31 resolved signals
2026-07-09 17:50:01,354 [INFO]   XAUUSDc_M30: 70 resolved signals
2026-07-09 17:50:01,354 [INFO]   XAUUSDc_M5: 28 resolved signals
2026-07-09 17:50:01,354 [DEBUG]   BTCUSD_D1: skip — only 0/100 signals
2026-07-09 17:50:01,354 [DEBUG]   BTCUSD_H1: skip — waiting for 44 more new signals
2026-07-09 17:50:01,354 [DEBUG]   BTCUSD_H4: skip — only 0/100 signals
2026-07-09 17:50:01,354 [DEBUG]   BTCUSD_M30: skip — only 52/100 signals
2026-07-09 17:50:01,354 [DEBUG]   BTCUSD_M5: skip — waiting for 31 more new signals
2026-07-09 17:50:01,354 [DEBUG]   EURUSDc_D1: skip — only 43/100 signals
2026-07-09 17:50:01,354 [DEBUG]   EURUSDc_H1: skip — only 50/100 signals
2026-07-09 17:50:01,354 [DEBUG]   EURUSDc_H4: skip — only 97/100 signals
2026-07-09 17:50:01,354 [DEBUG]   EURUSDc_M15: skip — only 0/100 signals
2026-07-09 17:50:01,354 [DEBUG]   EURUSDc_M30: skip — only 0/100 signals
2026-07-09 17:50:01,354 [DEBUG]   XAUUSD_D1: skip — only 44/100 signals
2026-07-09 17:50:01,354 [DEBUG]   XAUUSD_H1: skip — only 27/100 signals
2026-07-09 17:50:01,354 [DEBUG]   XAUUSD_H4: skip — only 74/100 signals
2026-07-09 17:50:01,354 [DEBUG]   XAUUSD_M15: skip — waiting for 39 more new signals
2026-07-09 17:50:01,354 [DEBUG]   XAUUSD_M30: skip — only 69/100 signals
2026-07-09 17:50:01,354 [DEBUG]   XAUUSD_M5: skip — waiting for 33 more new signals
2026-07-09 17:50:01,354 [DEBUG]   XAUUSDc_D1: skip — only 59/100 signals
2026-07-09 17:50:01,354 [DEBUG]   XAUUSDc_H1: skip — only 77/100 signals
2026-07-09 17:50:01,354 [DEBUG]   XAUUSDc_H4: skip — only 79/100 signals
2026-07-09 17:50:01,354 [DEBUG]   XAUUSDc_M15: skip — only 31/100 signals
2026-07-09 17:50:01,354 [DEBUG]   XAUUSDc_M30: skip — only 70/100 signals
2026-07-09 17:50:01,354 [DEBUG]   XAUUSDc_M5: skip — only 28/100 signals
2026-07-09 18:20:01,911 [INFO] Scanning 5 directories for TFs: ['M5', 'M15', 'M30', 'H1', 'H4', 'D1']
2026-07-09 18:20:02,001 [INFO] Found 22 symbol+TF pairs with data
2026-07-09 18:20:02,001 [INFO]   BTCUSD_D1: 0 resolved signals
2026-07-09 18:20:02,001 [INFO]   BTCUSD_H1: 107 resolved signals
2026-07-09 18:20:02,001 [INFO]   BTCUSD_H4: 0 resolved signals
2026-07-09 18:20:02,001 [INFO]   BTCUSD_M30: 52 resolved signals
2026-07-09 18:20:02,001 [INFO]   BTCUSD_M5: 134 resolved signals
2026-07-09 18:20:02,001 [INFO]   EURUSDc_D1: 43 resolved signals
2026-07-09 18:20:02,001 [INFO]   EURUSDc_H1: 50 resolved signals
2026-07-09 18:20:02,001 [INFO]   EURUSDc_H4: 97 resolved signals
2026-07-09 18:20:02,001 [INFO]   EURUSDc_M15: 0 resolved signals
2026-07-09 18:20:02,001 [INFO]   EURUSDc_M30: 0 resolved signals
2026-07-09 18:20:02,001 [INFO]   XAUUSD_D1: 44 resolved signals
2026-07-09 18:20:02,001 [INFO]   XAUUSD_H1: 27 resolved signals
2026-07-09 18:20:02,001 [INFO]   XAUUSD_H4: 74 resolved signals
2026-07-09 18:20:02,002 [INFO]   XAUUSD_M15: 124 resolved signals
2026-07-09 18:20:02,002 [INFO]   XAUUSD_M30: 69 resolved signals
2026-07-09 18:20:02,002 [INFO]   XAUUSD_M5: 116 resolved signals
2026-07-09 18:20:02,002 [INFO]   XAUUSDc_D1: 59 resolved signals
2026-07-09 18:20:02,002 [INFO]   XAUUSDc_H1: 77 resolved signals
2026-07-09 18:20:02,002 [INFO]   XAUUSDc_H4: 79 resolved signals
2026-07-09 18:20:02,002 [INFO]   XAUUSDc_M15: 31 resolved signals
2026-07-09 18:20:02,002 [INFO]   XAUUSDc_M30: 70 resolved signals
2026-07-09 18:20:02,002 [INFO]   XAUUSDc_M5: 28 resolved signals
2026-07-09 18:20:02,002 [DEBUG]   BTCUSD_D1: skip — only 0/100 signals
2026-07-09 18:20:02,002 [DEBUG]   BTCUSD_H1: skip — waiting for 44 more new signals
2026-07-09 18:20:02,002 [DEBUG]   BTCUSD_H4: skip — only 0/100 signals
2026-07-09 18:20:02,002 [DEBUG]   BTCUSD_M30: skip — only 52/100 signals
2026-07-09 18:20:02,002 [DEBUG]   BTCUSD_M5: skip — waiting for 28 more new signals
2026-07-09 18:20:02,002 [DEBUG]   EURUSDc_D1: skip — only 43/100 signals
2026-07-09 18:20:02,002 [DEBUG]   EURUSDc_H1: skip — only 50/100 signals
2026-07-09 18:20:02,002 [DEBUG]   EURUSDc_H4: skip — only 97/100 signals
2026-07-09 18:20:02,002 [DEBUG]   EURUSDc_M15: skip — only 0/100 signals
2026-07-09 18:20:02,002 [DEBUG]   EURUSDc_M30: skip — only 0/100 signals
2026-07-09 18:20:02,002 [DEBUG]   XAUUSD_D1: skip — only 44/100 signals
2026-07-09 18:20:02,002 [DEBUG]   XAUUSD_H1: skip — only 27/100 signals
2026-07-09 18:20:02,002 [DEBUG]   XAUUSD_H4: skip — only 74/100 signals
2026-07-09 18:20:02,002 [DEBUG]   XAUUSD_M15: skip — waiting for 39 more new signals
2026-07-09 18:20:02,002 [DEBUG]   XAUUSD_M30: skip — only 69/100 signals
2026-07-09 18:20:02,002 [DEBUG]   XAUUSD_M5: skip — waiting for 30 more new signals
2026-07-09 18:20:02,002 [DEBUG]   XAUUSDc_D1: skip — only 59/100 signals
2026-07-09 18:20:02,002 [DEBUG]   XAUUSDc_H1: skip — only 77/100 signals
2026-07-09 18:20:02,002 [DEBUG]   XAUUSDc_H4: skip — only 79/100 signals
2026-07-09 18:20:02,002 [DEBUG]   XAUUSDc_M15: skip — only 31/100 signals
2026-07-09 18:20:02,002 [DEBUG]   XAUUSDc_M30: skip — only 70/100 signals
2026-07-09 18:20:02,002 [DEBUG]   XAUUSDc_M5: skip — only 28/100 signals
2026-07-09 18:50:02,494 [INFO] Scanning 5 directories for TFs: ['M5', 'M15', 'M30', 'H1', 'H4', 'D1']
2026-07-09 18:50:02,588 [INFO] Found 22 symbol+TF pairs with data
2026-07-09 18:50:02,588 [INFO]   BTCUSD_D1: 0 resolved signals
2026-07-09 18:50:02,588 [INFO]   BTCUSD_H1: 107 resolved signals
2026-07-09 18:50:02,588 [INFO]   BTCUSD_H4: 0 resolved signals
2026-07-09 18:50:02,588 [INFO]   BTCUSD_M30: 52 resolved signals
2026-07-09 18:50:02,588 [INFO]   BTCUSD_M5: 137 resolved signals
2026-07-09 18:50:02,588 [INFO]   EURUSDc_D1: 43 resolved signals
2026-07-09 18:50:02,588 [INFO]   EURUSDc_H1: 50 resolved signals
2026-07-09 18:50:02,588 [INFO]   EURUSDc_H4: 97 resolved signals
2026-07-09 18:50:02,588 [INFO]   EURUSDc_M15: 0 resolved signals
2026-07-09 18:50:02,588 [INFO]   EURUSDc_M30: 0 resolved signals
2026-07-09 18:50:02,588 [INFO]   XAUUSD_D1: 44 resolved signals
2026-07-09 18:50:02,588 [INFO]   XAUUSD_H1: 27 resolved signals
2026-07-09 18:50:02,588 [INFO]   XAUUSD_H4: 74 resolved signals
2026-07-09 18:50:02,588 [INFO]   XAUUSD_M15: 124 resolved signals
2026-07-09 18:50:02,588 [INFO]   XAUUSD_M30: 69 resolved signals
2026-07-09 18:50:02,588 [INFO]   XAUUSD_M5: 119 resolved signals
2026-07-09 18:50:02,588 [INFO]   XAUUSDc_D1: 59 resolved signals
2026-07-09 18:50:02,588 [INFO]   XAUUSDc_H1: 77 resolved signals
2026-07-09 18:50:02,588 [INFO]   XAUUSDc_H4: 79 resolved signals
2026-07-09 18:50:02,588 [INFO]   XAUUSDc_M15: 31 resolved signals
2026-07-09 18:50:02,588 [INFO]   XAUUSDc_M30: 70 resolved signals
2026-07-09 18:50:02,588 [INFO]   XAUUSDc_M5: 28 resolved signals
2026-07-09 18:50:02,588 [DEBUG]   BTCUSD_D1: skip — only 0/100 signals
2026-07-09 18:50:02,588 [DEBUG]   BTCUSD_H1: skip — waiting for 44 more new signals
2026-07-09 18:50:02,588 [DEBUG]   BTCUSD_H4: skip — only 0/100 signals
2026-07-09 18:50:02,588 [DEBUG]   BTCUSD_M30: skip — only 52/100 signals
2026-07-09 18:50:02,588 [DEBUG]   BTCUSD_M5: skip — waiting for 25 more new signals
2026-07-09 18:50:02,588 [DEBUG]   EURUSDc_D1: skip — only 43/100 signals
2026-07-09 18:50:02,589 [DEBUG]   EURUSDc_H1: skip — only 50/100 signals
2026-07-09 18:50:02,589 [DEBUG]   EURUSDc_H4: skip — only 97/100 signals
2026-07-09 18:50:02,589 [DEBUG]   EURUSDc_M15: skip — only 0/100 signals
2026-07-09 18:50:02,589 [DEBUG]   EURUSDc_M30: skip — only 0/100 signals
2026-07-09 18:50:02,589 [DEBUG]   XAUUSD_D1: skip — only 44/100 signals
2026-07-09 18:50:02,589 [DEBUG]   XAUUSD_H1: skip — only 27/100 signals
2026-07-09 18:50:02,589 [DEBUG]   XAUUSD_H4: skip — only 74/100 signals
2026-07-09 18:50:02,589 [DEBUG]   XAUUSD_M15: skip — waiting for 39 more new signals
2026-07-09 18:50:02,589 [DEBUG]   XAUUSD_M30: skip — only 69/100 signals
2026-07-09 18:50:02,589 [DEBUG]   XAUUSD_M5: skip — waiting for 27 more new signals
2026-07-09 18:50:02,589 [DEBUG]   XAUUSDc_D1: skip — only 59/100 signals
2026-07-09 18:50:02,589 [DEBUG]   XAUUSDc_H1: skip — only 77/100 signals
2026-07-09 18:50:02,589 [DEBUG]   XAUUSDc_H4: skip — only 79/100 signals
2026-07-09 18:50:02,589 [DEBUG]   XAUUSDc_M15: skip — only 31/100 signals
2026-07-09 18:50:02,589 [DEBUG]   XAUUSDc_M30: skip — only 70/100 signals
2026-07-09 18:50:02,589 [DEBUG]   XAUUSDc_M5: skip — only 28/100 signals
2026-07-09 19:20:02,999 [INFO] Scanning 5 directories for TFs: ['M5', 'M15', 'M30', 'H1', 'H4', 'D1']
2026-07-09 19:20:03,122 [INFO] Found 22 symbol+TF pairs with data
2026-07-09 19:20:03,122 [INFO]   BTCUSD_D1: 0 resolved signals
2026-07-09 19:20:03,122 [INFO]   BTCUSD_H1: 107 resolved signals
2026-07-09 19:20:03,122 [INFO]   BTCUSD_H4: 0 resolved signals
2026-07-09 19:20:03,122 [INFO]   BTCUSD_M30: 52 resolved signals
2026-07-09 19:20:03,122 [INFO]   BTCUSD_M5: 137 resolved signals
2026-07-09 19:20:03,122 [INFO]   EURUSDc_D1: 43 resolved signals
2026-07-09 19:20:03,122 [INFO]   EURUSDc_H1: 50 resolved signals
2026-07-09 19:20:03,122 [INFO]   EURUSDc_H4: 97 resolved signals
2026-07-09 19:20:03,122 [INFO]   EURUSDc_M15: 0 resolved signals
2026-07-09 19:20:03,122 [INFO]   EURUSDc_M30: 0 resolved signals
2026-07-09 19:20:03,122 [INFO]   XAUUSD_D1: 44 resolved signals
2026-07-09 19:20:03,122 [INFO]   XAUUSD_H1: 27 resolved signals
2026-07-09 19:20:03,122 [INFO]   XAUUSD_H4: 74 resolved signals
2026-07-09 19:20:03,122 [INFO]   XAUUSD_M15: 128 resolved signals
2026-07-09 19:20:03,122 [INFO]   XAUUSD_M30: 69 resolved signals
2026-07-09 19:20:03,122 [INFO]   XAUUSD_M5: 122 resolved signals
2026-07-09 19:20:03,122 [INFO]   XAUUSDc_D1: 59 resolved signals
2026-07-09 19:20:03,122 [INFO]   XAUUSDc_H1: 77 resolved signals
2026-07-09 19:20:03,122 [INFO]   XAUUSDc_H4: 79 resolved signals
2026-07-09 19:20:03,122 [INFO]   XAUUSDc_M15: 31 resolved signals
2026-07-09 19:20:03,122 [INFO]   XAUUSDc_M30: 70 resolved signals
2026-07-09 19:20:03,122 [INFO]   XAUUSDc_M5: 28 resolved signals
2026-07-09 19:20:03,122 [DEBUG]   BTCUSD_D1: skip — only 0/100 signals
2026-07-09 19:20:03,122 [DEBUG]   BTCUSD_H1: skip — waiting for 44 more new signals
2026-07-09 19:20:03,122 [DEBUG]   BTCUSD_H4: skip — only 0/100 signals
2026-07-09 19:20:03,122 [DEBUG]   BTCUSD_M30: skip — only 52/100 signals
2026-07-09 19:20:03,122 [DEBUG]   BTCUSD_M5: skip — waiting for 25 more new signals
2026-07-09 19:20:03,122 [DEBUG]   EURUSDc_D1: skip — only 43/100 signals
2026-07-09 19:20:03,122 [DEBUG]   EURUSDc_H1: skip — only 50/100 signals
2026-07-09 19:20:03,122 [DEBUG]   EURUSDc_H4: skip — only 97/100 signals
2026-07-09 19:20:03,122 [DEBUG]   EURUSDc_M15: skip — only 0/100 signals
2026-07-09 19:20:03,122 [DEBUG]   EURUSDc_M30: skip — only 0/100 signals
2026-07-09 19:20:03,122 [DEBUG]   XAUUSD_D1: skip — only 44/100 signals
2026-07-09 19:20:03,122 [DEBUG]   XAUUSD_H1: skip — only 27/100 signals
2026-07-09 19:20:03,122 [DEBUG]   XAUUSD_H4: skip — only 74/100 signals
2026-07-09 19:20:03,122 [DEBUG]   XAUUSD_M15: skip — waiting for 35 more new signals
2026-07-09 19:20:03,122 [DEBUG]   XAUUSD_M30: skip — only 69/100 signals
2026-07-09 19:20:03,122 [DEBUG]   XAUUSD_M5: skip — waiting for 24 more new signals
2026-07-09 19:20:03,122 [DEBUG]   XAUUSDc_D1: skip — only 59/100 signals
2026-07-09 19:20:03,122 [DEBUG]   XAUUSDc_H1: skip — only 77/100 signals
2026-07-09 19:20:03,122 [DEBUG]   XAUUSDc_H4: skip — only 79/100 signals
2026-07-09 19:20:03,122 [DEBUG]   XAUUSDc_M15: skip — only 31/100 signals
2026-07-09 19:20:03,122 [DEBUG]   XAUUSDc_M30: skip — only 70/100 signals
2026-07-09 19:20:03,122 [DEBUG]   XAUUSDc_M5: skip — only 28/100 signals
2026-07-20 22:23:11,107 [INFO] Config loaded: 4 MT4 + 1 MT5 terminals, TFs=['M5', 'M15', 'M30', 'H1', 'H4', 'D1']
2026-07-20 22:23:11,131 [INFO] Tray service started
2026-07-20 22:23:16,132 [INFO] Scanning 5 directories for TFs: ['M5', 'M15', 'M30', 'H1', 'H4', 'D1']
2026-07-20 22:23:18,546 [INFO] Found 23 symbol+TF pairs with data
2026-07-20 22:23:18,546 [INFO]   BTCUSD_D1: 0 resolved signals
2026-07-20 22:23:18,546 [INFO]   BTCUSD_H1: 215 resolved signals
2026-07-20 22:23:18,546 [INFO]   BTCUSD_H4: 0 resolved signals
2026-07-20 22:23:18,546 [INFO]   BTCUSD_M15: 18 resolved signals
2026-07-20 22:23:18,547 [INFO]   BTCUSD_M30: 52 resolved signals
2026-07-20 22:23:18,547 [INFO]   BTCUSD_M5: 489 resolved signals
2026-07-20 22:23:18,547 [INFO]   EURUSDc_D1: 43 resolved signals
2026-07-20 22:23:18,547 [INFO]   EURUSDc_H1: 70 resolved signals
2026-07-20 22:23:18,547 [INFO]   EURUSDc_H4: 98 resolved signals
2026-07-20 22:23:18,547 [INFO]   EURUSDc_M15: 0 resolved signals
2026-07-20 22:23:18,547 [INFO]   EURUSDc_M30: 0 resolved signals
2026-07-20 22:23:18,547 [INFO]   XAUUSD_D1: 44 resolved signals
2026-07-20 22:23:18,547 [INFO]   XAUUSD_H1: 63 resolved signals
2026-07-20 22:23:18,547 [INFO]   XAUUSD_H4: 79 resolved signals
2026-07-20 22:23:18,548 [INFO]   XAUUSD_M15: 163 resolved signals
2026-07-20 22:23:18,548 [INFO]   XAUUSD_M30: 70 resolved signals
2026-07-20 22:23:18,548 [INFO]   XAUUSD_M5: 387 resolved signals
2026-07-20 22:23:18,548 [INFO]   XAUUSDc_D1: 59 resolved signals
2026-07-20 22:23:18,548 [INFO]   XAUUSDc_H1: 88 resolved signals
2026-07-20 22:23:18,548 [INFO]   XAUUSDc_H4: 79 resolved signals
2026-07-20 22:23:18,548 [INFO]   XAUUSDc_M15: 101 resolved signals
2026-07-20 22:23:18,548 [INFO]   XAUUSDc_M30: 114 resolved signals
2026-07-20 22:23:18,548 [INFO]   XAUUSDc_M5: 76 resolved signals
2026-07-20 22:23:18,548 [DEBUG]   BTCUSD_D1: skip — only 0/100 signals
2026-07-20 22:23:18,548 [INFO]   BTCUSD_H1: will train — 114 new signals since last train
2026-07-20 22:23:18,548 [INFO] Training BTCUSD H1...
2026-07-20 22:23:18,549 [DEBUG] Command: C:\Users\Administrator\AppData\Local\Programs\Python\Python314\python.exe D:\Thanh\Forex\RSI_Advanced\tools\rsi_xgboost_train.py --data-dir C:\Users\Administrator\AppData\Roaming\MetaQuotes\Terminal\3773AE10556A00F3D812544D7EDDAB90\MQL4\Files\RSI_Advanced_Logs C:\Users\Administrator\AppData\Roaming\MetaQuotes\Terminal\2191F4A3D14D7B4B1EBB84F924777883\MQL4\Files\RSI_Advanced_Logs C:\Users\Administrator\AppData\Roaming\MetaQuotes\Terminal\6F841180CC7A5B4E481813CAFF4002B0\MQL4\Files\RSI_Advanced_Logs...
2026-07-20 22:23:25,321 [INFO]   train: ============================================================
2026-07-20 22:23:25,321 [INFO]   train: Training model: BTCUSD_H1
2026-07-20 22:23:25,321 [INFO]   train: ============================================================
2026-07-20 22:23:25,321 [INFO]   train: Loading CSVs from 5 director(ies)
2026-07-20 22:23:25,321 [INFO]   train: Filter: symbol=BTCUSD
2026-07-20 22:23:25,322 [INFO]   train: Filter: tf=H1
2026-07-20 22:23:25,322 [INFO]   train: Signals: 458 rows
2026-07-20 22:23:25,322 [INFO]   train: Scoring: 245 rows
2026-07-20 22:23:25,322 [INFO]   train: Outcomes: 673 rows
2026-07-20 22:23:25,322 [INFO]   train: Resolved outcomes: 131
2026-07-20 22:23:25,322 [INFO]   train: Merged (joined): 131 rows
2026-07-20 22:23:25,322 [INFO]   train: SKIP: Only 131 resolved signals for BTCUSD_H1. Need 150.
2026-07-20 22:23:25,322 [INFO]   train: {
2026-07-20 22:23:25,322 [INFO]   train: "symbol": "BTCUSD",
2026-07-20 22:23:25,322 [INFO]   train: "tf": "H1",
2026-07-20 22:23:25,322 [INFO]   train: "status": "skip",
2026-07-20 22:23:25,322 [INFO]   train: "signals": 131,
2026-07-20 22:23:25,322 [INFO]   train: "message": "Only 131 resolved signals for BTCUSD_H1. Need 150."
2026-07-20 22:23:25,322 [INFO]   train: }
2026-07-20 22:23:25,323 [INFO]   BTCUSD_H1: PASS Brier=?, AUC=?
2026-07-20 22:23:25,323 [DEBUG]   BTCUSD_H4: skip — only 0/100 signals
2026-07-20 22:23:25,323 [DEBUG]   BTCUSD_M15: skip — only 18/100 signals
2026-07-20 22:23:25,323 [DEBUG]   BTCUSD_M30: skip — only 52/100 signals
2026-07-20 22:23:25,323 [INFO]   BTCUSD_M5: will train — 377 new signals since last train
2026-07-20 22:23:25,323 [INFO] Training BTCUSD M5...
2026-07-20 22:23:25,323 [DEBUG] Command: C:\Users\Administrator\AppData\Local\Programs\Python\Python314\python.exe D:\Thanh\Forex\RSI_Advanced\tools\rsi_xgboost_train.py --data-dir C:\Users\Administrator\AppData\Roaming\MetaQuotes\Terminal\3773AE10556A00F3D812544D7EDDAB90\MQL4\Files\RSI_Advanced_Logs C:\Users\Administrator\AppData\Roaming\MetaQuotes\Terminal\2191F4A3D14D7B4B1EBB84F924777883\MQL4\Files\RSI_Advanced_Logs C:\Users\Administrator\AppData\Roaming\MetaQuotes\Terminal\6F841180CC7A5B4E481813CAFF4002B0\MQL4\Files\RSI_Advanced_Logs...
2026-07-20 22:23:28,213 [INFO]   train: TIME_IN_SESSION_MIN       0.0670
2026-07-20 22:23:28,213 [INFO]   train: SESSION_ENC               0.0639
2026-07-20 22:23:28,213 [INFO]   train: MTF_AGREE_PCT             0.0617
2026-07-20 22:23:28,213 [INFO]   train: ANGLE_Z                   0.0584
2026-07-20 22:23:28,213 [INFO]   train: RSI_AT_SIGNAL             0.0583
2026-07-20 22:23:28,214 [INFO]   train: MTF_H4_TREND              0.0572
2026-07-20 22:23:28,214 [INFO]   train: PASS: OOS Brier 0.2313 < 0.25
2026-07-20 22:23:28,214 [INFO]   train: FAIL: OOS AUC 0.5283 <= 0.55 (minimal discrimination)
2026-07-20 22:23:28,214 [INFO]   train: WARN: Calibration curve not monotonic (may be noise with small data)
2026-07-20 22:23:28,214 [INFO]   train: Saved calibration plot: D:\Thanh\Forex\RSI_Advanced\tools\xgb_calibration_BTCUSD_M5.png
2026-07-20 22:23:28,214 [INFO]   train: {
2026-07-20 22:23:28,214 [INFO]   train: "symbol": "BTCUSD",
2026-07-20 22:23:28,214 [INFO]   train: "tf": "M5",
2026-07-20 22:23:28,214 [INFO]   train: "status": "fail",
2026-07-20 22:23:28,214 [INFO]   train: "signals": 392,
2026-07-20 22:23:28,214 [INFO]   train: "brier": 0.2313,
2026-07-20 22:23:28,214 [INFO]   train: "auc": 0.5283,
2026-07-20 22:23:28,214 [INFO]   train: "message": "Validation failed"
2026-07-20 22:23:28,214 [INFO]   train: }
2026-07-20 22:23:28,214 [INFO]   BTCUSD_M5: FAIL Brier=? — validation failed
2026-07-20 22:23:28,214 [DEBUG]   EURUSDc_D1: skip — only 43/100 signals
2026-07-20 22:23:28,215 [DEBUG]   EURUSDc_H1: skip — only 70/100 signals
2026-07-20 22:23:28,215 [DEBUG]   EURUSDc_H4: skip — only 98/100 signals
2026-07-20 22:23:28,215 [DEBUG]   EURUSDc_M15: skip — only 0/100 signals
2026-07-20 22:23:28,215 [DEBUG]   EURUSDc_M30: skip — only 0/100 signals
2026-07-20 22:23:28,215 [DEBUG]   XAUUSD_D1: skip — only 44/100 signals
2026-07-20 22:23:28,215 [DEBUG]   XAUUSD_H1: skip — only 63/100 signals
2026-07-20 22:23:28,215 [DEBUG]   XAUUSD_H4: skip — only 79/100 signals
2026-07-20 22:23:28,215 [INFO]   XAUUSD_M15: will train — 50 new signals since last train
2026-07-20 22:23:28,215 [INFO] Training XAUUSD M15...
2026-07-20 22:23:28,215 [DEBUG] Command: C:\Users\Administrator\AppData\Local\Programs\Python\Python314\python.exe D:\Thanh\Forex\RSI_Advanced\tools\rsi_xgboost_train.py --data-dir C:\Users\Administrator\AppData\Roaming\MetaQuotes\Terminal\3773AE10556A00F3D812544D7EDDAB90\MQL4\Files\RSI_Advanced_Logs C:\Users\Administrator\AppData\Roaming\MetaQuotes\Terminal\2191F4A3D14D7B4B1EBB84F924777883\MQL4\Files\RSI_Advanced_Logs C:\Users\Administrator\AppData\Roaming\MetaQuotes\Terminal\6F841180CC7A5B4E481813CAFF4002B0\MQL4\Files\RSI_Advanced_Logs...
2026-07-20 22:23:30,324 [INFO]   train: ============================================================
2026-07-20 22:23:30,324 [INFO]   train: Training model: XAUUSD_M15
2026-07-20 22:23:30,324 [INFO]   train: ============================================================
2026-07-20 22:23:30,324 [INFO]   train: Loading CSVs from 5 director(ies)
2026-07-20 22:23:30,324 [INFO]   train: Filter: symbol=XAUUSD
2026-07-20 22:23:30,324 [INFO]   train: Filter: tf=M15
2026-07-20 22:23:30,324 [INFO]   train: Signals: 393 rows
2026-07-20 22:23:30,324 [INFO]   train: Scoring: 882 rows
2026-07-20 22:23:30,324 [INFO]   train: Outcomes: 556 rows
2026-07-20 22:23:30,324 [INFO]   train: Resolved outcomes: 148
2026-07-20 22:23:30,325 [INFO]   train: Merged (joined): 148 rows
2026-07-20 22:23:30,325 [INFO]   train: SKIP: Only 148 resolved signals for XAUUSD_M15. Need 150.
2026-07-20 22:23:30,325 [INFO]   train: {
2026-07-20 22:23:30,325 [INFO]   train: "symbol": "XAUUSD",
2026-07-20 22:23:30,325 [INFO]   train: "tf": "M15",
2026-07-20 22:23:30,325 [INFO]   train: "status": "skip",
2026-07-20 22:23:30,325 [INFO]   train: "signals": 148,
2026-07-20 22:23:30,325 [INFO]   train: "message": "Only 148 resolved signals for XAUUSD_M15. Need 150."
2026-07-20 22:23:30,325 [INFO]   train: }
2026-07-20 22:23:30,325 [INFO]   XAUUSD_M15: PASS Brier=?, AUC=?
2026-07-20 22:23:30,325 [DEBUG]   XAUUSD_M30: skip — only 70/100 signals
2026-07-20 22:23:30,325 [INFO]   XAUUSD_M5: will train — 291 new signals since last train
2026-07-20 22:23:30,325 [INFO] Training XAUUSD M5...
2026-07-20 22:23:30,325 [DEBUG] Command: C:\Users\Administrator\AppData\Local\Programs\Python\Python314\python.exe D:\Thanh\Forex\RSI_Advanced\tools\rsi_xgboost_train.py --data-dir C:\Users\Administrator\AppData\Roaming\MetaQuotes\Terminal\3773AE10556A00F3D812544D7EDDAB90\MQL4\Files\RSI_Advanced_Logs C:\Users\Administrator\AppData\Roaming\MetaQuotes\Terminal\2191F4A3D14D7B4B1EBB84F924777883\MQL4\Files\RSI_Advanced_Logs C:\Users\Administrator\AppData\Roaming\MetaQuotes\Terminal\6F841180CC7A5B4E481813CAFF4002B0\MQL4\Files\RSI_Advanced_Logs...
2026-07-20 22:23:32,867 [INFO]   train: MTF_AGREE_PCT             0.0790
2026-07-20 22:23:32,867 [INFO]   train: HOUR_SIN                  0.0754
2026-07-20 22:23:32,867 [INFO]   train: TIME_IN_SESSION_MIN       0.0710
2026-07-20 22:23:32,867 [INFO]   train: DOW_SIN                   0.0664
2026-07-20 22:23:32,867 [INFO]   train: ATR_RATIO                 0.0616
2026-07-20 22:23:32,867 [INFO]   train: HOUR_COS                  0.0552
2026-07-20 22:23:32,867 [INFO]   train: FAIL: OOS Brier 0.2691 >= 0.25 (no skill)
2026-07-20 22:23:32,868 [INFO]   train: FAIL: OOS AUC 0.4132 <= 0.55 (minimal discrimination)
2026-07-20 22:23:32,868 [INFO]   train: WARN: Calibration curve not monotonic (may be noise with small data)
2026-07-20 22:23:32,868 [INFO]   train: Saved calibration plot: D:\Thanh\Forex\RSI_Advanced\tools\xgb_calibration_XAUUSD_M5.png
2026-07-20 22:23:32,868 [INFO]   train: {
2026-07-20 22:23:32,868 [INFO]   train: "symbol": "XAUUSD",
2026-07-20 22:23:32,868 [INFO]   train: "tf": "M5",
2026-07-20 22:23:32,868 [INFO]   train: "status": "fail",
2026-07-20 22:23:32,868 [INFO]   train: "signals": 278,
2026-07-20 22:23:32,868 [INFO]   train: "brier": 0.2691,
2026-07-20 22:23:32,868 [INFO]   train: "auc": 0.4132,
2026-07-20 22:23:32,868 [INFO]   train: "message": "Validation failed"
2026-07-20 22:23:32,868 [INFO]   train: }
2026-07-20 22:23:32,868 [INFO]   XAUUSD_M5: FAIL Brier=? — validation failed
2026-07-20 22:23:32,868 [DEBUG]   XAUUSDc_D1: skip — only 59/100 signals
2026-07-20 22:23:32,868 [DEBUG]   XAUUSDc_H1: skip — only 88/100 signals
2026-07-20 22:23:32,868 [DEBUG]   XAUUSDc_H4: skip — only 79/100 signals
2026-07-20 22:23:32,868 [INFO]   XAUUSDc_M15: will train — 70 new signals since last train
2026-07-20 22:23:32,868 [INFO] Training XAUUSDc M15...
2026-07-20 22:23:32,868 [DEBUG] Command: C:\Users\Administrator\AppData\Local\Programs\Python\Python314\python.exe D:\Thanh\Forex\RSI_Advanced\tools\rsi_xgboost_train.py --data-dir C:\Users\Administrator\AppData\Roaming\MetaQuotes\Terminal\3773AE10556A00F3D812544D7EDDAB90\MQL4\Files\RSI_Advanced_Logs C:\Users\Administrator\AppData\Roaming\MetaQuotes\Terminal\2191F4A3D14D7B4B1EBB84F924777883\MQL4\Files\RSI_Advanced_Logs C:\Users\Administrator\AppData\Roaming\MetaQuotes\Terminal\6F841180CC7A5B4E481813CAFF4002B0\MQL4\Files\RSI_Advanced_Logs...
2026-07-20 22:23:34,959 [INFO]   train: ============================================================
2026-07-20 22:23:34,960 [INFO]   train: Training model: XAUUSDc_M15
2026-07-20 22:23:34,960 [INFO]   train: ============================================================
2026-07-20 22:23:34,960 [INFO]   train: Loading CSVs from 5 director(ies)
2026-07-20 22:23:34,960 [INFO]   train: Filter: symbol=XAUUSDc
2026-07-20 22:23:34,960 [INFO]   train: Filter: tf=M15
2026-07-20 22:23:34,960 [INFO]   train: Signals: 307 rows
2026-07-20 22:23:34,960 [INFO]   train: Scoring: 2606 rows
2026-07-20 22:23:34,960 [INFO]   train: Outcomes: 408 rows
2026-07-20 22:23:34,960 [INFO]   train: Resolved outcomes: 61
2026-07-20 22:23:34,960 [INFO]   train: Merged (joined): 61 rows
2026-07-20 22:23:34,960 [INFO]   train: SKIP: Only 61 resolved signals for XAUUSDc_M15. Need 150.
2026-07-20 22:23:34,960 [INFO]   train: {
2026-07-20 22:23:34,960 [INFO]   train: "symbol": "XAUUSDc",
2026-07-20 22:23:34,961 [INFO]   train: "tf": "M15",
2026-07-20 22:23:34,961 [INFO]   train: "status": "skip",
2026-07-20 22:23:34,961 [INFO]   train: "signals": 61,
2026-07-20 22:23:34,961 [INFO]   train: "message": "Only 61 resolved signals for XAUUSDc_M15. Need 150."
2026-07-20 22:23:34,961 [INFO]   train: }
2026-07-20 22:23:34,961 [INFO]   XAUUSDc_M15: PASS Brier=?, AUC=?
2026-07-20 22:23:34,961 [DEBUG]   XAUUSDc_M30: skip — waiting for 5 more new signals
2026-07-20 22:23:34,961 [DEBUG]   XAUUSDc_M5: skip — only 76/100 signals
2026-07-20 22:23:36,191 [INFO] Assembling 20 models into binary: C:\Users\Administrator\AppData\Roaming\MetaQuotes\Terminal\Common\Files\RSI_Advanced\XGBModels.bin
2026-07-20 22:23:37,134 [ERROR] Model assembly failed: '1-1'
2026-07-20 22:24:04,208 [INFO] Manual train triggered
2026-07-20 22:24:04,209 [INFO] Scanning 5 directories for TFs: ['M5', 'M15', 'M30', 'H1', 'H4', 'D1']
2026-07-20 22:24:04,264 [INFO] Found 23 symbol+TF pairs with data
2026-07-20 22:24:04,264 [INFO]   BTCUSD_D1: 0 resolved signals
2026-07-20 22:24:04,264 [INFO]   BTCUSD_H1: 215 resolved signals
2026-07-20 22:24:04,264 [INFO]   BTCUSD_H4: 0 resolved signals
2026-07-20 22:24:04,264 [INFO]   BTCUSD_M15: 18 resolved signals
2026-07-20 22:24:04,265 [INFO]   BTCUSD_M30: 52 resolved signals
2026-07-20 22:24:04,265 [INFO]   BTCUSD_M5: 489 resolved signals
2026-07-20 22:24:04,265 [INFO]   EURUSDc_D1: 43 resolved signals
2026-07-20 22:24:04,265 [INFO]   EURUSDc_H1: 70 resolved signals
2026-07-20 22:24:04,265 [INFO]   EURUSDc_H4: 98 resolved signals
2026-07-20 22:24:04,265 [INFO]   EURUSDc_M15: 0 resolved signals
2026-07-20 22:24:04,265 [INFO]   EURUSDc_M30: 0 resolved signals
2026-07-20 22:24:04,265 [INFO]   XAUUSD_D1: 44 resolved signals
2026-07-20 22:24:04,265 [INFO]   XAUUSD_H1: 63 resolved signals
2026-07-20 22:24:04,265 [INFO]   XAUUSD_H4: 79 resolved signals
2026-07-20 22:24:04,265 [INFO]   XAUUSD_M15: 163 resolved signals
2026-07-20 22:24:04,265 [INFO]   XAUUSD_M30: 70 resolved signals
2026-07-20 22:24:04,265 [INFO]   XAUUSD_M5: 387 resolved signals
2026-07-20 22:24:04,265 [INFO]   XAUUSDc_D1: 59 resolved signals
2026-07-20 22:24:04,265 [INFO]   XAUUSDc_H1: 88 resolved signals
2026-07-20 22:24:04,265 [INFO]   XAUUSDc_H4: 79 resolved signals
2026-07-20 22:24:04,265 [INFO]   XAUUSDc_M15: 101 resolved signals
2026-07-20 22:24:04,266 [INFO]   XAUUSDc_M30: 114 resolved signals
2026-07-20 22:24:04,266 [INFO]   XAUUSDc_M5: 76 resolved signals
2026-07-20 22:24:04,266 [INFO]   BTCUSD_D1: will train — forced
2026-07-20 22:24:04,266 [INFO] Training BTCUSD D1...
2026-07-20 22:24:04,266 [DEBUG] Command: C:\Users\Administrator\AppData\Local\Programs\Python\Python314\python.exe D:\Thanh\Forex\RSI_Advanced\tools\rsi_xgboost_train.py --data-dir C:\Users\Administrator\AppData\Roaming\MetaQuotes\Terminal\3773AE10556A00F3D812544D7EDDAB90\MQL4\Files\RSI_Advanced_Logs C:\Users\Administrator\AppData\Roaming\MetaQuotes\Terminal\2191F4A3D14D7B4B1EBB84F924777883\MQL4\Files\RSI_Advanced_Logs C:\Users\Administrator\AppData\Roaming\MetaQuotes\Terminal\6F841180CC7A5B4E481813CAFF4002B0\MQL4\Files\RSI_Advanced_Logs...
2026-07-20 22:24:06,311 [INFO]   train: ============================================================
2026-07-20 22:24:06,311 [INFO]   train: Training model: BTCUSD_D1
2026-07-20 22:24:06,311 [INFO]   train: ============================================================
2026-07-20 22:24:06,311 [INFO]   train: Loading CSVs from 5 director(ies)
2026-07-20 22:24:06,311 [INFO]   train: Filter: symbol=BTCUSD
2026-07-20 22:24:06,311 [INFO]   train: Filter: tf=D1
2026-07-20 22:24:06,311 [INFO]   train: Signals: 66 rows
2026-07-20 22:24:06,311 [INFO]   train: Scoring: 2 rows
2026-07-20 22:24:06,312 [INFO]   train: Outcomes: 66 rows
2026-07-20 22:24:06,312 [INFO]   train: Resolved outcomes: 0
2026-07-20 22:24:06,312 [INFO]   train: Merged (joined): 0 rows
2026-07-20 22:24:06,312 [INFO]   train: SKIP: Only 0 resolved signals for BTCUSD_D1. Need 150.
2026-07-20 22:24:06,312 [INFO]   train: {
2026-07-20 22:24:06,312 [INFO]   train: "symbol": "BTCUSD",
2026-07-20 22:24:06,312 [INFO]   train: "tf": "D1",
2026-07-20 22:24:06,312 [INFO]   train: "status": "skip",
2026-07-20 22:24:06,312 [INFO]   train: "signals": 0,
2026-07-20 22:24:06,312 [INFO]   train: "message": "Only 0 resolved signals for BTCUSD_D1. Need 150."
2026-07-20 22:24:06,312 [INFO]   train: }
2026-07-20 22:24:06,312 [INFO]   BTCUSD_D1: PASS Brier=?, AUC=?
2026-07-20 22:24:06,312 [INFO]   BTCUSD_H1: will train — forced
2026-07-20 22:24:06,312 [INFO] Training BTCUSD H1...
2026-07-20 22:24:06,312 [DEBUG] Command: C:\Users\Administrator\AppData\Local\Programs\Python\Python314\python.exe D:\Thanh\Forex\RSI_Advanced\tools\rsi_xgboost_train.py --data-dir C:\Users\Administrator\AppData\Roaming\MetaQuotes\Terminal\3773AE10556A00F3D812544D7EDDAB90\MQL4\Files\RSI_Advanced_Logs C:\Users\Administrator\AppData\Roaming\MetaQuotes\Terminal\2191F4A3D14D7B4B1EBB84F924777883\MQL4\Files\RSI_Advanced_Logs C:\Users\Administrator\AppData\Roaming\MetaQuotes\Terminal\6F841180CC7A5B4E481813CAFF4002B0\MQL4\Files\RSI_Advanced_Logs...
2026-07-20 22:24:08,396 [INFO]   train: ============================================================
2026-07-20 22:24:08,397 [INFO]   train: Training model: BTCUSD_H1
2026-07-20 22:24:08,397 [INFO]   train: ============================================================
2026-07-20 22:24:08,397 [INFO]   train: Loading CSVs from 5 director(ies)
2026-07-20 22:24:08,397 [INFO]   train: Filter: symbol=BTCUSD
2026-07-20 22:24:08,397 [INFO]   train: Filter: tf=H1
2026-07-20 22:24:08,397 [INFO]   train: Signals: 458 rows
2026-07-20 22:24:08,397 [INFO]   train: Scoring: 245 rows
2026-07-20 22:24:08,397 [INFO]   train: Outcomes: 673 rows
2026-07-20 22:24:08,397 [INFO]   train: Resolved outcomes: 131
2026-07-20 22:24:08,397 [INFO]   train: Merged (joined): 131 rows
2026-07-20 22:24:08,397 [INFO]   train: SKIP: Only 131 resolved signals for BTCUSD_H1. Need 150.
2026-07-20 22:24:08,397 [INFO]   train: {
2026-07-20 22:24:08,397 [INFO]   train: "symbol": "BTCUSD",
2026-07-20 22:24:08,398 [INFO]   train: "tf": "H1",
2026-07-20 22:24:08,398 [INFO]   train: "status": "skip",
2026-07-20 22:24:08,398 [INFO]   train: "signals": 131,
2026-07-20 22:24:08,398 [INFO]   train: "message": "Only 131 resolved signals for BTCUSD_H1. Need 150."
2026-07-20 22:24:08,398 [INFO]   train: }
2026-07-20 22:24:08,398 [INFO]   BTCUSD_H1: PASS Brier=?, AUC=?
2026-07-20 22:24:08,398 [INFO]   BTCUSD_H4: will train — forced
2026-07-20 22:24:08,398 [INFO] Training BTCUSD H4...
2026-07-20 22:24:08,398 [DEBUG] Command: C:\Users\Administrator\AppData\Local\Programs\Python\Python314\python.exe D:\Thanh\Forex\RSI_Advanced\tools\rsi_xgboost_train.py --data-dir C:\Users\Administrator\AppData\Roaming\MetaQuotes\Terminal\3773AE10556A00F3D812544D7EDDAB90\MQL4\Files\RSI_Advanced_Logs C:\Users\Administrator\AppData\Roaming\MetaQuotes\Terminal\2191F4A3D14D7B4B1EBB84F924777883\MQL4\Files\RSI_Advanced_Logs C:\Users\Administrator\AppData\Roaming\MetaQuotes\Terminal\6F841180CC7A5B4E481813CAFF4002B0\MQL4\Files\RSI_Advanced_Logs...
2026-07-20 22:24:10,509 [INFO]   train: ============================================================
2026-07-20 22:24:10,509 [INFO]   train: Training model: BTCUSD_H4
2026-07-20 22:24:10,509 [INFO]   train: ============================================================
2026-07-20 22:24:10,509 [INFO]   train: Loading CSVs from 5 director(ies)
2026-07-20 22:24:10,509 [INFO]   train: Filter: symbol=BTCUSD
2026-07-20 22:24:10,509 [INFO]   train: Filter: tf=H4
2026-07-20 22:24:10,509 [INFO]   train: Signals: 82 rows
2026-07-20 22:24:10,509 [INFO]   train: Scoring: 2 rows
2026-07-20 22:24:10,509 [INFO]   train: Outcomes: 82 rows
2026-07-20 22:24:10,509 [INFO]   train: Resolved outcomes: 0
2026-07-20 22:24:10,509 [INFO]   train: Merged (joined): 0 rows
2026-07-20 22:24:10,509 [INFO]   train: SKIP: Only 0 resolved signals for BTCUSD_H4. Need 150.
2026-07-20 22:24:10,509 [INFO]   train: {
2026-07-20 22:24:10,509 [INFO]   train: "symbol": "BTCUSD",
2026-07-20 22:24:10,509 [INFO]   train: "tf": "H4",
2026-07-20 22:24:10,510 [INFO]   train: "status": "skip",
2026-07-20 22:24:10,510 [INFO]   train: "signals": 0,
2026-07-20 22:24:10,510 [INFO]   train: "message": "Only 0 resolved signals for BTCUSD_H4. Need 150."
2026-07-20 22:24:10,510 [INFO]   train: }
2026-07-20 22:24:10,510 [INFO]   BTCUSD_H4: PASS Brier=?, AUC=?
2026-07-20 22:24:10,510 [INFO]   BTCUSD_M15: will train — forced
2026-07-20 22:24:10,510 [INFO] Training BTCUSD M15...
2026-07-20 22:24:10,510 [DEBUG] Command: C:\Users\Administrator\AppData\Local\Programs\Python\Python314\python.exe D:\Thanh\Forex\RSI_Advanced\tools\rsi_xgboost_train.py --data-dir C:\Users\Administrator\AppData\Roaming\MetaQuotes\Terminal\3773AE10556A00F3D812544D7EDDAB90\MQL4\Files\RSI_Advanced_Logs C:\Users\Administrator\AppData\Roaming\MetaQuotes\Terminal\2191F4A3D14D7B4B1EBB84F924777883\MQL4\Files\RSI_Advanced_Logs C:\Users\Administrator\AppData\Roaming\MetaQuotes\Terminal\6F841180CC7A5B4E481813CAFF4002B0\MQL4\Files\RSI_Advanced_Logs...
2026-07-20 22:24:12,516 [INFO]   train: ============================================================
2026-07-20 22:24:12,516 [INFO]   train: Training model: BTCUSD_M15
2026-07-20 22:24:12,516 [INFO]   train: ============================================================
2026-07-20 22:24:12,517 [INFO]   train: Loading CSVs from 5 director(ies)
2026-07-20 22:24:12,517 [INFO]   train: Filter: symbol=BTCUSD
2026-07-20 22:24:12,517 [INFO]   train: Filter: tf=M15
2026-07-20 22:24:12,517 [INFO]   train: Signals: 33 rows
2026-07-20 22:24:12,517 [INFO]   train: Scoring: 130 rows
2026-07-20 22:24:12,517 [INFO]   train: Outcomes: 51 rows
2026-07-20 22:24:12,517 [INFO]   train: Resolved outcomes: 17
2026-07-20 22:24:12,517 [INFO]   train: Merged (joined): 17 rows
2026-07-20 22:24:12,517 [INFO]   train: SKIP: Only 17 resolved signals for BTCUSD_M15. Need 150.
2026-07-20 22:24:12,517 [INFO]   train: {
2026-07-20 22:24:12,517 [INFO]   train: "symbol": "BTCUSD",
2026-07-20 22:24:12,517 [INFO]   train: "tf": "M15",
2026-07-20 22:24:12,517 [INFO]   train: "status": "skip",
2026-07-20 22:24:12,517 [INFO]   train: "signals": 17,
2026-07-20 22:24:12,517 [INFO]   train: "message": "Only 17 resolved signals for BTCUSD_M15. Need 150."
2026-07-20 22:24:12,517 [INFO]   train: }
2026-07-20 22:24:12,517 [INFO]   BTCUSD_M15: PASS Brier=?, AUC=?
2026-07-20 22:24:12,517 [INFO]   BTCUSD_M30: will train — forced
2026-07-20 22:24:12,517 [INFO] Training BTCUSD M30...
2026-07-20 22:24:12,517 [DEBUG] Command: C:\Users\Administrator\AppData\Local\Programs\Python\Python314\python.exe D:\Thanh\Forex\RSI_Advanced\tools\rsi_xgboost_train.py --data-dir C:\Users\Administrator\AppData\Roaming\MetaQuotes\Terminal\3773AE10556A00F3D812544D7EDDAB90\MQL4\Files\RSI_Advanced_Logs C:\Users\Administrator\AppData\Roaming\MetaQuotes\Terminal\2191F4A3D14D7B4B1EBB84F924777883\MQL4\Files\RSI_Advanced_Logs C:\Users\Administrator\AppData\Roaming\MetaQuotes\Terminal\6F841180CC7A5B4E481813CAFF4002B0\MQL4\Files\RSI_Advanced_Logs...
2026-07-20 22:24:14,595 [INFO]   train: ============================================================
2026-07-20 22:24:14,595 [INFO]   train: Training model: BTCUSD_M30
2026-07-20 22:24:14,595 [INFO]   train: ============================================================
2026-07-20 22:24:14,595 [INFO]   train: Loading CSVs from 5 director(ies)
2026-07-20 22:24:14,595 [INFO]   train: Filter: symbol=BTCUSD
2026-07-20 22:24:14,595 [INFO]   train: Filter: tf=M30
2026-07-20 22:24:14,595 [INFO]   train: Signals: 9591 rows
2026-07-20 22:24:14,595 [INFO]   train: Scoring: 6 rows
2026-07-20 22:24:14,595 [INFO]   train: Outcomes: 9643 rows
2026-07-20 22:24:14,595 [INFO]   train: Resolved outcomes: 50
2026-07-20 22:24:14,595 [INFO]   train: Merged (joined): 50 rows
2026-07-20 22:24:14,595 [INFO]   train: SKIP: Only 50 resolved signals for BTCUSD_M30. Need 150.
2026-07-20 22:24:14,595 [INFO]   train: {
2026-07-20 22:24:14,596 [INFO]   train: "symbol": "BTCUSD",
2026-07-20 22:24:14,596 [INFO]   train: "tf": "M30",
2026-07-20 22:24:14,596 [INFO]   train: "status": "skip",
2026-07-20 22:24:14,596 [INFO]   train: "signals": 50,
2026-07-20 22:24:14,596 [INFO]   train: "message": "Only 50 resolved signals for BTCUSD_M30. Need 150."
2026-07-20 22:24:14,596 [INFO]   train: }
2026-07-20 22:24:14,596 [INFO]   BTCUSD_M30: PASS Brier=?, AUC=?
2026-07-20 22:24:14,596 [INFO]   BTCUSD_M5: will train — forced
2026-07-20 22:24:14,596 [INFO] Training BTCUSD M5...
2026-07-20 22:24:14,596 [DEBUG] Command: C:\Users\Administrator\AppData\Local\Programs\Python\Python314\python.exe D:\Thanh\Forex\RSI_Advanced\tools\rsi_xgboost_train.py --data-dir C:\Users\Administrator\AppData\Roaming\MetaQuotes\Terminal\3773AE10556A00F3D812544D7EDDAB90\MQL4\Files\RSI_Advanced_Logs C:\Users\Administrator\AppData\Roaming\MetaQuotes\Terminal\2191F4A3D14D7B4B1EBB84F924777883\MQL4\Files\RSI_Advanced_Logs C:\Users\Administrator\AppData\Roaming\MetaQuotes\Terminal\6F841180CC7A5B4E481813CAFF4002B0\MQL4\Files\RSI_Advanced_Logs...
2026-07-20 22:24:17,024 [INFO]   train: TIME_IN_SESSION_MIN       0.0670
2026-07-20 22:24:17,024 [INFO]   train: SESSION_ENC               0.0639
2026-07-20 22:24:17,024 [INFO]   train: MTF_AGREE_PCT             0.0617
2026-07-20 22:24:17,024 [INFO]   train: ANGLE_Z                   0.0584
2026-07-20 22:24:17,024 [INFO]   train: RSI_AT_SIGNAL             0.0583
2026-07-20 22:24:17,024 [INFO]   train: MTF_H4_TREND              0.0572
2026-07-20 22:24:17,024 [INFO]   train: PASS: OOS Brier 0.2313 < 0.25
2026-07-20 22:24:17,024 [INFO]   train: FAIL: OOS AUC 0.5283 <= 0.55 (minimal discrimination)
2026-07-20 22:24:17,024 [INFO]   train: WARN: Calibration curve not monotonic (may be noise with small data)
2026-07-20 22:24:17,024 [INFO]   train: Saved calibration plot: D:\Thanh\Forex\RSI_Advanced\tools\xgb_calibration_BTCUSD_M5.png
2026-07-20 22:24:17,024 [INFO]   train: {
2026-07-20 22:24:17,024 [INFO]   train: "symbol": "BTCUSD",
2026-07-20 22:24:17,025 [INFO]   train: "tf": "M5",
2026-07-20 22:24:17,025 [INFO]   train: "status": "fail",
2026-07-20 22:24:17,025 [INFO]   train: "signals": 392,
2026-07-20 22:24:17,025 [INFO]   train: "brier": 0.2313,
2026-07-20 22:24:17,025 [INFO]   train: "auc": 0.5283,
2026-07-20 22:24:17,025 [INFO]   train: "message": "Validation failed"
2026-07-20 22:24:17,025 [INFO]   train: }
2026-07-20 22:24:17,025 [INFO]   BTCUSD_M5: FAIL Brier=? — validation failed
2026-07-20 22:24:17,025 [INFO]   EURUSDc_D1: will train — forced
2026-07-20 22:24:17,025 [INFO] Training EURUSDc D1...
2026-07-20 22:24:17,025 [DEBUG] Command: C:\Users\Administrator\AppData\Local\Programs\Python\Python314\python.exe D:\Thanh\Forex\RSI_Advanced\tools\rsi_xgboost_train.py --data-dir C:\Users\Administrator\AppData\Roaming\MetaQuotes\Terminal\3773AE10556A00F3D812544D7EDDAB90\MQL4\Files\RSI_Advanced_Logs C:\Users\Administrator\AppData\Roaming\MetaQuotes\Terminal\2191F4A3D14D7B4B1EBB84F924777883\MQL4\Files\RSI_Advanced_Logs C:\Users\Administrator\AppData\Roaming\MetaQuotes\Terminal\6F841180CC7A5B4E481813CAFF4002B0\MQL4\Files\RSI_Advanced_Logs...
2026-07-20 22:24:19,061 [INFO]   train: ============================================================
2026-07-20 22:24:19,061 [INFO]   train: Training model: EURUSDc_D1
2026-07-20 22:24:19,061 [INFO]   train: ============================================================
2026-07-20 22:24:19,061 [INFO]   train: Loading CSVs from 5 director(ies)
2026-07-20 22:24:19,061 [INFO]   train: Filter: symbol=EURUSDc
2026-07-20 22:24:19,061 [INFO]   train: Filter: tf=D1
2026-07-20 22:24:19,061 [INFO]   train: Signals: 65 rows
2026-07-20 22:24:19,062 [INFO]   train: Scoring: 1 rows
2026-07-20 22:24:19,062 [INFO]   train: Outcomes: 108 rows
2026-07-20 22:24:19,062 [INFO]   train: Resolved outcomes: 41
2026-07-20 22:24:19,062 [INFO]   train: Merged (joined): 41 rows
2026-07-20 22:24:19,062 [INFO]   train: SKIP: Only 41 resolved signals for EURUSDc_D1. Need 150.
2026-07-20 22:24:19,062 [INFO]   train: {
2026-07-20 22:24:19,062 [INFO]   train: "symbol": "EURUSDc",
2026-07-20 22:24:19,062 [INFO]   train: "tf": "D1",
2026-07-20 22:24:19,062 [INFO]   train: "status": "skip",
2026-07-20 22:24:19,062 [INFO]   train: "signals": 41,
2026-07-20 22:24:19,062 [INFO]   train: "message": "Only 41 resolved signals for EURUSDc_D1. Need 150."
2026-07-20 22:24:19,062 [INFO]   train: }
2026-07-20 22:24:19,062 [INFO]   EURUSDc_D1: PASS Brier=?, AUC=?
2026-07-20 22:24:19,062 [INFO]   EURUSDc_H1: will train — forced
2026-07-20 22:24:19,062 [INFO] Training EURUSDc H1...
2026-07-20 22:24:19,062 [DEBUG] Command: C:\Users\Administrator\AppData\Local\Programs\Python\Python314\python.exe D:\Thanh\Forex\RSI_Advanced\tools\rsi_xgboost_train.py --data-dir C:\Users\Administrator\AppData\Roaming\MetaQuotes\Terminal\3773AE10556A00F3D812544D7EDDAB90\MQL4\Files\RSI_Advanced_Logs C:\Users\Administrator\AppData\Roaming\MetaQuotes\Terminal\2191F4A3D14D7B4B1EBB84F924777883\MQL4\Files\RSI_Advanced_Logs C:\Users\Administrator\AppData\Roaming\MetaQuotes\Terminal\6F841180CC7A5B4E481813CAFF4002B0\MQL4\Files\RSI_Advanced_Logs...
2026-07-20 22:24:21,091 [INFO]   train: ============================================================
2026-07-20 22:24:21,092 [INFO]   train: Training model: EURUSDc_H1
2026-07-20 22:24:21,092 [INFO]   train: ============================================================
2026-07-20 22:24:21,092 [INFO]   train: Loading CSVs from 5 director(ies)
2026-07-20 22:24:21,092 [INFO]   train: Filter: symbol=EURUSDc
2026-07-20 22:24:21,092 [INFO]   train: Filter: tf=H1
2026-07-20 22:24:21,092 [INFO]   train: Signals: 87 rows
2026-07-20 22:24:21,092 [INFO]   train: Scoring: 138 rows
2026-07-20 22:24:21,092 [INFO]   train: Outcomes: 157 rows
2026-07-20 22:24:21,092 [INFO]   train: Resolved outcomes: 66
2026-07-20 22:24:21,092 [INFO]   train: Merged (joined): 66 rows
2026-07-20 22:24:21,092 [INFO]   train: SKIP: Only 66 resolved signals for EURUSDc_H1. Need 150.
2026-07-20 22:24:21,092 [INFO]   train: {
2026-07-20 22:24:21,092 [INFO]   train: "symbol": "EURUSDc",
2026-07-20 22:24:21,092 [INFO]   train: "tf": "H1",
2026-07-20 22:24:21,092 [INFO]   train: "status": "skip",
2026-07-20 22:24:21,092 [INFO]   train: "signals": 66,
2026-07-20 22:24:21,092 [INFO]   train: "message": "Only 66 resolved signals for EURUSDc_H1. Need 150."
2026-07-20 22:24:21,092 [INFO]   train: }
2026-07-20 22:24:21,092 [INFO]   EURUSDc_H1: PASS Brier=?, AUC=?
2026-07-20 22:24:21,092 [INFO]   EURUSDc_H4: will train — forced
2026-07-20 22:24:21,092 [INFO] Training EURUSDc H4...
2026-07-20 22:24:21,092 [DEBUG] Command: C:\Users\Administrator\AppData\Local\Programs\Python\Python314\python.exe D:\Thanh\Forex\RSI_Advanced\tools\rsi_xgboost_train.py --data-dir C:\Users\Administrator\AppData\Roaming\MetaQuotes\Terminal\3773AE10556A00F3D812544D7EDDAB90\MQL4\Files\RSI_Advanced_Logs C:\Users\Administrator\AppData\Roaming\MetaQuotes\Terminal\2191F4A3D14D7B4B1EBB84F924777883\MQL4\Files\RSI_Advanced_Logs C:\Users\Administrator\AppData\Roaming\MetaQuotes\Terminal\6F841180CC7A5B4E481813CAFF4002B0\MQL4\Files\RSI_Advanced_Logs...
2026-07-20 22:24:23,104 [INFO]   train: ============================================================
2026-07-20 22:24:23,104 [INFO]   train: Training model: EURUSDc_H4
2026-07-20 22:24:23,104 [INFO]   train: ============================================================
2026-07-20 22:24:23,104 [INFO]   train: Loading CSVs from 5 director(ies)
2026-07-20 22:24:23,104 [INFO]   train: Filter: symbol=EURUSDc
2026-07-20 22:24:23,104 [INFO]   train: Filter: tf=H4
2026-07-20 22:24:23,104 [INFO]   train: Signals: 103 rows
2026-07-20 22:24:23,105 [INFO]   train: Scoring: 16 rows
2026-07-20 22:24:23,105 [INFO]   train: Outcomes: 201 rows
2026-07-20 22:24:23,105 [INFO]   train: Resolved outcomes: 98
2026-07-20 22:24:23,105 [INFO]   train: Merged (joined): 98 rows
2026-07-20 22:24:23,105 [INFO]   train: SKIP: Only 98 resolved signals for EURUSDc_H4. Need 150.
2026-07-20 22:24:23,105 [INFO]   train: {
2026-07-20 22:24:23,105 [INFO]   train: "symbol": "EURUSDc",
2026-07-20 22:24:23,105 [INFO]   train: "tf": "H4",
2026-07-20 22:24:23,105 [INFO]   train: "status": "skip",
2026-07-20 22:24:23,105 [INFO]   train: "signals": 98,
2026-07-20 22:24:23,105 [INFO]   train: "message": "Only 98 resolved signals for EURUSDc_H4. Need 150."
2026-07-20 22:24:23,105 [INFO]   train: }
2026-07-20 22:24:23,105 [INFO]   EURUSDc_H4: PASS Brier=?, AUC=?
2026-07-20 22:24:23,105 [INFO]   EURUSDc_M15: will train — forced
2026-07-20 22:24:23,105 [INFO] Training EURUSDc M15...
2026-07-20 22:24:23,105 [DEBUG] Command: C:\Users\Administrator\AppData\Local\Programs\Python\Python314\python.exe D:\Thanh\Forex\RSI_Advanced\tools\rsi_xgboost_train.py --data-dir C:\Users\Administrator\AppData\Roaming\MetaQuotes\Terminal\3773AE10556A00F3D812544D7EDDAB90\MQL4\Files\RSI_Advanced_Logs C:\Users\Administrator\AppData\Roaming\MetaQuotes\Terminal\2191F4A3D14D7B4B1EBB84F924777883\MQL4\Files\RSI_Advanced_Logs C:\Users\Administrator\AppData\Roaming\MetaQuotes\Terminal\6F841180CC7A5B4E481813CAFF4002B0\MQL4\Files\RSI_Advanced_Logs...
2026-07-20 22:24:25,136 [INFO]   train: ============================================================
2026-07-20 22:24:25,136 [INFO]   train: Training model: EURUSDc_M15
2026-07-20 22:24:25,136 [INFO]   train: ============================================================
2026-07-20 22:24:25,137 [INFO]   train: Loading CSVs from 5 director(ies)
2026-07-20 22:24:25,137 [INFO]   train: Filter: symbol=EURUSDc
2026-07-20 22:24:25,137 [INFO]   train: Filter: tf=M15
2026-07-20 22:24:25,137 [INFO]   train: Signals: 99 rows
2026-07-20 22:24:25,137 [INFO]   train: Scoring: 1 rows
2026-07-20 22:24:25,137 [INFO]   train: Outcomes: 99 rows
2026-07-20 22:24:25,137 [INFO]   train: Resolved outcomes: 0
2026-07-20 22:24:25,137 [INFO]   train: Merged (joined): 0 rows
2026-07-20 22:24:25,137 [INFO]   train: SKIP: Only 0 resolved signals for EURUSDc_M15. Need 150.
2026-07-20 22:24:25,137 [INFO]   train: {
2026-07-20 22:24:25,137 [INFO]   train: "symbol": "EURUSDc",
2026-07-20 22:24:25,137 [INFO]   train: "tf": "M15",
2026-07-20 22:24:25,137 [INFO]   train: "status": "skip",
2026-07-20 22:24:25,137 [INFO]   train: "signals": 0,
2026-07-20 22:24:25,137 [INFO]   train: "message": "Only 0 resolved signals for EURUSDc_M15. Need 150."
2026-07-20 22:24:25,137 [INFO]   train: }
2026-07-20 22:24:25,137 [INFO]   EURUSDc_M15: PASS Brier=?, AUC=?
2026-07-20 22:24:25,137 [INFO]   EURUSDc_M30: will train — forced
2026-07-20 22:24:25,137 [INFO] Training EURUSDc M30...
2026-07-20 22:24:25,137 [DEBUG] Command: C:\Users\Administrator\AppData\Local\Programs\Python\Python314\python.exe D:\Thanh\Forex\RSI_Advanced\tools\rsi_xgboost_train.py --data-dir C:\Users\Administrator\AppData\Roaming\MetaQuotes\Terminal\3773AE10556A00F3D812544D7EDDAB90\MQL4\Files\RSI_Advanced_Logs C:\Users\Administrator\AppData\Roaming\MetaQuotes\Terminal\2191F4A3D14D7B4B1EBB84F924777883\MQL4\Files\RSI_Advanced_Logs C:\Users\Administrator\AppData\Roaming\MetaQuotes\Terminal\6F841180CC7A5B4E481813CAFF4002B0\MQL4\Files\RSI_Advanced_Logs...
2026-07-20 22:24:27,162 [INFO]   train: ============================================================
2026-07-20 22:24:27,162 [INFO]   train: Training model: EURUSDc_M30
2026-07-20 22:24:27,162 [INFO]   train: ============================================================
2026-07-20 22:24:27,162 [INFO]   train: Loading CSVs from 5 director(ies)
2026-07-20 22:24:27,162 [INFO]   train: Filter: symbol=EURUSDc
2026-07-20 22:24:27,162 [INFO]   train: Filter: tf=M30
2026-07-20 22:24:27,163 [INFO]   train: Signals: 124 rows
2026-07-20 22:24:27,163 [INFO]   train: Scoring: 1 rows
2026-07-20 22:24:27,163 [INFO]   train: Outcomes: 124 rows
2026-07-20 22:24:27,163 [INFO]   train: Resolved outcomes: 0
2026-07-20 22:24:27,163 [INFO]   train: Merged (joined): 0 rows
2026-07-20 22:24:27,163 [INFO]   train: SKIP: Only 0 resolved signals for EURUSDc_M30. Need 150.
2026-07-20 22:24:27,163 [INFO]   train: {
2026-07-20 22:24:27,163 [INFO]   train: "symbol": "EURUSDc",
2026-07-20 22:24:27,163 [INFO]   train: "tf": "M30",
2026-07-20 22:24:27,163 [INFO]   train: "status": "skip",
2026-07-20 22:24:27,163 [INFO]   train: "signals": 0,
2026-07-20 22:24:27,163 [INFO]   train: "message": "Only 0 resolved signals for EURUSDc_M30. Need 150."
2026-07-20 22:24:27,163 [INFO]   train: }
2026-07-20 22:24:27,163 [INFO]   EURUSDc_M30: PASS Brier=?, AUC=?
2026-07-20 22:24:27,163 [INFO]   XAUUSD_D1: will train — forced
2026-07-20 22:24:27,163 [INFO] Training XAUUSD D1...
2026-07-20 22:24:27,163 [DEBUG] Command: C:\Users\Administrator\AppData\Local\Programs\Python\Python314\python.exe D:\Thanh\Forex\RSI_Advanced\tools\rsi_xgboost_train.py --data-dir C:\Users\Administrator\AppData\Roaming\MetaQuotes\Terminal\3773AE10556A00F3D812544D7EDDAB90\MQL4\Files\RSI_Advanced_Logs C:\Users\Administrator\AppData\Roaming\MetaQuotes\Terminal\2191F4A3D14D7B4B1EBB84F924777883\MQL4\Files\RSI_Advanced_Logs C:\Users\Administrator\AppData\Roaming\MetaQuotes\Terminal\6F841180CC7A5B4E481813CAFF4002B0\MQL4\Files\RSI_Advanced_Logs...
2026-07-20 22:24:29,215 [INFO]   train: ============================================================
2026-07-20 22:24:29,215 [INFO]   train: Training model: XAUUSD_D1
2026-07-20 22:24:29,215 [INFO]   train: ============================================================
2026-07-20 22:24:29,215 [INFO]   train: Loading CSVs from 5 director(ies)
2026-07-20 22:24:29,215 [INFO]   train: Filter: symbol=XAUUSD
2026-07-20 22:24:29,215 [INFO]   train: Filter: tf=D1
2026-07-20 22:24:29,215 [INFO]   train: Signals: 133 rows
2026-07-20 22:24:29,215 [INFO]   train: Scoring: 2 rows
2026-07-20 22:24:29,215 [INFO]   train: Outcomes: 177 rows
2026-07-20 22:24:29,215 [INFO]   train: Resolved outcomes: 41
2026-07-20 22:24:29,215 [INFO]   train: Merged (joined): 41 rows
2026-07-20 22:24:29,215 [INFO]   train: SKIP: Only 41 resolved signals for XAUUSD_D1. Need 150.
2026-07-20 22:24:29,215 [INFO]   train: {
2026-07-20 22:24:29,215 [INFO]   train: "symbol": "XAUUSD",
2026-07-20 22:24:29,215 [INFO]   train: "tf": "D1",
2026-07-20 22:24:29,215 [INFO]   train: "status": "skip",
2026-07-20 22:24:29,215 [INFO]   train: "signals": 41,
2026-07-20 22:24:29,215 [INFO]   train: "message": "Only 41 resolved signals for XAUUSD_D1. Need 150."
2026-07-20 22:24:29,215 [INFO]   train: }
2026-07-20 22:24:29,215 [INFO]   XAUUSD_D1: PASS Brier=?, AUC=?
2026-07-20 22:24:29,215 [INFO]   XAUUSD_H1: will train — forced
2026-07-20 22:24:29,216 [INFO] Training XAUUSD H1...
2026-07-20 22:24:29,216 [DEBUG] Command: C:\Users\Administrator\AppData\Local\Programs\Python\Python314\python.exe D:\Thanh\Forex\RSI_Advanced\tools\rsi_xgboost_train.py --data-dir C:\Users\Administrator\AppData\Roaming\MetaQuotes\Terminal\3773AE10556A00F3D812544D7EDDAB90\MQL4\Files\RSI_Advanced_Logs C:\Users\Administrator\AppData\Roaming\MetaQuotes\Terminal\2191F4A3D14D7B4B1EBB84F924777883\MQL4\Files\RSI_Advanced_Logs C:\Users\Administrator\AppData\Roaming\MetaQuotes\Terminal\6F841180CC7A5B4E481813CAFF4002B0\MQL4\Files\RSI_Advanced_Logs...
2026-07-20 22:24:31,254 [INFO]   train: ============================================================
2026-07-20 22:24:31,254 [INFO]   train: Training model: XAUUSD_H1
2026-07-20 22:24:31,254 [INFO]   train: ============================================================
2026-07-20 22:24:31,254 [INFO]   train: Loading CSVs from 5 director(ies)
2026-07-20 22:24:31,254 [INFO]   train: Filter: symbol=XAUUSD
2026-07-20 22:24:31,254 [INFO]   train: Filter: tf=H1
2026-07-20 22:24:31,254 [INFO]   train: Signals: 515 rows
2026-07-20 22:24:31,254 [INFO]   train: Scoring: 269 rows
2026-07-20 22:24:31,254 [INFO]   train: Outcomes: 578 rows
2026-07-20 22:24:31,254 [INFO]   train: Resolved outcomes: 40
2026-07-20 22:24:31,254 [INFO]   train: Merged (joined): 40 rows
2026-07-20 22:24:31,254 [INFO]   train: SKIP: Only 40 resolved signals for XAUUSD_H1. Need 150.
2026-07-20 22:24:31,254 [INFO]   train: {
2026-07-20 22:24:31,254 [INFO]   train: "symbol": "XAUUSD",
2026-07-20 22:24:31,255 [INFO]   train: "tf": "H1",
2026-07-20 22:24:31,255 [INFO]   train: "status": "skip",
2026-07-20 22:24:31,255 [INFO]   train: "signals": 40,
2026-07-20 22:24:31,255 [INFO]   train: "message": "Only 40 resolved signals for XAUUSD_H1. Need 150."
2026-07-20 22:24:31,255 [INFO]   train: }
2026-07-20 22:24:31,255 [INFO]   XAUUSD_H1: PASS Brier=?, AUC=?
2026-07-20 22:24:31,255 [INFO]   XAUUSD_H4: will train — forced
2026-07-20 22:24:31,255 [INFO] Training XAUUSD H4...
2026-07-20 22:24:31,255 [DEBUG] Command: C:\Users\Administrator\AppData\Local\Programs\Python\Python314\python.exe D:\Thanh\Forex\RSI_Advanced\tools\rsi_xgboost_train.py --data-dir C:\Users\Administrator\AppData\Roaming\MetaQuotes\Terminal\3773AE10556A00F3D812544D7EDDAB90\MQL4\Files\RSI_Advanced_Logs C:\Users\Administrator\AppData\Roaming\MetaQuotes\Terminal\2191F4A3D14D7B4B1EBB84F924777883\MQL4\Files\RSI_Advanced_Logs C:\Users\Administrator\AppData\Roaming\MetaQuotes\Terminal\6F841180CC7A5B4E481813CAFF4002B0\MQL4\Files\RSI_Advanced_Logs...
2026-07-20 22:24:33,248 [INFO]   train: ============================================================
2026-07-20 22:24:33,248 [INFO]   train: Training model: XAUUSD_H4
2026-07-20 22:24:33,248 [INFO]   train: ============================================================
2026-07-20 22:24:33,248 [INFO]   train: Loading CSVs from 5 director(ies)
2026-07-20 22:24:33,248 [INFO]   train: Filter: symbol=XAUUSD
2026-07-20 22:24:33,248 [INFO]   train: Filter: tf=H4
2026-07-20 22:24:33,248 [INFO]   train: Signals: 124 rows
2026-07-20 22:24:33,248 [INFO]   train: Scoring: 74 rows
2026-07-20 22:24:33,248 [INFO]   train: Outcomes: 203 rows
2026-07-20 22:24:33,248 [INFO]   train: Resolved outcomes: 79
2026-07-20 22:24:33,248 [INFO]   train: Merged (joined): 79 rows
2026-07-20 22:24:33,249 [INFO]   train: SKIP: Only 79 resolved signals for XAUUSD_H4. Need 150.
2026-07-20 22:24:33,249 [INFO]   train: {
2026-07-20 22:24:33,249 [INFO]   train: "symbol": "XAUUSD",
2026-07-20 22:24:33,249 [INFO]   train: "tf": "H4",
2026-07-20 22:24:33,249 [INFO]   train: "status": "skip",
2026-07-20 22:24:33,249 [INFO]   train: "signals": 79,
2026-07-20 22:24:33,249 [INFO]   train: "message": "Only 79 resolved signals for XAUUSD_H4. Need 150."
2026-07-20 22:24:33,249 [INFO]   train: }
2026-07-20 22:24:33,249 [INFO]   XAUUSD_H4: PASS Brier=?, AUC=?
2026-07-20 22:24:33,249 [INFO]   XAUUSD_M15: will train — forced
2026-07-20 22:24:33,249 [INFO] Training XAUUSD M15...
2026-07-20 22:24:33,249 [DEBUG] Command: C:\Users\Administrator\AppData\Local\Programs\Python\Python314\python.exe D:\Thanh\Forex\RSI_Advanced\tools\rsi_xgboost_train.py --data-dir C:\Users\Administrator\AppData\Roaming\MetaQuotes\Terminal\3773AE10556A00F3D812544D7EDDAB90\MQL4\Files\RSI_Advanced_Logs C:\Users\Administrator\AppData\Roaming\MetaQuotes\Terminal\2191F4A3D14D7B4B1EBB84F924777883\MQL4\Files\RSI_Advanced_Logs C:\Users\Administrator\AppData\Roaming\MetaQuotes\Terminal\6F841180CC7A5B4E481813CAFF4002B0\MQL4\Files\RSI_Advanced_Logs...
2026-07-20 22:24:35,296 [INFO]   train: ============================================================
2026-07-20 22:24:35,296 [INFO]   train: Training model: XAUUSD_M15
2026-07-20 22:24:35,296 [INFO]   train: ============================================================
2026-07-20 22:24:35,296 [INFO]   train: Loading CSVs from 5 director(ies)
2026-07-20 22:24:35,296 [INFO]   train: Filter: symbol=XAUUSD
2026-07-20 22:24:35,297 [INFO]   train: Filter: tf=M15
2026-07-20 22:24:35,297 [INFO]   train: Signals: 393 rows
2026-07-20 22:24:35,297 [INFO]   train: Scoring: 882 rows
2026-07-20 22:24:35,297 [INFO]   train: Outcomes: 556 rows
2026-07-20 22:24:35,297 [INFO]   train: Resolved outcomes: 148
2026-07-20 22:24:35,297 [INFO]   train: Merged (joined): 148 rows
2026-07-20 22:24:35,297 [INFO]   train: SKIP: Only 148 resolved signals for XAUUSD_M15. Need 150.
2026-07-20 22:24:35,297 [INFO]   train: {
2026-07-20 22:24:35,297 [INFO]   train: "symbol": "XAUUSD",
2026-07-20 22:24:35,297 [INFO]   train: "tf": "M15",
2026-07-20 22:24:35,297 [INFO]   train: "status": "skip",
2026-07-20 22:24:35,297 [INFO]   train: "signals": 148,
2026-07-20 22:24:35,297 [INFO]   train: "message": "Only 148 resolved signals for XAUUSD_M15. Need 150."
2026-07-20 22:24:35,297 [INFO]   train: }
2026-07-20 22:24:35,297 [INFO]   XAUUSD_M15: PASS Brier=?, AUC=?
2026-07-20 22:24:35,297 [INFO]   XAUUSD_M30: will train — forced
2026-07-20 22:24:35,297 [INFO] Training XAUUSD M30...
2026-07-20 22:24:35,297 [DEBUG] Command: C:\Users\Administrator\AppData\Local\Programs\Python\Python314\python.exe D:\Thanh\Forex\RSI_Advanced\tools\rsi_xgboost_train.py --data-dir C:\Users\Administrator\AppData\Roaming\MetaQuotes\Terminal\3773AE10556A00F3D812544D7EDDAB90\MQL4\Files\RSI_Advanced_Logs C:\Users\Administrator\AppData\Roaming\MetaQuotes\Terminal\2191F4A3D14D7B4B1EBB84F924777883\MQL4\Files\RSI_Advanced_Logs C:\Users\Administrator\AppData\Roaming\MetaQuotes\Terminal\6F841180CC7A5B4E481813CAFF4002B0\MQL4\Files\RSI_Advanced_Logs...
2026-07-20 22:24:37,325 [INFO]   train: ============================================================
2026-07-20 22:24:37,326 [INFO]   train: Training model: XAUUSD_M30
2026-07-20 22:24:37,326 [INFO]   train: ============================================================
2026-07-20 22:24:37,326 [INFO]   train: Loading CSVs from 5 director(ies)
2026-07-20 22:24:37,326 [INFO]   train: Filter: symbol=XAUUSD
2026-07-20 22:24:37,326 [INFO]   train: Filter: tf=M30
2026-07-20 22:24:37,326 [INFO]   train: Signals: 231 rows
2026-07-20 22:24:37,326 [INFO]   train: Scoring: 55 rows
2026-07-20 22:24:37,326 [INFO]   train: Outcomes: 301 rows
2026-07-20 22:24:37,326 [INFO]   train: Resolved outcomes: 70
2026-07-20 22:24:37,326 [INFO]   train: Merged (joined): 70 rows
2026-07-20 22:24:37,326 [INFO]   train: SKIP: Only 70 resolved signals for XAUUSD_M30. Need 150.
2026-07-20 22:24:37,326 [INFO]   train: {
2026-07-20 22:24:37,326 [INFO]   train: "symbol": "XAUUSD",
2026-07-20 22:24:37,326 [INFO]   train: "tf": "M30",
2026-07-20 22:24:37,326 [INFO]   train: "status": "skip",
2026-07-20 22:24:37,326 [INFO]   train: "signals": 70,
2026-07-20 22:24:37,326 [INFO]   train: "message": "Only 70 resolved signals for XAUUSD_M30. Need 150."
2026-07-20 22:24:37,326 [INFO]   train: }
2026-07-20 22:24:37,326 [INFO]   XAUUSD_M30: PASS Brier=?, AUC=?
2026-07-20 22:24:37,326 [INFO]   XAUUSD_M5: will train — forced
2026-07-20 22:24:37,327 [INFO] Training XAUUSD M5...
2026-07-20 22:24:37,327 [DEBUG] Command: C:\Users\Administrator\AppData\Local\Programs\Python\Python314\python.exe D:\Thanh\Forex\RSI_Advanced\tools\rsi_xgboost_train.py --data-dir C:\Users\Administrator\AppData\Roaming\MetaQuotes\Terminal\3773AE10556A00F3D812544D7EDDAB90\MQL4\Files\RSI_Advanced_Logs C:\Users\Administrator\AppData\Roaming\MetaQuotes\Terminal\2191F4A3D14D7B4B1EBB84F924777883\MQL4\Files\RSI_Advanced_Logs C:\Users\Administrator\AppData\Roaming\MetaQuotes\Terminal\6F841180CC7A5B4E481813CAFF4002B0\MQL4\Files\RSI_Advanced_Logs...
2026-07-20 22:24:39,708 [INFO]   train: MTF_AGREE_PCT             0.0790
2026-07-20 22:24:39,708 [INFO]   train: HOUR_SIN                  0.0754
2026-07-20 22:24:39,708 [INFO]   train: TIME_IN_SESSION_MIN       0.0710
2026-07-20 22:24:39,708 [INFO]   train: DOW_SIN                   0.0664
2026-07-20 22:24:39,708 [INFO]   train: ATR_RATIO                 0.0616
2026-07-20 22:24:39,708 [INFO]   train: HOUR_COS                  0.0552
2026-07-20 22:24:39,708 [INFO]   train: FAIL: OOS Brier 0.2691 >= 0.25 (no skill)
2026-07-20 22:24:39,708 [INFO]   train: FAIL: OOS AUC 0.4132 <= 0.55 (minimal discrimination)
2026-07-20 22:24:39,708 [INFO]   train: WARN: Calibration curve not monotonic (may be noise with small data)
2026-07-20 22:24:39,708 [INFO]   train: Saved calibration plot: D:\Thanh\Forex\RSI_Advanced\tools\xgb_calibration_XAUUSD_M5.png
2026-07-20 22:24:39,708 [INFO]   train: {
2026-07-20 22:24:39,708 [INFO]   train: "symbol": "XAUUSD",
2026-07-20 22:24:39,708 [INFO]   train: "tf": "M5",
2026-07-20 22:24:39,708 [INFO]   train: "status": "fail",
2026-07-20 22:24:39,708 [INFO]   train: "signals": 278,
2026-07-20 22:24:39,708 [INFO]   train: "brier": 0.2691,
2026-07-20 22:24:39,708 [INFO]   train: "auc": 0.4132,
2026-07-20 22:24:39,708 [INFO]   train: "message": "Validation failed"
2026-07-20 22:24:39,708 [INFO]   train: }
2026-07-20 22:24:39,708 [INFO]   XAUUSD_M5: FAIL Brier=? — validation failed
2026-07-20 22:24:39,708 [INFO]   XAUUSDc_D1: will train — forced
2026-07-20 22:24:39,709 [INFO] Training XAUUSDc D1...
2026-07-20 22:24:39,709 [DEBUG] Command: C:\Users\Administrator\AppData\Local\Programs\Python\Python314\python.exe D:\Thanh\Forex\RSI_Advanced\tools\rsi_xgboost_train.py --data-dir C:\Users\Administrator\AppData\Roaming\MetaQuotes\Terminal\3773AE10556A00F3D812544D7EDDAB90\MQL4\Files\RSI_Advanced_Logs C:\Users\Administrator\AppData\Roaming\MetaQuotes\Terminal\2191F4A3D14D7B4B1EBB84F924777883\MQL4\Files\RSI_Advanced_Logs C:\Users\Administrator\AppData\Roaming\MetaQuotes\Terminal\6F841180CC7A5B4E481813CAFF4002B0\MQL4\Files\RSI_Advanced_Logs...
2026-07-20 22:24:41,774 [INFO]   train: ============================================================
2026-07-20 22:24:41,774 [INFO]   train: Training model: XAUUSDc_D1
2026-07-20 22:24:41,774 [INFO]   train: ============================================================
2026-07-20 22:24:41,774 [INFO]   train: Loading CSVs from 5 director(ies)
2026-07-20 22:24:41,775 [INFO]   train: Filter: symbol=XAUUSDc
2026-07-20 22:24:41,775 [INFO]   train: Filter: tf=D1
2026-07-20 22:24:41,775 [INFO]   train: Signals: 78 rows
2026-07-20 22:24:41,775 [INFO]   train: Scoring: 68 rows
2026-07-20 22:24:41,775 [INFO]   train: Outcomes: 137 rows
2026-07-20 22:24:41,775 [INFO]   train: Resolved outcomes: 59
2026-07-20 22:24:41,775 [INFO]   train: Merged (joined): 59 rows
2026-07-20 22:24:41,775 [INFO]   train: SKIP: Only 59 resolved signals for XAUUSDc_D1. Need 150.
2026-07-20 22:24:41,775 [INFO]   train: {
2026-07-20 22:24:41,775 [INFO]   train: "symbol": "XAUUSDc",
2026-07-20 22:24:41,775 [INFO]   train: "tf": "D1",
2026-07-20 22:24:41,775 [INFO]   train: "status": "skip",
2026-07-20 22:24:41,775 [INFO]   train: "signals": 59,
2026-07-20 22:24:41,775 [INFO]   train: "message": "Only 59 resolved signals for XAUUSDc_D1. Need 150."
2026-07-20 22:24:41,775 [INFO]   train: }
2026-07-20 22:24:41,775 [INFO]   XAUUSDc_D1: PASS Brier=?, AUC=?
2026-07-20 22:24:41,775 [INFO]   XAUUSDc_H1: will train — forced
2026-07-20 22:24:41,775 [INFO] Training XAUUSDc H1...
2026-07-20 22:24:41,775 [DEBUG] Command: C:\Users\Administrator\AppData\Local\Programs\Python\Python314\python.exe D:\Thanh\Forex\RSI_Advanced\tools\rsi_xgboost_train.py --data-dir C:\Users\Administrator\AppData\Roaming\MetaQuotes\Terminal\3773AE10556A00F3D812544D7EDDAB90\MQL4\Files\RSI_Advanced_Logs C:\Users\Administrator\AppData\Roaming\MetaQuotes\Terminal\2191F4A3D14D7B4B1EBB84F924777883\MQL4\Files\RSI_Advanced_Logs C:\Users\Administrator\AppData\Roaming\MetaQuotes\Terminal\6F841180CC7A5B4E481813CAFF4002B0\MQL4\Files\RSI_Advanced_Logs...
2026-07-20 22:24:43,805 [INFO]   train: ============================================================
2026-07-20 22:24:43,806 [INFO]   train: Training model: XAUUSDc_H1
2026-07-20 22:24:43,806 [INFO]   train: ============================================================
2026-07-20 22:24:43,806 [INFO]   train: Loading CSVs from 5 director(ies)
2026-07-20 22:24:43,806 [INFO]   train: Filter: symbol=XAUUSDc
2026-07-20 22:24:43,806 [INFO]   train: Filter: tf=H1
2026-07-20 22:24:43,806 [INFO]   train: Signals: 271 rows
2026-07-20 22:24:43,806 [INFO]   train: Scoring: 1291 rows
2026-07-20 22:24:43,806 [INFO]   train: Outcomes: 359 rows
2026-07-20 22:24:43,806 [INFO]   train: Resolved outcomes: 84
2026-07-20 22:24:43,806 [INFO]   train: Merged (joined): 84 rows
2026-07-20 22:24:43,806 [INFO]   train: SKIP: Only 84 resolved signals for XAUUSDc_H1. Need 150.
2026-07-20 22:24:43,806 [INFO]   train: {
2026-07-20 22:24:43,806 [INFO]   train: "symbol": "XAUUSDc",
2026-07-20 22:24:43,806 [INFO]   train: "tf": "H1",
2026-07-20 22:24:43,806 [INFO]   train: "status": "skip",
2026-07-20 22:24:43,806 [INFO]   train: "signals": 84,
2026-07-20 22:24:43,806 [INFO]   train: "message": "Only 84 resolved signals for XAUUSDc_H1. Need 150."
2026-07-20 22:24:43,806 [INFO]   train: }
2026-07-20 22:24:43,806 [INFO]   XAUUSDc_H1: PASS Brier=?, AUC=?
2026-07-20 22:24:43,806 [INFO]   XAUUSDc_H4: will train — forced
2026-07-20 22:24:43,807 [INFO] Training XAUUSDc H4...
2026-07-20 22:24:43,807 [DEBUG] Command: C:\Users\Administrator\AppData\Local\Programs\Python\Python314\python.exe D:\Thanh\Forex\RSI_Advanced\tools\rsi_xgboost_train.py --data-dir C:\Users\Administrator\AppData\Roaming\MetaQuotes\Terminal\3773AE10556A00F3D812544D7EDDAB90\MQL4\Files\RSI_Advanced_Logs C:\Users\Administrator\AppData\Roaming\MetaQuotes\Terminal\2191F4A3D14D7B4B1EBB84F924777883\MQL4\Files\RSI_Advanced_Logs C:\Users\Administrator\AppData\Roaming\MetaQuotes\Terminal\6F841180CC7A5B4E481813CAFF4002B0\MQL4\Files\RSI_Advanced_Logs...
2026-07-20 22:24:45,855 [INFO]   train: ============================================================
2026-07-20 22:24:45,856 [INFO]   train: Training model: XAUUSDc_H4
2026-07-20 22:24:45,856 [INFO]   train: ============================================================
2026-07-20 22:24:45,856 [INFO]   train: Loading CSVs from 5 director(ies)
2026-07-20 22:24:45,856 [INFO]   train: Filter: symbol=XAUUSDc
2026-07-20 22:24:45,856 [INFO]   train: Filter: tf=H4
2026-07-20 22:24:45,856 [INFO]   train: Signals: 200 rows
2026-07-20 22:24:45,856 [INFO]   train: Scoring: 291 rows
2026-07-20 22:24:45,856 [INFO]   train: Outcomes: 279 rows
2026-07-20 22:24:45,856 [INFO]   train: Resolved outcomes: 79
2026-07-20 22:24:45,856 [INFO]   train: Merged (joined): 79 rows
2026-07-20 22:24:45,856 [INFO]   train: SKIP: Only 79 resolved signals for XAUUSDc_H4. Need 150.
2026-07-20 22:24:45,856 [INFO]   train: {
2026-07-20 22:24:45,856 [INFO]   train: "symbol": "XAUUSDc",
2026-07-20 22:24:45,856 [INFO]   train: "tf": "H4",
2026-07-20 22:24:45,856 [INFO]   train: "status": "skip",
2026-07-20 22:24:45,857 [INFO]   train: "signals": 79,
2026-07-20 22:24:45,857 [INFO]   train: "message": "Only 79 resolved signals for XAUUSDc_H4. Need 150."
2026-07-20 22:24:45,857 [INFO]   train: }
2026-07-20 22:24:45,857 [INFO]   XAUUSDc_H4: PASS Brier=?, AUC=?
2026-07-20 22:24:45,857 [INFO]   XAUUSDc_M15: will train — forced
2026-07-20 22:24:45,857 [INFO] Training XAUUSDc M15...
2026-07-20 22:24:45,857 [DEBUG] Command: C:\Users\Administrator\AppData\Local\Programs\Python\Python314\python.exe D:\Thanh\Forex\RSI_Advanced\tools\rsi_xgboost_train.py --data-dir C:\Users\Administrator\AppData\Roaming\MetaQuotes\Terminal\3773AE10556A00F3D812544D7EDDAB90\MQL4\Files\RSI_Advanced_Logs C:\Users\Administrator\AppData\Roaming\MetaQuotes\Terminal\2191F4A3D14D7B4B1EBB84F924777883\MQL4\Files\RSI_Advanced_Logs C:\Users\Administrator\AppData\Roaming\MetaQuotes\Terminal\6F841180CC7A5B4E481813CAFF4002B0\MQL4\Files\RSI_Advanced_Logs...
2026-07-20 22:24:47,879 [INFO]   train: ============================================================
2026-07-20 22:24:47,879 [INFO]   train: Training model: XAUUSDc_M15
2026-07-20 22:24:47,879 [INFO]   train: ============================================================
2026-07-20 22:24:47,879 [INFO]   train: Loading CSVs from 5 director(ies)
2026-07-20 22:24:47,879 [INFO]   train: Filter: symbol=XAUUSDc
2026-07-20 22:24:47,879 [INFO]   train: Filter: tf=M15
2026-07-20 22:24:47,879 [INFO]   train: Signals: 307 rows
2026-07-20 22:24:47,879 [INFO]   train: Scoring: 2606 rows
2026-07-20 22:24:47,879 [INFO]   train: Outcomes: 408 rows
2026-07-20 22:24:47,879 [INFO]   train: Resolved outcomes: 61
2026-07-20 22:24:47,879 [INFO]   train: Merged (joined): 61 rows
2026-07-20 22:24:47,879 [INFO]   train: SKIP: Only 61 resolved signals for XAUUSDc_M15. Need 150.
2026-07-20 22:24:47,879 [INFO]   train: {
2026-07-20 22:24:47,879 [INFO]   train: "symbol": "XAUUSDc",
2026-07-20 22:24:47,879 [INFO]   train: "tf": "M15",
2026-07-20 22:24:47,879 [INFO]   train: "status": "skip",
2026-07-20 22:24:47,879 [INFO]   train: "signals": 61,
2026-07-20 22:24:47,879 [INFO]   train: "message": "Only 61 resolved signals for XAUUSDc_M15. Need 150."
2026-07-20 22:24:47,879 [INFO]   train: }
2026-07-20 22:24:47,879 [INFO]   XAUUSDc_M15: PASS Brier=?, AUC=?
2026-07-20 22:24:47,880 [INFO]   XAUUSDc_M30: will train — forced
2026-07-20 22:24:47,880 [INFO] Training XAUUSDc M30...
2026-07-20 22:24:47,880 [DEBUG] Command: C:\Users\Administrator\AppData\Local\Programs\Python\Python314\python.exe D:\Thanh\Forex\RSI_Advanced\tools\rsi_xgboost_train.py --data-dir C:\Users\Administrator\AppData\Roaming\MetaQuotes\Terminal\3773AE10556A00F3D812544D7EDDAB90\MQL4\Files\RSI_Advanced_Logs C:\Users\Administrator\AppData\Roaming\MetaQuotes\Terminal\2191F4A3D14D7B4B1EBB84F924777883\MQL4\Files\RSI_Advanced_Logs C:\Users\Administrator\AppData\Roaming\MetaQuotes\Terminal\6F841180CC7A5B4E481813CAFF4002B0\MQL4\Files\RSI_Advanced_Logs...
2026-07-20 22:24:49,958 [INFO]   train: ============================================================
2026-07-20 22:24:49,958 [INFO]   train: Training model: XAUUSDc_M30
2026-07-20 22:24:49,958 [INFO]   train: ============================================================
2026-07-20 22:24:49,959 [INFO]   train: Loading CSVs from 5 director(ies)
2026-07-20 22:24:49,959 [INFO]   train: Filter: symbol=XAUUSDc
2026-07-20 22:24:49,959 [INFO]   train: Filter: tf=M30
2026-07-20 22:24:49,959 [INFO]   train: Signals: 261 rows
2026-07-20 22:24:49,959 [INFO]   train: Scoring: 2112 rows
2026-07-20 22:24:49,959 [INFO]   train: Outcomes: 375 rows
2026-07-20 22:24:49,959 [INFO]   train: Resolved outcomes: 111
2026-07-20 22:24:49,959 [INFO]   train: Merged (joined): 111 rows
2026-07-20 22:24:49,959 [INFO]   train: SKIP: Only 111 resolved signals for XAUUSDc_M30. Need 150.
2026-07-20 22:24:49,959 [INFO]   train: {
2026-07-20 22:24:49,959 [INFO]   train: "symbol": "XAUUSDc",
2026-07-20 22:24:49,959 [INFO]   train: "tf": "M30",
2026-07-20 22:24:49,959 [INFO]   train: "status": "skip",
2026-07-20 22:24:49,959 [INFO]   train: "signals": 111,
2026-07-20 22:24:49,959 [INFO]   train: "message": "Only 111 resolved signals for XAUUSDc_M30. Need 150."
2026-07-20 22:24:49,959 [INFO]   train: }
2026-07-20 22:24:49,959 [INFO]   XAUUSDc_M30: PASS Brier=?, AUC=?
2026-07-20 22:24:49,959 [INFO]   XAUUSDc_M5: will train — forced
2026-07-20 22:24:49,959 [INFO] Training XAUUSDc M5...
2026-07-20 22:24:49,959 [DEBUG] Command: C:\Users\Administrator\AppData\Local\Programs\Python\Python314\python.exe D:\Thanh\Forex\RSI_Advanced\tools\rsi_xgboost_train.py --data-dir C:\Users\Administrator\AppData\Roaming\MetaQuotes\Terminal\3773AE10556A00F3D812544D7EDDAB90\MQL4\Files\RSI_Advanced_Logs C:\Users\Administrator\AppData\Roaming\MetaQuotes\Terminal\2191F4A3D14D7B4B1EBB84F924777883\MQL4\Files\RSI_Advanced_Logs C:\Users\Administrator\AppData\Roaming\MetaQuotes\Terminal\6F841180CC7A5B4E481813CAFF4002B0\MQL4\Files\RSI_Advanced_Logs...
2026-07-20 22:24:52,043 [INFO]   train: ============================================================
2026-07-20 22:24:52,043 [INFO]   train: Training model: XAUUSDc_M5
2026-07-20 22:24:52,043 [INFO]   train: ============================================================
2026-07-20 22:24:52,043 [INFO]   train: Loading CSVs from 5 director(ies)
2026-07-20 22:24:52,043 [INFO]   train: Filter: symbol=XAUUSDc
2026-07-20 22:24:52,043 [INFO]   train: Filter: tf=M5
2026-07-20 22:24:52,043 [INFO]   train: Signals: 114 rows
2026-07-20 22:24:52,044 [INFO]   train: Scoring: 723 rows
2026-07-20 22:24:52,044 [INFO]   train: Outcomes: 190 rows
2026-07-20 22:24:52,044 [INFO]   train: Resolved outcomes: 58
2026-07-20 22:24:52,044 [INFO]   train: Merged (joined): 58 rows
2026-07-20 22:24:52,044 [INFO]   train: SKIP: Only 58 resolved signals for XAUUSDc_M5. Need 150.
2026-07-20 22:24:52,044 [INFO]   train: {
2026-07-20 22:24:52,044 [INFO]   train: "symbol": "XAUUSDc",
2026-07-20 22:24:52,044 [INFO]   train: "tf": "M5",
2026-07-20 22:24:52,044 [INFO]   train: "status": "skip",
2026-07-20 22:24:52,044 [INFO]   train: "signals": 58,
2026-07-20 22:24:52,044 [INFO]   train: "message": "Only 58 resolved signals for XAUUSDc_M5. Need 150."
2026-07-20 22:24:52,044 [INFO]   train: }
2026-07-20 22:24:52,044 [INFO]   XAUUSDc_M5: PASS Brier=?, AUC=?
2026-07-20 22:24:52,046 [INFO] Assembling 21 models into binary: C:\Users\Administrator\AppData\Roaming\MetaQuotes\Terminal\Common\Files\RSI_Advanced\XGBModels.bin
2026-07-20 22:24:52,609 [ERROR] Model assembly failed: '1-1'
2026-07-25 23:09:16,698 [INFO] Config loaded: 4 MT4 + 1 MT5 terminals, TFs=['M5', 'M15', 'M30', 'H1', 'H4', 'D1']
2026-07-25 23:09:16,716 [INFO] Tray service started
2026-07-25 23:09:21,717 [INFO] Scanning 5 directories for TFs: ['M5', 'M15', 'M30', 'H1', 'H4', 'D1']
2026-07-25 23:09:24,126 [INFO] Found 26 symbol+TF pairs with data
2026-07-25 23:09:24,126 [INFO]   BTCUSD_D1: 0 resolved signals
2026-07-25 23:09:24,126 [INFO]   BTCUSD_H1: 266 resolved signals
2026-07-25 23:09:24,126 [INFO]   BTCUSD_H4: 0 resolved signals
2026-07-25 23:09:24,126 [INFO]   BTCUSD_M15: 91 resolved signals
2026-07-25 23:09:24,126 [INFO]   BTCUSD_M30: 57 resolved signals
2026-07-25 23:09:24,127 [INFO]   BTCUSD_M5: 628 resolved signals
2026-07-25 23:09:24,127 [INFO]   EURUSD_H4: 0 resolved signals
2026-07-25 23:09:24,127 [INFO]   EURUSDc_D1: 43 resolved signals
2026-07-25 23:09:24,127 [INFO]   EURUSDc_H1: 70 resolved signals
2026-07-25 23:09:24,127 [INFO]   EURUSDc_H4: 99 resolved signals
2026-07-25 23:09:24,127 [INFO]   EURUSDc_M15: 0 resolved signals
2026-07-25 23:09:24,127 [INFO]   EURUSDc_M30: 0 resolved signals
2026-07-25 23:09:24,127 [INFO]   GBPUSD_H1: 0 resolved signals
2026-07-25 23:09:24,127 [INFO]   GBPUSD_H4: 0 resolved signals
2026-07-25 23:09:24,127 [INFO]   XAUUSD_D1: 44 resolved signals
2026-07-25 23:09:24,127 [INFO]   XAUUSD_H1: 108 resolved signals
2026-07-25 23:09:24,127 [INFO]   XAUUSD_H4: 80 resolved signals
2026-07-25 23:09:24,127 [INFO]   XAUUSD_M15: 209 resolved signals
2026-07-25 23:09:24,127 [INFO]   XAUUSD_M30: 72 resolved signals
2026-07-25 23:09:24,127 [INFO]   XAUUSD_M5: 550 resolved signals
2026-07-25 23:09:24,128 [INFO]   XAUUSDc_D1: 59 resolved signals
2026-07-25 23:09:24,128 [INFO]   XAUUSDc_H1: 91 resolved signals
2026-07-25 23:09:24,128 [INFO]   XAUUSDc_H4: 79 resolved signals
2026-07-25 23:09:24,128 [INFO]   XAUUSDc_M15: 129 resolved signals
2026-07-25 23:09:24,128 [INFO]   XAUUSDc_M30: 118 resolved signals
2026-07-25 23:09:24,128 [INFO]   XAUUSDc_M5: 138 resolved signals
2026-07-25 23:09:24,128 [DEBUG]   BTCUSD_D1: skip — only 0/100 signals
2026-07-25 23:09:24,128 [INFO]   BTCUSD_H1: will train — 51 new signals since last train
2026-07-25 23:09:24,128 [INFO] Training BTCUSD H1...
2026-07-25 23:09:24,128 [DEBUG] Command: C:\Users\Administrator\AppData\Local\Programs\Python\Python314\python.exe D:\Thanh\Forex\RSI_Advanced\tools\rsi_xgboost_train.py --data-dir C:\Users\Administrator\AppData\Roaming\MetaQuotes\Terminal\3773AE10556A00F3D812544D7EDDAB90\MQL4\Files\RSI_Advanced_Logs C:\Users\Administrator\AppData\Roaming\MetaQuotes\Terminal\2191F4A3D14D7B4B1EBB84F924777883\MQL4\Files\RSI_Advanced_Logs C:\Users\Administrator\AppData\Roaming\MetaQuotes\Terminal\6F841180CC7A5B4E481813CAFF4002B0\MQL4\Files\RSI_Advanced_Logs...
2026-07-25 23:09:31,193 [INFO]   train: SL_DIST_ATR               0.0995
2026-07-25 23:09:31,193 [INFO]   train: DOW_SIN                   0.0956
2026-07-25 23:09:31,193 [INFO]   train: SPREAD_RATIO              0.0882
2026-07-25 23:09:31,194 [INFO]   train: HOUR_SIN                  0.0832
2026-07-25 23:09:31,194 [INFO]   train: RR_RATIO                  0.0717
2026-07-25 23:09:31,194 [INFO]   train: DIR_BIN                   0.0279
2026-07-25 23:09:31,194 [INFO]   train: PASS: OOS Brier 0.2348 < 0.25
2026-07-25 23:09:31,194 [INFO]   train: FAIL: OOS AUC 0.5353 <= 0.55 (minimal discrimination)
2026-07-25 23:09:31,194 [INFO]   train: WARN: Calibration curve not monotonic (may be noise with small data)
2026-07-25 23:09:31,194 [INFO]   train: Saved calibration plot: D:\Thanh\Forex\RSI_Advanced\tools\xgb_calibration_BTCUSD_H1.png
2026-07-25 23:09:31,194 [INFO]   train: {
2026-07-25 23:09:31,194 [INFO]   train: "symbol": "BTCUSD",
2026-07-25 23:09:31,194 [INFO]   train: "tf": "H1",
2026-07-25 23:09:31,194 [INFO]   train: "status": "fail",
2026-07-25 23:09:31,195 [INFO]   train: "signals": 167,
2026-07-25 23:09:31,195 [INFO]   train: "brier": 0.2348,
2026-07-25 23:09:31,195 [INFO]   train: "auc": 0.5353,
2026-07-25 23:09:31,195 [INFO]   train: "message": "Validation failed"
2026-07-25 23:09:31,195 [INFO]   train: }
2026-07-25 23:09:31,195 [INFO]   BTCUSD_H1: FAIL Brier=? — validation failed
2026-07-25 23:09:31,195 [DEBUG]   BTCUSD_H4: skip — only 0/100 signals
2026-07-25 23:09:31,195 [DEBUG]   BTCUSD_M15: skip — only 91/100 signals
2026-07-25 23:09:31,195 [DEBUG]   BTCUSD_M30: skip — only 57/100 signals
2026-07-25 23:09:31,195 [INFO]   BTCUSD_M5: will train — 139 new signals since last train
2026-07-25 23:09:31,196 [INFO] Training BTCUSD M5...
2026-07-25 23:09:31,196 [DEBUG] Command: C:\Users\Administrator\AppData\Local\Programs\Python\Python314\python.exe D:\Thanh\Forex\RSI_Advanced\tools\rsi_xgboost_train.py --data-dir C:\Users\Administrator\AppData\Roaming\MetaQuotes\Terminal\3773AE10556A00F3D812544D7EDDAB90\MQL4\Files\RSI_Advanced_Logs C:\Users\Administrator\AppData\Roaming\MetaQuotes\Terminal\2191F4A3D14D7B4B1EBB84F924777883\MQL4\Files\RSI_Advanced_Logs C:\Users\Administrator\AppData\Roaming\MetaQuotes\Terminal\6F841180CC7A5B4E481813CAFF4002B0\MQL4\Files\RSI_Advanced_Logs...
2026-07-25 23:09:33,963 [INFO]   train: DOW_SIN                   0.0639
2026-07-25 23:09:33,963 [INFO]   train: RSI_AT_SIGNAL             0.0638
2026-07-25 23:09:33,963 [INFO]   train: MTF_H4_TREND              0.0615
2026-07-25 23:09:33,963 [INFO]   train: ANGLE_Z                   0.0611
2026-07-25 23:09:33,963 [INFO]   train: TIME_IN_SESSION_MIN       0.0598
2026-07-25 23:09:33,964 [INFO]   train: CASE_NUM                  0.0550
2026-07-25 23:09:33,964 [INFO]   train: PASS: OOS Brier 0.2340 < 0.25
2026-07-25 23:09:33,964 [INFO]   train: FAIL: OOS AUC 0.5002 <= 0.55 (minimal discrimination)
2026-07-25 23:09:33,964 [INFO]   train: WARN: Calibration curve not monotonic (may be noise with small data)
2026-07-25 23:09:33,964 [INFO]   train: Saved calibration plot: D:\Thanh\Forex\RSI_Advanced\tools\xgb_calibration_BTCUSD_M5.png
2026-07-25 23:09:33,964 [INFO]   train: {
2026-07-25 23:09:33,964 [INFO]   train: "symbol": "BTCUSD",
2026-07-25 23:09:33,964 [INFO]   train: "tf": "M5",
2026-07-25 23:09:33,964 [INFO]   train: "status": "fail",
2026-07-25 23:09:33,964 [INFO]   train: "signals": 530,
2026-07-25 23:09:33,964 [INFO]   train: "brier": 0.234,
2026-07-25 23:09:33,964 [INFO]   train: "auc": 0.5002,
2026-07-25 23:09:33,964 [INFO]   train: "message": "Validation failed"
2026-07-25 23:09:33,964 [INFO]   train: }
2026-07-25 23:09:33,964 [INFO]   BTCUSD_M5: FAIL Brier=? — validation failed
2026-07-25 23:09:33,965 [DEBUG]   EURUSD_H4: skip — only 0/100 signals
2026-07-25 23:09:33,965 [DEBUG]   EURUSDc_D1: skip — only 43/100 signals
2026-07-25 23:09:33,965 [DEBUG]   EURUSDc_H1: skip — only 70/100 signals
2026-07-25 23:09:33,965 [DEBUG]   EURUSDc_H4: skip — only 99/100 signals
2026-07-25 23:09:33,965 [DEBUG]   EURUSDc_M15: skip — only 0/100 signals
2026-07-25 23:09:33,965 [DEBUG]   EURUSDc_M30: skip — only 0/100 signals
2026-07-25 23:09:33,965 [DEBUG]   GBPUSD_H1: skip — only 0/100 signals
2026-07-25 23:09:33,965 [DEBUG]   GBPUSD_H4: skip — only 0/100 signals
2026-07-25 23:09:33,965 [DEBUG]   XAUUSD_D1: skip — only 44/100 signals
2026-07-25 23:09:33,965 [DEBUG]   XAUUSD_H1: skip — waiting for 5 more new signals
2026-07-25 23:09:33,965 [DEBUG]   XAUUSD_H4: skip — only 80/100 signals
2026-07-25 23:09:33,965 [DEBUG]   XAUUSD_M15: skip — waiting for 4 more new signals
2026-07-25 23:09:33,965 [DEBUG]   XAUUSD_M30: skip — only 72/100 signals
2026-07-25 23:09:33,965 [INFO]   XAUUSD_M5: will train — 163 new signals since last train
2026-07-25 23:09:33,965 [INFO] Training XAUUSD M5...
2026-07-25 23:09:33,965 [DEBUG] Command: C:\Users\Administrator\AppData\Local\Programs\Python\Python314\python.exe D:\Thanh\Forex\RSI_Advanced\tools\rsi_xgboost_train.py --data-dir C:\Users\Administrator\AppData\Roaming\MetaQuotes\Terminal\3773AE10556A00F3D812544D7EDDAB90\MQL4\Files\RSI_Advanced_Logs C:\Users\Administrator\AppData\Roaming\MetaQuotes\Terminal\2191F4A3D14D7B4B1EBB84F924777883\MQL4\Files\RSI_Advanced_Logs C:\Users\Administrator\AppData\Roaming\MetaQuotes\Terminal\6F841180CC7A5B4E481813CAFF4002B0\MQL4\Files\RSI_Advanced_Logs...
2026-07-25 23:09:36,513 [INFO]   train: RSI_AT_SIGNAL             0.0713
2026-07-25 23:09:36,513 [INFO]   train: HOUR_SIN                  0.0679
2026-07-25 23:09:36,513 [INFO]   train: SPREAD_RATIO              0.0665
2026-07-25 23:09:36,513 [INFO]   train: SPREAD_PIPS               0.0631
2026-07-25 23:09:36,513 [INFO]   train: ANGLE_Z                   0.0625
2026-07-25 23:09:36,513 [INFO]   train: MTF_H1_TREND              0.0617
2026-07-25 23:09:36,513 [INFO]   train: FAIL: OOS Brier 0.2518 >= 0.25 (no skill)
2026-07-25 23:09:36,513 [INFO]   train: FAIL: OOS AUC 0.4761 <= 0.55 (minimal discrimination)
2026-07-25 23:09:36,513 [INFO]   train: WARN: Calibration curve not monotonic (may be noise with small data)
2026-07-25 23:09:36,514 [INFO]   train: Saved calibration plot: D:\Thanh\Forex\RSI_Advanced\tools\xgb_calibration_XAUUSD_M5.png
2026-07-25 23:09:36,514 [INFO]   train: {
2026-07-25 23:09:36,514 [INFO]   train: "symbol": "XAUUSD",
2026-07-25 23:09:36,514 [INFO]   train: "tf": "M5",
2026-07-25 23:09:36,514 [INFO]   train: "status": "fail",
2026-07-25 23:09:36,514 [INFO]   train: "signals": 408,
2026-07-25 23:09:36,514 [INFO]   train: "brier": 0.2518,
2026-07-25 23:09:36,514 [INFO]   train: "auc": 0.4761,
2026-07-25 23:09:36,514 [INFO]   train: "message": "Validation failed"
2026-07-25 23:09:36,514 [INFO]   train: }
2026-07-25 23:09:36,514 [INFO]   XAUUSD_M5: FAIL Brier=? — validation failed
2026-07-25 23:09:36,515 [DEBUG]   XAUUSDc_D1: skip — only 59/100 signals
2026-07-25 23:09:36,515 [DEBUG]   XAUUSDc_H1: skip — only 91/100 signals
2026-07-25 23:09:36,515 [DEBUG]   XAUUSDc_H4: skip — only 79/100 signals
2026-07-25 23:09:36,515 [DEBUG]   XAUUSDc_M15: skip — waiting for 22 more new signals
2026-07-25 23:09:36,515 [DEBUG]   XAUUSDc_M30: skip — waiting for 46 more new signals
2026-07-25 23:09:36,515 [INFO]   XAUUSDc_M5: will train — 62 new signals since last train
2026-07-25 23:09:36,515 [INFO] Training XAUUSDc M5...
2026-07-25 23:09:36,515 [DEBUG] Command: C:\Users\Administrator\AppData\Local\Programs\Python\Python314\python.exe D:\Thanh\Forex\RSI_Advanced\tools\rsi_xgboost_train.py --data-dir C:\Users\Administrator\AppData\Roaming\MetaQuotes\Terminal\3773AE10556A00F3D812544D7EDDAB90\MQL4\Files\RSI_Advanced_Logs C:\Users\Administrator\AppData\Roaming\MetaQuotes\Terminal\2191F4A3D14D7B4B1EBB84F924777883\MQL4\Files\RSI_Advanced_Logs C:\Users\Administrator\AppData\Roaming\MetaQuotes\Terminal\6F841180CC7A5B4E481813CAFF4002B0\MQL4\Files\RSI_Advanced_Logs...
2026-07-25 23:09:38,618 [INFO]   train: ============================================================
2026-07-25 23:09:38,618 [INFO]   train: Training model: XAUUSDc_M5
2026-07-25 23:09:38,618 [INFO]   train: ============================================================
2026-07-25 23:09:38,619 [INFO]   train: Loading CSVs from 5 director(ies)
2026-07-25 23:09:38,619 [INFO]   train: Filter: symbol=XAUUSDc
2026-07-25 23:09:38,619 [INFO]   train: Filter: tf=M5
2026-07-25 23:09:38,619 [INFO]   train: Signals: 185 rows
2026-07-25 23:09:38,619 [INFO]   train: Scoring: 2549 rows
2026-07-25 23:09:38,619 [INFO]   train: Outcomes: 323 rows
2026-07-25 23:09:38,619 [INFO]   train: Resolved outcomes: 105
2026-07-25 23:09:38,619 [INFO]   train: Merged (joined): 105 rows
2026-07-25 23:09:38,619 [INFO]   train: SKIP: Only 105 resolved signals for XAUUSDc_M5. Need 150.
2026-07-25 23:09:38,619 [INFO]   train: {
2026-07-25 23:09:38,619 [INFO]   train: "symbol": "XAUUSDc",
2026-07-25 23:09:38,619 [INFO]   train: "tf": "M5",
2026-07-25 23:09:38,619 [INFO]   train: "status": "skip",
2026-07-25 23:09:38,619 [INFO]   train: "signals": 105,
2026-07-25 23:09:38,619 [INFO]   train: "message": "Only 105 resolved signals for XAUUSDc_M5. Need 150."
2026-07-25 23:09:38,619 [INFO]   train: }
2026-07-25 23:09:38,619 [INFO]   XAUUSDc_M5: PASS Brier=?, AUC=?
2026-07-25 23:09:39,889 [INFO] Assembling 20 models into binary: C:\Users\Administrator\AppData\Roaming\MetaQuotes\Terminal\Common\Files\RSI_Advanced\XGBModels.bin
2026-07-25 23:09:41,007 [INFO] Binary model assembly complete: 1 models
2026-07-25 23:09:41,007 [INFO] XGBModels.bin updated with 20 models
2026-07-25 23:09:41,007 [INFO] NOTIFY: XGB: 1 model(s) updated — XAUUSDc M5 Brier=?
Models auto-loaded, no recompile needed.
2026-07-25 23:11:28,673 [INFO] Status:
Key                   Signals    Brier   Status Last Train          
----------------------------------------------------------------------
BTCUSD_D1                   0        ?     pass 2026-07-20T22:24    
BTCUSD_H1                 266        ?     fail 2026-07-25T23:09    
BTCUSD_H4                   0        ?     pass 2026-07-20T22:24    
BTCUSD_M15                 18        ?     pass 2026-07-20T22:24    
BTCUSD_M30                 52        ?     pass 2026-07-20T22:24    
BTCUSD_M5                 628        ?     fail 2026-07-25T23:09    
EURUSDc_D1                 43        ?     pass 2026-07-20T22:24    
EURUSDc_H1                 70        ?     pass 2026-07-20T22:24    
EURUSDc_H4                 98        ?     pass 2026-07-20T22:24    
EURUSDc_M15                 0        ?     pass 2026-07-20T22:24    
EURUSDc_M30                 0        ?     pass 2026-07-20T22:24    
XAUUSD_D1                  44        ?     pass 2026-07-20T22:24    
XAUUSD_H1                  63        ?     pass 2026-07-20T22:24    
XAUUSD_H4                  79        ?     pass 2026-07-20T22:24    
XAUUSD_M15                163        ?     pass 2026-07-20T22:24    
XAUUSD_M30                 70        ?     pass 2026-07-20T22:24    
XAUUSD_M5                 550        ?     fail 2026-07-25T23:09    
XAUUSDc_D1                 59        ?     pass 2026-07-20T22:24    
XAUUSDc_H1                 88        ?     pass 2026-07-20T22:24    
XAUUSDc_H4                 79        ?     pass 2026-07-20T22:24    
XAUUSDc_M15               101        ?     pass 2026-07-20T22:24    
XAUUSDc_M30               114        ?     pass 2026-07-20T22:24    
XAUUSDc_M5                138        ?     pass 2026-07-25T23:09    

Last scan: 2026-07-25T23:09:41.021444
2026-07-25 23:11:28,673 [INFO] NOTIFY: XGB Service Status — Key                   Signals    Brier   Status Last Train          
----------------------------------------------------------------------
BTCUSD_D1                   0        ?     pass 2026-07-20T22:24    
BTCUSD_H1                 266        ?   
2026-07-25 23:11:36,713 [INFO] Manual train triggered
2026-07-25 23:11:36,714 [INFO] Scanning 5 directories for TFs: ['M5', 'M15', 'M30', 'H1', 'H4', 'D1']
2026-07-25 23:11:36,788 [INFO] Found 26 symbol+TF pairs with data
2026-07-25 23:11:36,789 [INFO]   BTCUSD_D1: 0 resolved signals
2026-07-25 23:11:36,789 [INFO]   BTCUSD_H1: 266 resolved signals
2026-07-25 23:11:36,789 [INFO]   BTCUSD_H4: 0 resolved signals
2026-07-25 23:11:36,789 [INFO]   BTCUSD_M15: 91 resolved signals
2026-07-25 23:11:36,789 [INFO]   BTCUSD_M30: 57 resolved signals
2026-07-25 23:11:36,789 [INFO]   BTCUSD_M5: 629 resolved signals
2026-07-25 23:11:36,789 [INFO]   EURUSD_H4: 0 resolved signals
2026-07-25 23:11:36,789 [INFO]   EURUSDc_D1: 43 resolved signals
2026-07-25 23:11:36,789 [INFO]   EURUSDc_H1: 70 resolved signals
2026-07-25 23:11:36,789 [INFO]   EURUSDc_H4: 99 resolved signals
2026-07-25 23:11:36,789 [INFO]   EURUSDc_M15: 0 resolved signals
2026-07-25 23:11:36,789 [INFO]   EURUSDc_M30: 0 resolved signals
2026-07-25 23:11:36,789 [INFO]   GBPUSD_H1: 0 resolved signals
2026-07-25 23:11:36,789 [INFO]   GBPUSD_H4: 0 resolved signals
2026-07-25 23:11:36,789 [INFO]   XAUUSD_D1: 44 resolved signals
2026-07-25 23:11:36,789 [INFO]   XAUUSD_H1: 108 resolved signals
2026-07-25 23:11:36,789 [INFO]   XAUUSD_H4: 80 resolved signals
2026-07-25 23:11:36,789 [INFO]   XAUUSD_M15: 209 resolved signals
2026-07-25 23:11:36,789 [INFO]   XAUUSD_M30: 72 resolved signals
2026-07-25 23:11:36,789 [INFO]   XAUUSD_M5: 550 resolved signals
2026-07-25 23:11:36,789 [INFO]   XAUUSDc_D1: 59 resolved signals
2026-07-25 23:11:36,790 [INFO]   XAUUSDc_H1: 91 resolved signals
2026-07-25 23:11:36,790 [INFO]   XAUUSDc_H4: 79 resolved signals
2026-07-25 23:11:36,790 [INFO]   XAUUSDc_M15: 129 resolved signals
2026-07-25 23:11:36,790 [INFO]   XAUUSDc_M30: 118 resolved signals
2026-07-25 23:11:36,790 [INFO]   XAUUSDc_M5: 138 resolved signals
2026-07-25 23:11:36,790 [INFO]   BTCUSD_D1: will train — forced
2026-07-25 23:11:36,790 [INFO] Training BTCUSD D1...
2026-07-25 23:11:36,790 [DEBUG] Command: C:\Users\Administrator\AppData\Local\Programs\Python\Python314\python.exe D:\Thanh\Forex\RSI_Advanced\tools\rsi_xgboost_train.py --data-dir C:\Users\Administrator\AppData\Roaming\MetaQuotes\Terminal\3773AE10556A00F3D812544D7EDDAB90\MQL4\Files\RSI_Advanced_Logs C:\Users\Administrator\AppData\Roaming\MetaQuotes\Terminal\2191F4A3D14D7B4B1EBB84F924777883\MQL4\Files\RSI_Advanced_Logs C:\Users\Administrator\AppData\Roaming\MetaQuotes\Terminal\6F841180CC7A5B4E481813CAFF4002B0\MQL4\Files\RSI_Advanced_Logs...
2026-07-25 23:11:39,244 [INFO]   train: ============================================================
2026-07-25 23:11:39,244 [INFO]   train: Training model: BTCUSD_D1
2026-07-25 23:11:39,244 [INFO]   train: ============================================================
2026-07-25 23:11:39,244 [INFO]   train: Loading CSVs from 5 director(ies)
2026-07-25 23:11:39,244 [INFO]   train: Filter: symbol=BTCUSD
2026-07-25 23:11:39,244 [INFO]   train: Filter: tf=D1
2026-07-25 23:11:39,244 [INFO]   train: Signals: 66 rows
2026-07-25 23:11:39,244 [INFO]   train: Scoring: 2 rows
2026-07-25 23:11:39,244 [INFO]   train: Outcomes: 66 rows
2026-07-25 23:11:39,244 [INFO]   train: Resolved outcomes: 0
2026-07-25 23:11:39,244 [INFO]   train: Merged (joined): 0 rows
2026-07-25 23:11:39,244 [INFO]   train: SKIP: Only 0 resolved signals for BTCUSD_D1. Need 150.
2026-07-25 23:11:39,244 [INFO]   train: {
2026-07-25 23:11:39,244 [INFO]   train: "symbol": "BTCUSD",
2026-07-25 23:11:39,244 [INFO]   train: "tf": "D1",
2026-07-25 23:11:39,244 [INFO]   train: "status": "skip",
2026-07-25 23:11:39,244 [INFO]   train: "signals": 0,
2026-07-25 23:11:39,244 [INFO]   train: "message": "Only 0 resolved signals for BTCUSD_D1. Need 150."
2026-07-25 23:11:39,245 [INFO]   train: }
2026-07-25 23:11:39,245 [INFO]   BTCUSD_D1: PASS Brier=?, AUC=?
2026-07-25 23:11:39,245 [INFO]   BTCUSD_H1: will train — forced
2026-07-25 23:11:39,245 [INFO] Training BTCUSD H1...
2026-07-25 23:11:39,245 [DEBUG] Command: C:\Users\Administrator\AppData\Local\Programs\Python\Python314\python.exe D:\Thanh\Forex\RSI_Advanced\tools\rsi_xgboost_train.py --data-dir C:\Users\Administrator\AppData\Roaming\MetaQuotes\Terminal\3773AE10556A00F3D812544D7EDDAB90\MQL4\Files\RSI_Advanced_Logs C:\Users\Administrator\AppData\Roaming\MetaQuotes\Terminal\2191F4A3D14D7B4B1EBB84F924777883\MQL4\Files\RSI_Advanced_Logs C:\Users\Administrator\AppData\Roaming\MetaQuotes\Terminal\6F841180CC7A5B4E481813CAFF4002B0\MQL4\Files\RSI_Advanced_Logs...
2026-07-25 23:11:42,393 [INFO]   train: SL_DIST_ATR               0.0995
2026-07-25 23:11:42,393 [INFO]   train: DOW_SIN                   0.0956
2026-07-25 23:11:42,393 [INFO]   train: SPREAD_RATIO              0.0882
2026-07-25 23:11:42,393 [INFO]   train: HOUR_SIN                  0.0832
2026-07-25 23:11:42,393 [INFO]   train: RR_RATIO                  0.0717
2026-07-25 23:11:42,393 [INFO]   train: DIR_BIN                   0.0279
2026-07-25 23:11:42,393 [INFO]   train: PASS: OOS Brier 0.2348 < 0.25
2026-07-25 23:11:42,394 [INFO]   train: FAIL: OOS AUC 0.5353 <= 0.55 (minimal discrimination)
2026-07-25 23:11:42,394 [INFO]   train: WARN: Calibration curve not monotonic (may be noise with small data)
2026-07-25 23:11:42,394 [INFO]   train: Saved calibration plot: D:\Thanh\Forex\RSI_Advanced\tools\xgb_calibration_BTCUSD_H1.png
2026-07-25 23:11:42,394 [INFO]   train: {
2026-07-25 23:11:42,394 [INFO]   train: "symbol": "BTCUSD",
2026-07-25 23:11:42,394 [INFO]   train: "tf": "H1",
2026-07-25 23:11:42,394 [INFO]   train: "status": "fail",
2026-07-25 23:11:42,394 [INFO]   train: "signals": 167,
2026-07-25 23:11:42,394 [INFO]   train: "brier": 0.2348,
2026-07-25 23:11:42,394 [INFO]   train: "auc": 0.5353,
2026-07-25 23:11:42,394 [INFO]   train: "message": "Validation failed"
2026-07-25 23:11:42,394 [INFO]   train: }
2026-07-25 23:11:42,394 [INFO]   BTCUSD_H1: FAIL Brier=? — validation failed
2026-07-25 23:11:42,394 [INFO]   BTCUSD_H4: will train — forced
2026-07-25 23:11:42,394 [INFO] Training BTCUSD H4...
2026-07-25 23:11:42,394 [DEBUG] Command: C:\Users\Administrator\AppData\Local\Programs\Python\Python314\python.exe D:\Thanh\Forex\RSI_Advanced\tools\rsi_xgboost_train.py --data-dir C:\Users\Administrator\AppData\Roaming\MetaQuotes\Terminal\3773AE10556A00F3D812544D7EDDAB90\MQL4\Files\RSI_Advanced_Logs C:\Users\Administrator\AppData\Roaming\MetaQuotes\Terminal\2191F4A3D14D7B4B1EBB84F924777883\MQL4\Files\RSI_Advanced_Logs C:\Users\Administrator\AppData\Roaming\MetaQuotes\Terminal\6F841180CC7A5B4E481813CAFF4002B0\MQL4\Files\RSI_Advanced_Logs...
2026-07-25 23:11:45,528 [INFO]   train: ============================================================
2026-07-25 23:11:45,528 [INFO]   train: Training model: BTCUSD_H4
2026-07-25 23:11:45,528 [INFO]   train: ============================================================
2026-07-25 23:11:45,528 [INFO]   train: Loading CSVs from 5 director(ies)
2026-07-25 23:11:45,528 [INFO]   train: Filter: symbol=BTCUSD
2026-07-25 23:11:45,528 [INFO]   train: Filter: tf=H4
2026-07-25 23:11:45,529 [INFO]   train: Signals: 82 rows
2026-07-25 23:11:45,529 [INFO]   train: Scoring: 2 rows
2026-07-25 23:11:45,529 [INFO]   train: Outcomes: 82 rows
2026-07-25 23:11:45,529 [INFO]   train: Resolved outcomes: 0
2026-07-25 23:11:45,529 [INFO]   train: Merged (joined): 0 rows
2026-07-25 23:11:45,529 [INFO]   train: SKIP: Only 0 resolved signals for BTCUSD_H4. Need 150.
2026-07-25 23:11:45,529 [INFO]   train: {
2026-07-25 23:11:45,529 [INFO]   train: "symbol": "BTCUSD",
2026-07-25 23:11:45,529 [INFO]   train: "tf": "H4",
2026-07-25 23:11:45,529 [INFO]   train: "status": "skip",
2026-07-25 23:11:45,529 [INFO]   train: "signals": 0,
2026-07-25 23:11:45,529 [INFO]   train: "message": "Only 0 resolved signals for BTCUSD_H4. Need 150."
2026-07-25 23:11:45,529 [INFO]   train: }
2026-07-25 23:11:45,529 [INFO]   BTCUSD_H4: PASS Brier=?, AUC=?
2026-07-25 23:11:45,529 [INFO]   BTCUSD_M15: will train — forced
2026-07-25 23:11:45,530 [INFO] Training BTCUSD M15...
2026-07-25 23:11:45,530 [DEBUG] Command: C:\Users\Administrator\AppData\Local\Programs\Python\Python314\python.exe D:\Thanh\Forex\RSI_Advanced\tools\rsi_xgboost_train.py --data-dir C:\Users\Administrator\AppData\Roaming\MetaQuotes\Terminal\3773AE10556A00F3D812544D7EDDAB90\MQL4\Files\RSI_Advanced_Logs C:\Users\Administrator\AppData\Roaming\MetaQuotes\Terminal\2191F4A3D14D7B4B1EBB84F924777883\MQL4\Files\RSI_Advanced_Logs C:\Users\Administrator\AppData\Roaming\MetaQuotes\Terminal\6F841180CC7A5B4E481813CAFF4002B0\MQL4\Files\RSI_Advanced_Logs...
2026-07-25 23:11:48,418 [INFO]   train: ============================================================
2026-07-25 23:11:48,418 [INFO]   train: Training model: BTCUSD_M15
2026-07-25 23:11:48,419 [INFO]   train: ============================================================
2026-07-25 23:11:48,419 [INFO]   train: Loading CSVs from 5 director(ies)
2026-07-25 23:11:48,419 [INFO]   train: Filter: symbol=BTCUSD
2026-07-25 23:11:48,419 [INFO]   train: Filter: tf=M15
2026-07-25 23:11:48,419 [INFO]   train: Signals: 111 rows
2026-07-25 23:11:48,420 [INFO]   train: Scoring: 477 rows
2026-07-25 23:11:48,420 [INFO]   train: Outcomes: 202 rows
2026-07-25 23:11:48,420 [INFO]   train: Resolved outcomes: 90
2026-07-25 23:11:48,420 [INFO]   train: Merged (joined): 90 rows
2026-07-25 23:11:48,420 [INFO]   train: SKIP: Only 90 resolved signals for BTCUSD_M15. Need 150.
2026-07-25 23:11:48,420 [INFO]   train: {
2026-07-25 23:11:48,420 [INFO]   train: "symbol": "BTCUSD",
2026-07-25 23:11:48,420 [INFO]   train: "tf": "M15",
2026-07-25 23:11:48,420 [INFO]   train: "status": "skip",
2026-07-25 23:11:48,420 [INFO]   train: "signals": 90,
2026-07-25 23:11:48,421 [INFO]   train: "message": "Only 90 resolved signals for BTCUSD_M15. Need 150."
2026-07-25 23:11:48,421 [INFO]   train: }
2026-07-25 23:11:48,421 [INFO]   BTCUSD_M15: PASS Brier=?, AUC=?
2026-07-25 23:11:48,421 [INFO]   BTCUSD_M30: will train — forced
2026-07-25 23:11:48,421 [INFO] Training BTCUSD M30...
2026-07-25 23:11:48,422 [DEBUG] Command: C:\Users\Administrator\AppData\Local\Programs\Python\Python314\python.exe D:\Thanh\Forex\RSI_Advanced\tools\rsi_xgboost_train.py --data-dir C:\Users\Administrator\AppData\Roaming\MetaQuotes\Terminal\3773AE10556A00F3D812544D7EDDAB90\MQL4\Files\RSI_Advanced_Logs C:\Users\Administrator\AppData\Roaming\MetaQuotes\Terminal\2191F4A3D14D7B4B1EBB84F924777883\MQL4\Files\RSI_Advanced_Logs C:\Users\Administrator\AppData\Roaming\MetaQuotes\Terminal\6F841180CC7A5B4E481813CAFF4002B0\MQL4\Files\RSI_Advanced_Logs...
2026-07-25 23:11:50,758 [INFO]   train: ============================================================
2026-07-25 23:11:50,758 [INFO]   train: Training model: BTCUSD_M30
2026-07-25 23:11:50,758 [INFO]   train: ============================================================
2026-07-25 23:11:50,758 [INFO]   train: Loading CSVs from 5 director(ies)
2026-07-25 23:11:50,758 [INFO]   train: Filter: symbol=BTCUSD
2026-07-25 23:11:50,758 [INFO]   train: Filter: tf=M30
2026-07-25 23:11:50,758 [INFO]   train: Signals: 9596 rows
2026-07-25 23:11:50,758 [INFO]   train: Scoring: 12 rows
2026-07-25 23:11:50,758 [INFO]   train: Outcomes: 9653 rows
2026-07-25 23:11:50,758 [INFO]   train: Resolved outcomes: 55
2026-07-25 23:11:50,758 [INFO]   train: Merged (joined): 55 rows
2026-07-25 23:11:50,759 [INFO]   train: SKIP: Only 55 resolved signals for BTCUSD_M30. Need 150.
2026-07-25 23:11:50,759 [INFO]   train: {
2026-07-25 23:11:50,759 [INFO]   train: "symbol": "BTCUSD",
2026-07-25 23:11:50,759 [INFO]   train: "tf": "M30",
2026-07-25 23:11:50,759 [INFO]   train: "status": "skip",
2026-07-25 23:11:50,759 [INFO]   train: "signals": 55,
2026-07-25 23:11:50,759 [INFO]   train: "message": "Only 55 resolved signals for BTCUSD_M30. Need 150."
2026-07-25 23:11:50,759 [INFO]   train: }
2026-07-25 23:11:50,759 [INFO]   BTCUSD_M30: PASS Brier=?, AUC=?
2026-07-25 23:11:50,759 [INFO]   BTCUSD_M5: will train — forced
2026-07-25 23:11:50,759 [INFO] Training BTCUSD M5...
2026-07-25 23:11:50,759 [DEBUG] Command: C:\Users\Administrator\AppData\Local\Programs\Python\Python314\python.exe D:\Thanh\Forex\RSI_Advanced\tools\rsi_xgboost_train.py --data-dir C:\Users\Administrator\AppData\Roaming\MetaQuotes\Terminal\3773AE10556A00F3D812544D7EDDAB90\MQL4\Files\RSI_Advanced_Logs C:\Users\Administrator\AppData\Roaming\MetaQuotes\Terminal\2191F4A3D14D7B4B1EBB84F924777883\MQL4\Files\RSI_Advanced_Logs C:\Users\Administrator\AppData\Roaming\MetaQuotes\Terminal\6F841180CC7A5B4E481813CAFF4002B0\MQL4\Files\RSI_Advanced_Logs...
2026-07-25 23:11:53,461 [INFO]   train: SPREAD_RATIO              0.0676
2026-07-25 23:11:53,461 [INFO]   train: ANGLE_Z                   0.0676
2026-07-25 23:11:53,462 [INFO]   train: SESSION_ENC               0.0670
2026-07-25 23:11:53,462 [INFO]   train: TIME_IN_SESSION_MIN       0.0665
2026-07-25 23:11:53,462 [INFO]   train: RSI_AT_SIGNAL             0.0653
2026-07-25 23:11:53,462 [INFO]   train: DIR_BIN                   0.0602
2026-07-25 23:11:53,462 [INFO]   train: PASS: OOS Brier 0.2342 < 0.25
2026-07-25 23:11:53,462 [INFO]   train: FAIL: OOS AUC 0.5032 <= 0.55 (minimal discrimination)
2026-07-25 23:11:53,462 [INFO]   train: WARN: Calibration curve not monotonic (may be noise with small data)
2026-07-25 23:11:53,462 [INFO]   train: Saved calibration plot: D:\Thanh\Forex\RSI_Advanced\tools\xgb_calibration_BTCUSD_M5.png
2026-07-25 23:11:53,462 [INFO]   train: {
2026-07-25 23:11:53,462 [INFO]   train: "symbol": "BTCUSD",
2026-07-25 23:11:53,462 [INFO]   train: "tf": "M5",
2026-07-25 23:11:53,462 [INFO]   train: "status": "fail",
2026-07-25 23:11:53,462 [INFO]   train: "signals": 531,
2026-07-25 23:11:53,462 [INFO]   train: "brier": 0.2342,
2026-07-25 23:11:53,462 [INFO]   train: "auc": 0.5032,
2026-07-25 23:11:53,462 [INFO]   train: "message": "Validation failed"
2026-07-25 23:11:53,462 [INFO]   train: }
2026-07-25 23:11:53,463 [INFO]   BTCUSD_M5: FAIL Brier=? — validation failed
2026-07-25 23:11:53,463 [INFO]   EURUSD_H4: will train — forced
2026-07-25 23:11:53,463 [INFO] Training EURUSD H4...
2026-07-25 23:11:53,463 [DEBUG] Command: C:\Users\Administrator\AppData\Local\Programs\Python\Python314\python.exe D:\Thanh\Forex\RSI_Advanced\tools\rsi_xgboost_train.py --data-dir C:\Users\Administrator\AppData\Roaming\MetaQuotes\Terminal\3773AE10556A00F3D812544D7EDDAB90\MQL4\Files\RSI_Advanced_Logs C:\Users\Administrator\AppData\Roaming\MetaQuotes\Terminal\2191F4A3D14D7B4B1EBB84F924777883\MQL4\Files\RSI_Advanced_Logs C:\Users\Administrator\AppData\Roaming\MetaQuotes\Terminal\6F841180CC7A5B4E481813CAFF4002B0\MQL4\Files\RSI_Advanced_Logs...
2026-07-25 23:11:55,790 [INFO]   train: ============================================================
2026-07-25 23:11:55,790 [INFO]   train: Training model: EURUSD_H4
2026-07-25 23:11:55,790 [INFO]   train: ============================================================
2026-07-25 23:11:55,790 [INFO]   train: Loading CSVs from 5 director(ies)
2026-07-25 23:11:55,790 [INFO]   train: Filter: symbol=EURUSD
2026-07-25 23:11:55,790 [INFO]   train: Filter: tf=H4
2026-07-25 23:11:55,790 [INFO]   train: Signals: 6 rows
2026-07-25 23:11:55,790 [INFO]   train: Scoring: 4 rows
2026-07-25 23:11:55,790 [INFO]   train: Outcomes: 6 rows
2026-07-25 23:11:55,790 [INFO]   train: Resolved outcomes: 0
2026-07-25 23:11:55,790 [INFO]   train: Merged (joined): 0 rows
2026-07-25 23:11:55,790 [INFO]   train: SKIP: Only 0 resolved signals for EURUSD_H4. Need 150.
2026-07-25 23:11:55,790 [INFO]   train: {
2026-07-25 23:11:55,790 [INFO]   train: "symbol": "EURUSD",
2026-07-25 23:11:55,790 [INFO]   train: "tf": "H4",
2026-07-25 23:11:55,790 [INFO]   train: "status": "skip",
2026-07-25 23:11:55,791 [INFO]   train: "signals": 0,
2026-07-25 23:11:55,791 [INFO]   train: "message": "Only 0 resolved signals for EURUSD_H4. Need 150."
2026-07-25 23:11:55,791 [INFO]   train: }
2026-07-25 23:11:55,791 [INFO]   EURUSD_H4: PASS Brier=?, AUC=?
2026-07-25 23:11:55,791 [INFO]   EURUSDc_D1: will train — forced
2026-07-25 23:11:55,791 [INFO] Training EURUSDc D1...
2026-07-25 23:11:55,791 [DEBUG] Command: C:\Users\Administrator\AppData\Local\Programs\Python\Python314\python.exe D:\Thanh\Forex\RSI_Advanced\tools\rsi_xgboost_train.py --data-dir C:\Users\Administrator\AppData\Roaming\MetaQuotes\Terminal\3773AE10556A00F3D812544D7EDDAB90\MQL4\Files\RSI_Advanced_Logs C:\Users\Administrator\AppData\Roaming\MetaQuotes\Terminal\2191F4A3D14D7B4B1EBB84F924777883\MQL4\Files\RSI_Advanced_Logs C:\Users\Administrator\AppData\Roaming\MetaQuotes\Terminal\6F841180CC7A5B4E481813CAFF4002B0\MQL4\Files\RSI_Advanced_Logs...
2026-07-25 23:11:57,970 [INFO]   train: ============================================================
2026-07-25 23:11:57,971 [INFO]   train: Training model: EURUSDc_D1
2026-07-25 23:11:57,971 [INFO]   train: ============================================================
2026-07-25 23:11:57,971 [INFO]   train: Loading CSVs from 5 director(ies)
2026-07-25 23:11:57,971 [INFO]   train: Filter: symbol=EURUSDc
2026-07-25 23:11:57,971 [INFO]   train: Filter: tf=D1
2026-07-25 23:11:57,971 [INFO]   train: Signals: 65 rows
2026-07-25 23:11:57,972 [INFO]   train: Scoring: 1 rows
2026-07-25 23:11:57,972 [INFO]   train: Outcomes: 108 rows
2026-07-25 23:11:57,972 [INFO]   train: Resolved outcomes: 41
2026-07-25 23:11:57,972 [INFO]   train: Merged (joined): 41 rows
2026-07-25 23:11:57,972 [INFO]   train: SKIP: Only 41 resolved signals for EURUSDc_D1. Need 150.
2026-07-25 23:11:57,972 [INFO]   train: {
2026-07-25 23:11:57,972 [INFO]   train: "symbol": "EURUSDc",
2026-07-25 23:11:57,972 [INFO]   train: "tf": "D1",
2026-07-25 23:11:57,972 [INFO]   train: "status": "skip",
2026-07-25 23:11:57,972 [INFO]   train: "signals": 41,
2026-07-25 23:11:57,972 [INFO]   train: "message": "Only 41 resolved signals for EURUSDc_D1. Need 150."
2026-07-25 23:11:57,973 [INFO]   train: }
2026-07-25 23:11:57,973 [INFO]   EURUSDc_D1: PASS Brier=?, AUC=?
2026-07-25 23:11:57,973 [INFO]   EURUSDc_H1: will train — forced
2026-07-25 23:11:57,973 [INFO] Training EURUSDc H1...
2026-07-25 23:11:57,973 [DEBUG] Command: C:\Users\Administrator\AppData\Local\Programs\Python\Python314\python.exe D:\Thanh\Forex\RSI_Advanced\tools\rsi_xgboost_train.py --data-dir C:\Users\Administrator\AppData\Roaming\MetaQuotes\Terminal\3773AE10556A00F3D812544D7EDDAB90\MQL4\Files\RSI_Advanced_Logs C:\Users\Administrator\AppData\Roaming\MetaQuotes\Terminal\2191F4A3D14D7B4B1EBB84F924777883\MQL4\Files\RSI_Advanced_Logs C:\Users\Administrator\AppData\Roaming\MetaQuotes\Terminal\6F841180CC7A5B4E481813CAFF4002B0\MQL4\Files\RSI_Advanced_Logs...
2026-07-25 23:12:00,151 [INFO]   train: ============================================================
2026-07-25 23:12:00,151 [INFO]   train: Training model: EURUSDc_H1
2026-07-25 23:12:00,151 [INFO]   train: ============================================================
2026-07-25 23:12:00,151 [INFO]   train: Loading CSVs from 5 director(ies)
2026-07-25 23:12:00,151 [INFO]   train: Filter: symbol=EURUSDc
2026-07-25 23:12:00,151 [INFO]   train: Filter: tf=H1
2026-07-25 23:12:00,151 [INFO]   train: Signals: 87 rows
2026-07-25 23:12:00,151 [INFO]   train: Scoring: 138 rows
2026-07-25 23:12:00,151 [INFO]   train: Outcomes: 157 rows
2026-07-25 23:12:00,152 [INFO]   train: Resolved outcomes: 66
2026-07-25 23:12:00,152 [INFO]   train: Merged (joined): 66 rows
2026-07-25 23:12:00,152 [INFO]   train: SKIP: Only 66 resolved signals for EURUSDc_H1. Need 150.
2026-07-25 23:12:00,152 [INFO]   train: {
2026-07-25 23:12:00,152 [INFO]   train: "symbol": "EURUSDc",
2026-07-25 23:12:00,152 [INFO]   train: "tf": "H1",
2026-07-25 23:12:00,152 [INFO]   train: "status": "skip",
2026-07-25 23:12:00,152 [INFO]   train: "signals": 66,
2026-07-25 23:12:00,152 [INFO]   train: "message": "Only 66 resolved signals for EURUSDc_H1. Need 150."
2026-07-25 23:12:00,152 [INFO]   train: }
2026-07-25 23:12:00,152 [INFO]   EURUSDc_H1: PASS Brier=?, AUC=?
2026-07-25 23:12:00,152 [INFO]   EURUSDc_H4: will train — forced
2026-07-25 23:12:00,152 [INFO] Training EURUSDc H4...
2026-07-25 23:12:00,152 [DEBUG] Command: C:\Users\Administrator\AppData\Local\Programs\Python\Python314\python.exe D:\Thanh\Forex\RSI_Advanced\tools\rsi_xgboost_train.py --data-dir C:\Users\Administrator\AppData\Roaming\MetaQuotes\Terminal\3773AE10556A00F3D812544D7EDDAB90\MQL4\Files\RSI_Advanced_Logs C:\Users\Administrator\AppData\Roaming\MetaQuotes\Terminal\2191F4A3D14D7B4B1EBB84F924777883\MQL4\Files\RSI_Advanced_Logs C:\Users\Administrator\AppData\Roaming\MetaQuotes\Terminal\6F841180CC7A5B4E481813CAFF4002B0\MQL4\Files\RSI_Advanced_Logs...
2026-07-25 23:12:02,326 [INFO]   train: ============================================================
2026-07-25 23:12:02,326 [INFO]   train: Training model: EURUSDc_H4
2026-07-25 23:12:02,326 [INFO]   train: ============================================================
2026-07-25 23:12:02,326 [INFO]   train: Loading CSVs from 5 director(ies)
2026-07-25 23:12:02,326 [INFO]   train: Filter: symbol=EURUSDc
2026-07-25 23:12:02,326 [INFO]   train: Filter: tf=H4
2026-07-25 23:12:02,326 [INFO]   train: Signals: 116 rows
2026-07-25 23:12:02,326 [INFO]   train: Scoring: 128 rows
2026-07-25 23:12:02,326 [INFO]   train: Outcomes: 215 rows
2026-07-25 23:12:02,327 [INFO]   train: Resolved outcomes: 99
2026-07-25 23:12:02,327 [INFO]   train: Merged (joined): 99 rows
2026-07-25 23:12:02,327 [INFO]   train: SKIP: Only 99 resolved signals for EURUSDc_H4. Need 150.
2026-07-25 23:12:02,327 [INFO]   train: {
2026-07-25 23:12:02,327 [INFO]   train: "symbol": "EURUSDc",
2026-07-25 23:12:02,327 [INFO]   train: "tf": "H4",
2026-07-25 23:12:02,327 [INFO]   train: "status": "skip",
2026-07-25 23:12:02,327 [INFO]   train: "signals": 99,
2026-07-25 23:12:02,327 [INFO]   train: "message": "Only 99 resolved signals for EURUSDc_H4. Need 150."
2026-07-25 23:12:02,327 [INFO]   train: }
2026-07-25 23:12:02,327 [INFO]   EURUSDc_H4: PASS Brier=?, AUC=?
2026-07-25 23:12:02,327 [INFO]   EURUSDc_M15: will train — forced
2026-07-25 23:12:02,327 [INFO] Training EURUSDc M15...
2026-07-25 23:12:02,327 [DEBUG] Command: C:\Users\Administrator\AppData\Local\Programs\Python\Python314\python.exe D:\Thanh\Forex\RSI_Advanced\tools\rsi_xgboost_train.py --data-dir C:\Users\Administrator\AppData\Roaming\MetaQuotes\Terminal\3773AE10556A00F3D812544D7EDDAB90\MQL4\Files\RSI_Advanced_Logs C:\Users\Administrator\AppData\Roaming\MetaQuotes\Terminal\2191F4A3D14D7B4B1EBB84F924777883\MQL4\Files\RSI_Advanced_Logs C:\Users\Administrator\AppData\Roaming\MetaQuotes\Terminal\6F841180CC7A5B4E481813CAFF4002B0\MQL4\Files\RSI_Advanced_Logs...
2026-07-25 23:12:04,502 [INFO]   train: ============================================================
2026-07-25 23:12:04,502 [INFO]   train: Training model: EURUSDc_M15
2026-07-25 23:12:04,502 [INFO]   train: ============================================================
2026-07-25 23:12:04,502 [INFO]   train: Loading CSVs from 5 director(ies)
2026-07-25 23:12:04,502 [INFO]   train: Filter: symbol=EURUSDc
2026-07-25 23:12:04,502 [INFO]   train: Filter: tf=M15
2026-07-25 23:12:04,502 [INFO]   train: Signals: 99 rows
2026-07-25 23:12:04,503 [INFO]   train: Scoring: 1 rows
2026-07-25 23:12:04,503 [INFO]   train: Outcomes: 99 rows
2026-07-25 23:12:04,503 [INFO]   train: Resolved outcomes: 0
2026-07-25 23:12:04,503 [INFO]   train: Merged (joined): 0 rows
2026-07-25 23:12:04,503 [INFO]   train: SKIP: Only 0 resolved signals for EURUSDc_M15. Need 150.
2026-07-25 23:12:04,503 [INFO]   train: {
2026-07-25 23:12:04,503 [INFO]   train: "symbol": "EURUSDc",
2026-07-25 23:12:04,503 [INFO]   train: "tf": "M15",
2026-07-25 23:12:04,503 [INFO]   train: "status": "skip",
2026-07-25 23:12:04,503 [INFO]   train: "signals": 0,
2026-07-25 23:12:04,503 [INFO]   train: "message": "Only 0 resolved signals for EURUSDc_M15. Need 150."
2026-07-25 23:12:04,503 [INFO]   train: }
2026-07-25 23:12:04,503 [INFO]   EURUSDc_M15: PASS Brier=?, AUC=?
2026-07-25 23:12:04,504 [INFO]   EURUSDc_M30: will train — forced
2026-07-25 23:12:04,504 [INFO] Training EURUSDc M30...
2026-07-25 23:12:04,504 [DEBUG] Command: C:\Users\Administrator\AppData\Local\Programs\Python\Python314\python.exe D:\Thanh\Forex\RSI_Advanced\tools\rsi_xgboost_train.py --data-dir C:\Users\Administrator\AppData\Roaming\MetaQuotes\Terminal\3773AE10556A00F3D812544D7EDDAB90\MQL4\Files\RSI_Advanced_Logs C:\Users\Administrator\AppData\Roaming\MetaQuotes\Terminal\2191F4A3D14D7B4B1EBB84F924777883\MQL4\Files\RSI_Advanced_Logs C:\Users\Administrator\AppData\Roaming\MetaQuotes\Terminal\6F841180CC7A5B4E481813CAFF4002B0\MQL4\Files\RSI_Advanced_Logs...
2026-07-25 23:12:06,719 [INFO]   train: ============================================================
2026-07-25 23:12:06,719 [INFO]   train: Training model: EURUSDc_M30
2026-07-25 23:12:06,719 [INFO]   train: ============================================================
2026-07-25 23:12:06,720 [INFO]   train: Loading CSVs from 5 director(ies)
2026-07-25 23:12:06,720 [INFO]   train: Filter: symbol=EURUSDc
2026-07-25 23:12:06,720 [INFO]   train: Filter: tf=M30
2026-07-25 23:12:06,720 [INFO]   train: Signals: 124 rows
2026-07-25 23:12:06,720 [INFO]   train: Scoring: 1 rows
2026-07-25 23:12:06,720 [INFO]   train: Outcomes: 124 rows
2026-07-25 23:12:06,720 [INFO]   train: Resolved outcomes: 0
2026-07-25 23:12:06,720 [INFO]   train: Merged (joined): 0 rows
2026-07-25 23:12:06,720 [INFO]   train: SKIP: Only 0 resolved signals for EURUSDc_M30. Need 150.
2026-07-25 23:12:06,720 [INFO]   train: {
2026-07-25 23:12:06,720 [INFO]   train: "symbol": "EURUSDc",
2026-07-25 23:12:06,720 [INFO]   train: "tf": "M30",
2026-07-25 23:12:06,720 [INFO]   train: "status": "skip",
2026-07-25 23:12:06,720 [INFO]   train: "signals": 0,
2026-07-25 23:12:06,720 [INFO]   train: "message": "Only 0 resolved signals for EURUSDc_M30. Need 150."
2026-07-25 23:12:06,720 [INFO]   train: }
2026-07-25 23:12:06,720 [INFO]   EURUSDc_M30: PASS Brier=?, AUC=?
2026-07-25 23:12:06,720 [INFO]   GBPUSD_H1: will train — forced
2026-07-25 23:12:06,720 [INFO] Training GBPUSD H1...
2026-07-25 23:12:06,720 [DEBUG] Command: C:\Users\Administrator\AppData\Local\Programs\Python\Python314\python.exe D:\Thanh\Forex\RSI_Advanced\tools\rsi_xgboost_train.py --data-dir C:\Users\Administrator\AppData\Roaming\MetaQuotes\Terminal\3773AE10556A00F3D812544D7EDDAB90\MQL4\Files\RSI_Advanced_Logs C:\Users\Administrator\AppData\Roaming\MetaQuotes\Terminal\2191F4A3D14D7B4B1EBB84F924777883\MQL4\Files\RSI_Advanced_Logs C:\Users\Administrator\AppData\Roaming\MetaQuotes\Terminal\6F841180CC7A5B4E481813CAFF4002B0\MQL4\Files\RSI_Advanced_Logs...
2026-07-25 23:12:08,977 [INFO]   train: ============================================================
2026-07-25 23:12:08,978 [INFO]   train: Training model: GBPUSD_H1
2026-07-25 23:12:08,978 [INFO]   train: ============================================================
2026-07-25 23:12:08,978 [INFO]   train: Loading CSVs from 5 director(ies)
2026-07-25 23:12:08,978 [INFO]   train: Filter: symbol=GBPUSD
2026-07-25 23:12:08,978 [INFO]   train: Filter: tf=H1
2026-07-25 23:12:08,978 [INFO]   train: Signals: 42 rows
2026-07-25 23:12:08,978 [INFO]   train: Scoring: 2 rows
2026-07-25 23:12:08,978 [INFO]   train: Outcomes: 42 rows
2026-07-25 23:12:08,978 [INFO]   train: Resolved outcomes: 0
2026-07-25 23:12:08,978 [INFO]   train: Merged (joined): 0 rows
2026-07-25 23:12:08,978 [INFO]   train: SKIP: Only 0 resolved signals for GBPUSD_H1. Need 150.
2026-07-25 23:12:08,978 [INFO]   train: {
2026-07-25 23:12:08,978 [INFO]   train: "symbol": "GBPUSD",
2026-07-25 23:12:08,978 [INFO]   train: "tf": "H1",
2026-07-25 23:12:08,979 [INFO]   train: "status": "skip",
2026-07-25 23:12:08,979 [INFO]   train: "signals": 0,
2026-07-25 23:12:08,979 [INFO]   train: "message": "Only 0 resolved signals for GBPUSD_H1. Need 150."
2026-07-25 23:12:08,979 [INFO]   train: }
2026-07-25 23:12:08,979 [INFO]   GBPUSD_H1: PASS Brier=?, AUC=?
2026-07-25 23:12:08,979 [INFO]   GBPUSD_H4: will train — forced
2026-07-25 23:12:08,979 [INFO] Training GBPUSD H4...
2026-07-25 23:12:08,979 [DEBUG] Command: C:\Users\Administrator\AppData\Local\Programs\Python\Python314\python.exe D:\Thanh\Forex\RSI_Advanced\tools\rsi_xgboost_train.py --data-dir C:\Users\Administrator\AppData\Roaming\MetaQuotes\Terminal\3773AE10556A00F3D812544D7EDDAB90\MQL4\Files\RSI_Advanced_Logs C:\Users\Administrator\AppData\Roaming\MetaQuotes\Terminal\2191F4A3D14D7B4B1EBB84F924777883\MQL4\Files\RSI_Advanced_Logs C:\Users\Administrator\AppData\Roaming\MetaQuotes\Terminal\6F841180CC7A5B4E481813CAFF4002B0\MQL4\Files\RSI_Advanced_Logs...
2026-07-25 23:12:11,349 [INFO]   train: ============================================================
2026-07-25 23:12:11,350 [INFO]   train: Training model: GBPUSD_H4
2026-07-25 23:12:11,350 [INFO]   train: ============================================================
2026-07-25 23:12:11,350 [INFO]   train: Loading CSVs from 5 director(ies)
2026-07-25 23:12:11,350 [INFO]   train: Filter: symbol=GBPUSD
2026-07-25 23:12:11,350 [INFO]   train: Filter: tf=H4
2026-07-25 23:12:11,350 [INFO]   train: Signals: 7 rows
2026-07-25 23:12:11,350 [INFO]   train: Scoring: 3 rows
2026-07-25 23:12:11,350 [INFO]   train: Outcomes: 7 rows
2026-07-25 23:12:11,350 [INFO]   train: Resolved outcomes: 0
2026-07-25 23:12:11,350 [INFO]   train: Merged (joined): 0 rows
2026-07-25 23:12:11,351 [INFO]   train: SKIP: Only 0 resolved signals for GBPUSD_H4. Need 150.
2026-07-25 23:12:11,351 [INFO]   train: {
2026-07-25 23:12:11,351 [INFO]   train: "symbol": "GBPUSD",
2026-07-25 23:12:11,351 [INFO]   train: "tf": "H4",
2026-07-25 23:12:11,351 [INFO]   train: "status": "skip",
2026-07-25 23:12:11,351 [INFO]   train: "signals": 0,
2026-07-25 23:12:11,351 [INFO]   train: "message": "Only 0 resolved signals for GBPUSD_H4. Need 150."
2026-07-25 23:12:11,351 [INFO]   train: }
2026-07-25 23:12:11,351 [INFO]   GBPUSD_H4: PASS Brier=?, AUC=?
2026-07-25 23:12:11,351 [INFO]   XAUUSD_D1: will train — forced
2026-07-25 23:12:11,351 [INFO] Training XAUUSD D1...
2026-07-25 23:12:11,351 [DEBUG] Command: C:\Users\Administrator\AppData\Local\Programs\Python\Python314\python.exe D:\Thanh\Forex\RSI_Advanced\tools\rsi_xgboost_train.py --data-dir C:\Users\Administrator\AppData\Roaming\MetaQuotes\Terminal\3773AE10556A00F3D812544D7EDDAB90\MQL4\Files\RSI_Advanced_Logs C:\Users\Administrator\AppData\Roaming\MetaQuotes\Terminal\2191F4A3D14D7B4B1EBB84F924777883\MQL4\Files\RSI_Advanced_Logs C:\Users\Administrator\AppData\Roaming\MetaQuotes\Terminal\6F841180CC7A5B4E481813CAFF4002B0\MQL4\Files\RSI_Advanced_Logs...
2026-07-25 23:12:13,683 [INFO]   train: ============================================================
2026-07-25 23:12:13,683 [INFO]   train: Training model: XAUUSD_D1
2026-07-25 23:12:13,683 [INFO]   train: ============================================================
2026-07-25 23:12:13,683 [INFO]   train: Loading CSVs from 5 director(ies)
2026-07-25 23:12:13,683 [INFO]   train: Filter: symbol=XAUUSD
2026-07-25 23:12:13,683 [INFO]   train: Filter: tf=D1
2026-07-25 23:12:13,683 [INFO]   train: Signals: 133 rows
2026-07-25 23:12:13,683 [INFO]   train: Scoring: 5 rows
2026-07-25 23:12:13,683 [INFO]   train: Outcomes: 177 rows
2026-07-25 23:12:13,683 [INFO]   train: Resolved outcomes: 41
2026-07-25 23:12:13,683 [INFO]   train: Merged (joined): 41 rows
2026-07-25 23:12:13,683 [INFO]   train: SKIP: Only 41 resolved signals for XAUUSD_D1. Need 150.
2026-07-25 23:12:13,684 [INFO]   train: {
2026-07-25 23:12:13,684 [INFO]   train: "symbol": "XAUUSD",
2026-07-25 23:12:13,684 [INFO]   train: "tf": "D1",
2026-07-25 23:12:13,684 [INFO]   train: "status": "skip",
2026-07-25 23:12:13,684 [INFO]   train: "signals": 41,
2026-07-25 23:12:13,684 [INFO]   train: "message": "Only 41 resolved signals for XAUUSD_D1. Need 150."
2026-07-25 23:12:13,684 [INFO]   train: }
2026-07-25 23:12:13,684 [INFO]   XAUUSD_D1: PASS Brier=?, AUC=?
2026-07-25 23:12:13,684 [INFO]   XAUUSD_H1: will train — forced
2026-07-25 23:12:13,684 [INFO] Training XAUUSD H1...
2026-07-25 23:12:13,685 [DEBUG] Command: C:\Users\Administrator\AppData\Local\Programs\Python\Python314\python.exe D:\Thanh\Forex\RSI_Advanced\tools\rsi_xgboost_train.py --data-dir C:\Users\Administrator\AppData\Roaming\MetaQuotes\Terminal\3773AE10556A00F3D812544D7EDDAB90\MQL4\Files\RSI_Advanced_Logs C:\Users\Administrator\AppData\Roaming\MetaQuotes\Terminal\2191F4A3D14D7B4B1EBB84F924777883\MQL4\Files\RSI_Advanced_Logs C:\Users\Administrator\AppData\Roaming\MetaQuotes\Terminal\6F841180CC7A5B4E481813CAFF4002B0\MQL4\Files\RSI_Advanced_Logs...
2026-07-25 23:12:15,973 [INFO]   train: ============================================================
2026-07-25 23:12:15,973 [INFO]   train: Training model: XAUUSD_H1
2026-07-25 23:12:15,973 [INFO]   train: ============================================================
2026-07-25 23:12:15,974 [INFO]   train: Loading CSVs from 5 director(ies)
2026-07-25 23:12:15,974 [INFO]   train: Filter: symbol=XAUUSD
2026-07-25 23:12:15,974 [INFO]   train: Filter: tf=H1
2026-07-25 23:12:15,974 [INFO]   train: Signals: 594 rows
2026-07-25 23:12:15,974 [INFO]   train: Scoring: 331 rows
2026-07-25 23:12:15,974 [INFO]   train: Outcomes: 702 rows
2026-07-25 23:12:15,974 [INFO]   train: Resolved outcomes: 67
2026-07-25 23:12:15,974 [INFO]   train: Merged (joined): 67 rows
2026-07-25 23:12:15,974 [INFO]   train: SKIP: Only 67 resolved signals for XAUUSD_H1. Need 150.
2026-07-25 23:12:15,974 [INFO]   train: {
2026-07-25 23:12:15,974 [INFO]   train: "symbol": "XAUUSD",
2026-07-25 23:12:15,974 [INFO]   train: "tf": "H1",
2026-07-25 23:12:15,974 [INFO]   train: "status": "skip",
2026-07-25 23:12:15,974 [INFO]   train: "signals": 67,
2026-07-25 23:12:15,974 [INFO]   train: "message": "Only 67 resolved signals for XAUUSD_H1. Need 150."
2026-07-25 23:12:15,974 [INFO]   train: }
2026-07-25 23:12:15,974 [INFO]   XAUUSD_H1: PASS Brier=?, AUC=?
2026-07-25 23:12:15,974 [INFO]   XAUUSD_H4: will train — forced
2026-07-25 23:12:15,974 [INFO] Training XAUUSD H4...
2026-07-25 23:12:15,974 [DEBUG] Command: C:\Users\Administrator\AppData\Local\Programs\Python\Python314\python.exe D:\Thanh\Forex\RSI_Advanced\tools\rsi_xgboost_train.py --data-dir C:\Users\Administrator\AppData\Roaming\MetaQuotes\Terminal\3773AE10556A00F3D812544D7EDDAB90\MQL4\Files\RSI_Advanced_Logs C:\Users\Administrator\AppData\Roaming\MetaQuotes\Terminal\2191F4A3D14D7B4B1EBB84F924777883\MQL4\Files\RSI_Advanced_Logs C:\Users\Administrator\AppData\Roaming\MetaQuotes\Terminal\6F841180CC7A5B4E481813CAFF4002B0\MQL4\Files\RSI_Advanced_Logs...
2026-07-25 23:12:18,414 [INFO]   train: ============================================================
2026-07-25 23:12:18,414 [INFO]   train: Training model: XAUUSD_H4
2026-07-25 23:12:18,414 [INFO]   train: ============================================================
2026-07-25 23:12:18,414 [INFO]   train: Loading CSVs from 5 director(ies)
2026-07-25 23:12:18,414 [INFO]   train: Filter: symbol=XAUUSD
2026-07-25 23:12:18,414 [INFO]   train: Filter: tf=H4
2026-07-25 23:12:18,415 [INFO]   train: Signals: 130 rows
2026-07-25 23:12:18,415 [INFO]   train: Scoring: 103 rows
2026-07-25 23:12:18,415 [INFO]   train: Outcomes: 210 rows
2026-07-25 23:12:18,415 [INFO]   train: Resolved outcomes: 80
2026-07-25 23:12:18,415 [INFO]   train: Merged (joined): 80 rows
2026-07-25 23:12:18,415 [INFO]   train: SKIP: Only 80 resolved signals for XAUUSD_H4. Need 150.
2026-07-25 23:12:18,415 [INFO]   train: {
2026-07-25 23:12:18,415 [INFO]   train: "symbol": "XAUUSD",
2026-07-25 23:12:18,415 [INFO]   train: "tf": "H4",
2026-07-25 23:12:18,415 [INFO]   train: "status": "skip",
2026-07-25 23:12:18,415 [INFO]   train: "signals": 80,
2026-07-25 23:12:18,415 [INFO]   train: "message": "Only 80 resolved signals for XAUUSD_H4. Need 150."
2026-07-25 23:12:18,415 [INFO]   train: }
2026-07-25 23:12:18,415 [INFO]   XAUUSD_H4: PASS Brier=?, AUC=?
2026-07-25 23:12:18,415 [INFO]   XAUUSD_M15: will train — forced
2026-07-25 23:12:18,416 [INFO] Training XAUUSD M15...
2026-07-25 23:12:18,416 [DEBUG] Command: C:\Users\Administrator\AppData\Local\Programs\Python\Python314\python.exe D:\Thanh\Forex\RSI_Advanced\tools\rsi_xgboost_train.py --data-dir C:\Users\Administrator\AppData\Roaming\MetaQuotes\Terminal\3773AE10556A00F3D812544D7EDDAB90\MQL4\Files\RSI_Advanced_Logs C:\Users\Administrator\AppData\Roaming\MetaQuotes\Terminal\2191F4A3D14D7B4B1EBB84F924777883\MQL4\Files\RSI_Advanced_Logs C:\Users\Administrator\AppData\Roaming\MetaQuotes\Terminal\6F841180CC7A5B4E481813CAFF4002B0\MQL4\Files\RSI_Advanced_Logs...
2026-07-25 23:12:21,174 [INFO]   train: DIR_BIN                   0.1007
2026-07-25 23:12:21,175 [INFO]   train: DOW_SIN                   0.0894
2026-07-25 23:12:21,175 [INFO]   train: HOUR_SIN                  0.0872
2026-07-25 23:12:21,175 [INFO]   train: SESSION_ENC               0.0863
2026-07-25 23:12:21,175 [INFO]   train: TIME_IN_SESSION_MIN       0.0847
2026-07-25 23:12:21,175 [INFO]   train: ATR_RATIO                 0.0679
2026-07-25 23:12:21,175 [INFO]   train: PASS: OOS Brier 0.2321 < 0.25
2026-07-25 23:12:21,175 [INFO]   train: FAIL: OOS AUC 0.4388 <= 0.55 (minimal discrimination)
2026-07-25 23:12:21,175 [INFO]   train: WARN: Calibration curve not monotonic (may be noise with small data)
2026-07-25 23:12:21,175 [INFO]   train: Saved calibration plot: D:\Thanh\Forex\RSI_Advanced\tools\xgb_calibration_XAUUSD_M15.png
2026-07-25 23:12:21,175 [INFO]   train: {
2026-07-25 23:12:21,175 [INFO]   train: "symbol": "XAUUSD",
2026-07-25 23:12:21,176 [INFO]   train: "tf": "M15",
2026-07-25 23:12:21,176 [INFO]   train: "status": "fail",
2026-07-25 23:12:21,176 [INFO]   train: "signals": 185,
2026-07-25 23:12:21,176 [INFO]   train: "brier": 0.2321,
2026-07-25 23:12:21,176 [INFO]   train: "auc": 0.4388,
2026-07-25 23:12:21,176 [INFO]   train: "message": "Validation failed"
2026-07-25 23:12:21,176 [INFO]   train: }
2026-07-25 23:12:21,176 [INFO]   XAUUSD_M15: FAIL Brier=? — validation failed
2026-07-25 23:12:21,176 [INFO]   XAUUSD_M30: will train — forced
2026-07-25 23:12:21,176 [INFO] Training XAUUSD M30...
2026-07-25 23:12:21,176 [DEBUG] Command: C:\Users\Administrator\AppData\Local\Programs\Python\Python314\python.exe D:\Thanh\Forex\RSI_Advanced\tools\rsi_xgboost_train.py --data-dir C:\Users\Administrator\AppData\Roaming\MetaQuotes\Terminal\3773AE10556A00F3D812544D7EDDAB90\MQL4\Files\RSI_Advanced_Logs C:\Users\Administrator\AppData\Roaming\MetaQuotes\Terminal\2191F4A3D14D7B4B1EBB84F924777883\MQL4\Files\RSI_Advanced_Logs C:\Users\Administrator\AppData\Roaming\MetaQuotes\Terminal\6F841180CC7A5B4E481813CAFF4002B0\MQL4\Files\RSI_Advanced_Logs...
2026-07-25 23:12:23,425 [INFO]   train: ============================================================
2026-07-25 23:12:23,425 [INFO]   train: Training model: XAUUSD_M30
2026-07-25 23:12:23,425 [INFO]   train: ============================================================
2026-07-25 23:12:23,425 [INFO]   train: Loading CSVs from 5 director(ies)
2026-07-25 23:12:23,426 [INFO]   train: Filter: symbol=XAUUSD
2026-07-25 23:12:23,426 [INFO]   train: Filter: tf=M30
2026-07-25 23:12:23,426 [INFO]   train: Signals: 235 rows
2026-07-25 23:12:23,426 [INFO]   train: Scoring: 62 rows
2026-07-25 23:12:23,426 [INFO]   train: Outcomes: 307 rows
2026-07-25 23:12:23,426 [INFO]   train: Resolved outcomes: 72
2026-07-25 23:12:23,426 [INFO]   train: Merged (joined): 72 rows
2026-07-25 23:12:23,426 [INFO]   train: SKIP: Only 72 resolved signals for XAUUSD_M30. Need 150.
2026-07-25 23:12:23,426 [INFO]   train: {
2026-07-25 23:12:23,426 [INFO]   train: "symbol": "XAUUSD",
2026-07-25 23:12:23,426 [INFO]   train: "tf": "M30",
2026-07-25 23:12:23,426 [INFO]   train: "status": "skip",
2026-07-25 23:12:23,426 [INFO]   train: "signals": 72,
2026-07-25 23:12:23,426 [INFO]   train: "message": "Only 72 resolved signals for XAUUSD_M30. Need 150."
2026-07-25 23:12:23,426 [INFO]   train: }
2026-07-25 23:12:23,426 [INFO]   XAUUSD_M30: PASS Brier=?, AUC=?
2026-07-25 23:12:23,426 [INFO]   XAUUSD_M5: will train — forced
2026-07-25 23:12:23,426 [INFO] Training XAUUSD M5...
2026-07-25 23:12:23,426 [DEBUG] Command: C:\Users\Administrator\AppData\Local\Programs\Python\Python314\python.exe D:\Thanh\Forex\RSI_Advanced\tools\rsi_xgboost_train.py --data-dir C:\Users\Administrator\AppData\Roaming\MetaQuotes\Terminal\3773AE10556A00F3D812544D7EDDAB90\MQL4\Files\RSI_Advanced_Logs C:\Users\Administrator\AppData\Roaming\MetaQuotes\Terminal\2191F4A3D14D7B4B1EBB84F924777883\MQL4\Files\RSI_Advanced_Logs C:\Users\Administrator\AppData\Roaming\MetaQuotes\Terminal\6F841180CC7A5B4E481813CAFF4002B0\MQL4\Files\RSI_Advanced_Logs...
2026-07-25 23:12:26,048 [INFO]   train: RSI_AT_SIGNAL             0.0713
2026-07-25 23:12:26,048 [INFO]   train: HOUR_SIN                  0.0679
2026-07-25 23:12:26,048 [INFO]   train: SPREAD_RATIO              0.0665
2026-07-25 23:12:26,048 [INFO]   train: SPREAD_PIPS               0.0631
2026-07-25 23:12:26,048 [INFO]   train: ANGLE_Z                   0.0625
2026-07-25 23:12:26,048 [INFO]   train: MTF_H1_TREND              0.0617
2026-07-25 23:12:26,049 [INFO]   train: FAIL: OOS Brier 0.2518 >= 0.25 (no skill)
2026-07-25 23:12:26,049 [INFO]   train: FAIL: OOS AUC 0.4761 <= 0.55 (minimal discrimination)
2026-07-25 23:12:26,049 [INFO]   train: WARN: Calibration curve not monotonic (may be noise with small data)
2026-07-25 23:12:26,049 [INFO]   train: Saved calibration plot: D:\Thanh\Forex\RSI_Advanced\tools\xgb_calibration_XAUUSD_M5.png
2026-07-25 23:12:26,049 [INFO]   train: {
2026-07-25 23:12:26,049 [INFO]   train: "symbol": "XAUUSD",
2026-07-25 23:12:26,049 [INFO]   train: "tf": "M5",
2026-07-25 23:12:26,049 [INFO]   train: "status": "fail",
2026-07-25 23:12:26,049 [INFO]   train: "signals": 408,
2026-07-25 23:12:26,049 [INFO]   train: "brier": 0.2518,
2026-07-25 23:12:26,049 [INFO]   train: "auc": 0.4761,
2026-07-25 23:12:26,049 [INFO]   train: "message": "Validation failed"
2026-07-25 23:12:26,049 [INFO]   train: }
2026-07-25 23:12:26,049 [INFO]   XAUUSD_M5: FAIL Brier=? — validation failed
2026-07-25 23:12:26,049 [INFO]   XAUUSDc_D1: will train — forced
2026-07-25 23:12:26,050 [INFO] Training XAUUSDc D1...
2026-07-25 23:12:26,050 [DEBUG] Command: C:\Users\Administrator\AppData\Local\Programs\Python\Python314\python.exe D:\Thanh\Forex\RSI_Advanced\tools\rsi_xgboost_train.py --data-dir C:\Users\Administrator\AppData\Roaming\MetaQuotes\Terminal\3773AE10556A00F3D812544D7EDDAB90\MQL4\Files\RSI_Advanced_Logs C:\Users\Administrator\AppData\Roaming\MetaQuotes\Terminal\2191F4A3D14D7B4B1EBB84F924777883\MQL4\Files\RSI_Advanced_Logs C:\Users\Administrator\AppData\Roaming\MetaQuotes\Terminal\6F841180CC7A5B4E481813CAFF4002B0\MQL4\Files\RSI_Advanced_Logs...
2026-07-25 23:12:28,321 [INFO]   train: ============================================================
2026-07-25 23:12:28,322 [INFO]   train: Training model: XAUUSDc_D1
2026-07-25 23:12:28,322 [INFO]   train: ============================================================
2026-07-25 23:12:28,322 [INFO]   train: Loading CSVs from 5 director(ies)
2026-07-25 23:12:28,322 [INFO]   train: Filter: symbol=XAUUSDc
2026-07-25 23:12:28,322 [INFO]   train: Filter: tf=D1
2026-07-25 23:12:28,322 [INFO]   train: Signals: 78 rows
2026-07-25 23:12:28,322 [INFO]   train: Scoring: 128 rows
2026-07-25 23:12:28,322 [INFO]   train: Outcomes: 137 rows
2026-07-25 23:12:28,322 [INFO]   train: Resolved outcomes: 59
2026-07-25 23:12:28,322 [INFO]   train: Merged (joined): 59 rows
2026-07-25 23:12:28,322 [INFO]   train: SKIP: Only 59 resolved signals for XAUUSDc_D1. Need 150.
2026-07-25 23:12:28,323 [INFO]   train: {
2026-07-25 23:12:28,323 [INFO]   train: "symbol": "XAUUSDc",
2026-07-25 23:12:28,323 [INFO]   train: "tf": "D1",
2026-07-25 23:12:28,323 [INFO]   train: "status": "skip",
2026-07-25 23:12:28,323 [INFO]   train: "signals": 59,
2026-07-25 23:12:28,323 [INFO]   train: "message": "Only 59 resolved signals for XAUUSDc_D1. Need 150."
2026-07-25 23:12:28,323 [INFO]   train: }
2026-07-25 23:12:28,323 [INFO]   XAUUSDc_D1: PASS Brier=?, AUC=?
2026-07-25 23:12:28,323 [INFO]   XAUUSDc_H1: will train — forced
2026-07-25 23:12:28,323 [INFO] Training XAUUSDc H1...
2026-07-25 23:12:28,323 [DEBUG] Command: C:\Users\Administrator\AppData\Local\Programs\Python\Python314\python.exe D:\Thanh\Forex\RSI_Advanced\tools\rsi_xgboost_train.py --data-dir C:\Users\Administrator\AppData\Roaming\MetaQuotes\Terminal\3773AE10556A00F3D812544D7EDDAB90\MQL4\Files\RSI_Advanced_Logs C:\Users\Administrator\AppData\Roaming\MetaQuotes\Terminal\2191F4A3D14D7B4B1EBB84F924777883\MQL4\Files\RSI_Advanced_Logs C:\Users\Administrator\AppData\Roaming\MetaQuotes\Terminal\6F841180CC7A5B4E481813CAFF4002B0\MQL4\Files\RSI_Advanced_Logs...
2026-07-25 23:12:30,505 [INFO]   train: ============================================================
2026-07-25 23:12:30,505 [INFO]   train: Training model: XAUUSDc_H1
2026-07-25 23:12:30,505 [INFO]   train: ============================================================
2026-07-25 23:12:30,505 [INFO]   train: Loading CSVs from 5 director(ies)
2026-07-25 23:12:30,505 [INFO]   train: Filter: symbol=XAUUSDc
2026-07-25 23:12:30,506 [INFO]   train: Filter: tf=H1
2026-07-25 23:12:30,506 [INFO]   train: Signals: 317 rows
2026-07-25 23:12:30,506 [INFO]   train: Scoring: 1644 rows
2026-07-25 23:12:30,506 [INFO]   train: Outcomes: 408 rows
2026-07-25 23:12:30,506 [INFO]   train: Resolved outcomes: 87
2026-07-25 23:12:30,506 [INFO]   train: Merged (joined): 87 rows
2026-07-25 23:12:30,506 [INFO]   train: SKIP: Only 87 resolved signals for XAUUSDc_H1. Need 150.
2026-07-25 23:12:30,506 [INFO]   train: {
2026-07-25 23:12:30,506 [INFO]   train: "symbol": "XAUUSDc",
2026-07-25 23:12:30,506 [INFO]   train: "tf": "H1",
2026-07-25 23:12:30,506 [INFO]   train: "status": "skip",
2026-07-25 23:12:30,506 [INFO]   train: "signals": 87,
2026-07-25 23:12:30,506 [INFO]   train: "message": "Only 87 resolved signals for XAUUSDc_H1. Need 150."
2026-07-25 23:12:30,506 [INFO]   train: }
2026-07-25 23:12:30,506 [INFO]   XAUUSDc_H1: PASS Brier=?, AUC=?
2026-07-25 23:12:30,506 [INFO]   XAUUSDc_H4: will train — forced
2026-07-25 23:12:30,506 [INFO] Training XAUUSDc H4...
2026-07-25 23:12:30,506 [DEBUG] Command: C:\Users\Administrator\AppData\Local\Programs\Python\Python314\python.exe D:\Thanh\Forex\RSI_Advanced\tools\rsi_xgboost_train.py --data-dir C:\Users\Administrator\AppData\Roaming\MetaQuotes\Terminal\3773AE10556A00F3D812544D7EDDAB90\MQL4\Files\RSI_Advanced_Logs C:\Users\Administrator\AppData\Roaming\MetaQuotes\Terminal\2191F4A3D14D7B4B1EBB84F924777883\MQL4\Files\RSI_Advanced_Logs C:\Users\Administrator\AppData\Roaming\MetaQuotes\Terminal\6F841180CC7A5B4E481813CAFF4002B0\MQL4\Files\RSI_Advanced_Logs...
2026-07-25 23:12:32,696 [INFO]   train: ============================================================
2026-07-25 23:12:32,696 [INFO]   train: Training model: XAUUSDc_H4
2026-07-25 23:12:32,696 [INFO]   train: ============================================================
2026-07-25 23:12:32,696 [INFO]   train: Loading CSVs from 5 director(ies)
2026-07-25 23:12:32,696 [INFO]   train: Filter: symbol=XAUUSDc
2026-07-25 23:12:32,696 [INFO]   train: Filter: tf=H4
2026-07-25 23:12:32,696 [INFO]   train: Signals: 226 rows
2026-07-25 23:12:32,697 [INFO]   train: Scoring: 670 rows
2026-07-25 23:12:32,697 [INFO]   train: Outcomes: 305 rows
2026-07-25 23:12:32,697 [INFO]   train: Resolved outcomes: 79
2026-07-25 23:12:32,697 [INFO]   train: Merged (joined): 79 rows
2026-07-25 23:12:32,697 [INFO]   train: SKIP: Only 79 resolved signals for XAUUSDc_H4. Need 150.
2026-07-25 23:12:32,697 [INFO]   train: {
2026-07-25 23:12:32,697 [INFO]   train: "symbol": "XAUUSDc",
2026-07-25 23:12:32,697 [INFO]   train: "tf": "H4",
2026-07-25 23:12:32,697 [INFO]   train: "status": "skip",
2026-07-25 23:12:32,697 [INFO]   train: "signals": 79,
2026-07-25 23:12:32,697 [INFO]   train: "message": "Only 79 resolved signals for XAUUSDc_H4. Need 150."
2026-07-25 23:12:32,697 [INFO]   train: }
2026-07-25 23:12:32,697 [INFO]   XAUUSDc_H4: PASS Brier=?, AUC=?
2026-07-25 23:12:32,697 [INFO]   XAUUSDc_M15: will train — forced
2026-07-25 23:12:32,697 [INFO] Training XAUUSDc M15...
2026-07-25 23:12:32,697 [DEBUG] Command: C:\Users\Administrator\AppData\Local\Programs\Python\Python314\python.exe D:\Thanh\Forex\RSI_Advanced\tools\rsi_xgboost_train.py --data-dir C:\Users\Administrator\AppData\Roaming\MetaQuotes\Terminal\3773AE10556A00F3D812544D7EDDAB90\MQL4\Files\RSI_Advanced_Logs C:\Users\Administrator\AppData\Roaming\MetaQuotes\Terminal\2191F4A3D14D7B4B1EBB84F924777883\MQL4\Files\RSI_Advanced_Logs C:\Users\Administrator\AppData\Roaming\MetaQuotes\Terminal\6F841180CC7A5B4E481813CAFF4002B0\MQL4\Files\RSI_Advanced_Logs...
2026-07-25 23:12:34,873 [INFO]   train: ============================================================
2026-07-25 23:12:34,873 [INFO]   train: Training model: XAUUSDc_M15
2026-07-25 23:12:34,873 [INFO]   train: ============================================================
2026-07-25 23:12:34,873 [INFO]   train: Loading CSVs from 5 director(ies)
2026-07-25 23:12:34,873 [INFO]   train: Filter: symbol=XAUUSDc
2026-07-25 23:12:34,873 [INFO]   train: Filter: tf=M15
2026-07-25 23:12:34,873 [INFO]   train: Signals: 376 rows
2026-07-25 23:12:34,873 [INFO]   train: Scoring: 3089 rows
2026-07-25 23:12:34,873 [INFO]   train: Outcomes: 505 rows
2026-07-25 23:12:34,873 [INFO]   train: Resolved outcomes: 73
2026-07-25 23:12:34,873 [INFO]   train: Merged (joined): 73 rows
2026-07-25 23:12:34,873 [INFO]   train: SKIP: Only 73 resolved signals for XAUUSDc_M15. Need 150.
2026-07-25 23:12:34,873 [INFO]   train: {
2026-07-25 23:12:34,873 [INFO]   train: "symbol": "XAUUSDc",
2026-07-25 23:12:34,874 [INFO]   train: "tf": "M15",
2026-07-25 23:12:34,874 [INFO]   train: "status": "skip",
2026-07-25 23:12:34,874 [INFO]   train: "signals": 73,
2026-07-25 23:12:34,874 [INFO]   train: "message": "Only 73 resolved signals for XAUUSDc_M15. Need 150."
2026-07-25 23:12:34,874 [INFO]   train: }
2026-07-25 23:12:34,874 [INFO]   XAUUSDc_M15: PASS Brier=?, AUC=?
2026-07-25 23:12:34,874 [INFO]   XAUUSDc_M30: will train — forced
2026-07-25 23:12:34,874 [INFO] Training XAUUSDc M30...
2026-07-25 23:12:34,874 [DEBUG] Command: C:\Users\Administrator\AppData\Local\Programs\Python\Python314\python.exe D:\Thanh\Forex\RSI_Advanced\tools\rsi_xgboost_train.py --data-dir C:\Users\Administrator\AppData\Roaming\MetaQuotes\Terminal\3773AE10556A00F3D812544D7EDDAB90\MQL4\Files\RSI_Advanced_Logs C:\Users\Administrator\AppData\Roaming\MetaQuotes\Terminal\2191F4A3D14D7B4B1EBB84F924777883\MQL4\Files\RSI_Advanced_Logs C:\Users\Administrator\AppData\Roaming\MetaQuotes\Terminal\6F841180CC7A5B4E481813CAFF4002B0\MQL4\Files\RSI_Advanced_Logs...
2026-07-25 23:12:37,005 [INFO]   train: ============================================================
2026-07-25 23:12:37,006 [INFO]   train: Training model: XAUUSDc_M30
2026-07-25 23:12:37,006 [INFO]   train: ============================================================
2026-07-25 23:12:37,006 [INFO]   train: Loading CSVs from 5 director(ies)
2026-07-25 23:12:37,006 [INFO]   train: Filter: symbol=XAUUSDc
2026-07-25 23:12:37,006 [INFO]   train: Filter: tf=M30
2026-07-25 23:12:37,006 [INFO]   train: Signals: 331 rows
2026-07-25 23:12:37,006 [INFO]   train: Scoring: 2402 rows
2026-07-25 23:12:37,006 [INFO]   train: Outcomes: 449 rows
2026-07-25 23:12:37,006 [INFO]   train: Resolved outcomes: 115
2026-07-25 23:12:37,006 [INFO]   train: Merged (joined): 115 rows
2026-07-25 23:12:37,006 [INFO]   train: SKIP: Only 115 resolved signals for XAUUSDc_M30. Need 150.
2026-07-25 23:12:37,006 [INFO]   train: {
2026-07-25 23:12:37,006 [INFO]   train: "symbol": "XAUUSDc",
2026-07-25 23:12:37,006 [INFO]   train: "tf": "M30",
2026-07-25 23:12:37,006 [INFO]   train: "status": "skip",
2026-07-25 23:12:37,006 [INFO]   train: "signals": 115,
2026-07-25 23:12:37,006 [INFO]   train: "message": "Only 115 resolved signals for XAUUSDc_M30. Need 150."
2026-07-25 23:12:37,006 [INFO]   train: }
2026-07-25 23:12:37,006 [INFO]   XAUUSDc_M30: PASS Brier=?, AUC=?
2026-07-25 23:12:37,007 [INFO]   XAUUSDc_M5: will train — forced
2026-07-25 23:12:37,007 [INFO] Training XAUUSDc M5...
2026-07-25 23:12:37,007 [DEBUG] Command: C:\Users\Administrator\AppData\Local\Programs\Python\Python314\python.exe D:\Thanh\Forex\RSI_Advanced\tools\rsi_xgboost_train.py --data-dir C:\Users\Administrator\AppData\Roaming\MetaQuotes\Terminal\3773AE10556A00F3D812544D7EDDAB90\MQL4\Files\RSI_Advanced_Logs C:\Users\Administrator\AppData\Roaming\MetaQuotes\Terminal\2191F4A3D14D7B4B1EBB84F924777883\MQL4\Files\RSI_Advanced_Logs C:\Users\Administrator\AppData\Roaming\MetaQuotes\Terminal\6F841180CC7A5B4E481813CAFF4002B0\MQL4\Files\RSI_Advanced_Logs...
2026-07-25 23:12:39,123 [INFO]   train: ============================================================
2026-07-25 23:12:39,123 [INFO]   train: Training model: XAUUSDc_M5
2026-07-25 23:12:39,123 [INFO]   train: ============================================================
2026-07-25 23:12:39,123 [INFO]   train: Loading CSVs from 5 director(ies)
2026-07-25 23:12:39,123 [INFO]   train: Filter: symbol=XAUUSDc
2026-07-25 23:12:39,124 [INFO]   train: Filter: tf=M5
2026-07-25 23:12:39,124 [INFO]   train: Signals: 185 rows
2026-07-25 23:12:39,124 [INFO]   train: Scoring: 2549 rows
2026-07-25 23:12:39,124 [INFO]   train: Outcomes: 323 rows
2026-07-25 23:12:39,124 [INFO]   train: Resolved outcomes: 105
2026-07-25 23:12:39,124 [INFO]   train: Merged (joined): 105 rows
2026-07-25 23:12:39,124 [INFO]   train: SKIP: Only 105 resolved signals for XAUUSDc_M5. Need 150.
2026-07-25 23:12:39,124 [INFO]   train: {
2026-07-25 23:12:39,124 [INFO]   train: "symbol": "XAUUSDc",
2026-07-25 23:12:39,124 [INFO]   train: "tf": "M5",
2026-07-25 23:12:39,124 [INFO]   train: "status": "skip",
2026-07-25 23:12:39,124 [INFO]   train: "signals": 105,
2026-07-25 23:12:39,124 [INFO]   train: "message": "Only 105 resolved signals for XAUUSDc_M5. Need 150."
2026-07-25 23:12:39,124 [INFO]   train: }
2026-07-25 23:12:39,124 [INFO]   XAUUSDc_M5: PASS Brier=?, AUC=?
2026-07-25 23:12:39,125 [INFO] Assembling 22 models into binary: C:\Users\Administrator\AppData\Roaming\MetaQuotes\Terminal\Common\Files\RSI_Advanced\XGBModels.bin
2026-07-25 23:12:39,589 [WARNING] No models assembled — all re-training failed
2026-07-25 23:12:39,589 [INFO] XGBModels.bin updated with 22 models
2026-07-25 23:12:39,589 [INFO] NOTIFY: XGB: 22 model(s) updated — BTCUSD D1 Brier=?, BTCUSD H4 Brier=?, BTCUSD M15 Brier=?, BTCUSD M30 Brier=?, EURUSD H4 Brier=?, EURUSDc D1 Brier=?, EURUSDc H1 Brier=?, EURUSDc H4 Brier=?, EURUSDc M15 Brier=?, EURUSDc M30 Brier=?, GBPUSD H1 Brier=?, GBPUSD H4 Brier=?, XAUUSD D1 Brier=?, XAUUSD H1 Brier=?, XAUUSD H4 Brier=?, XAUUSD M30 Brier=?, XAUUSDc D1 Brier=?, XAUUSDc H1 Brier=?, XAUUSDc H4 Brier=?, XAUUSDc M15 Brier=?, XAUUSDc M30 Brier=?, XAUUSDc M5 Brier=?
Models auto-loaded, no recompile needed.
